"","Aspartate","Guanidinoacetate","Glutamine","Glutamate","Pyroglutamine","Cysteine_glutathione_disulfide","Cys_gly_oxidized","Pipecolate","S_adenosylhomocysteine","N_acetyltaurine","Hydroxybutyrate_hydroxyisobutyrate_2","Taurine","N_acetylmethionine","Bromotryptophan_5","Citrulline","Erythronate","Mannose","Fructose","Anhydroglucitol_1_5","Glucose","Ribonate","Arabonate_xylonate","Oxalate","Malate","Palmitoyl_linoleoyl_glycerol","Palmitoylcholine","Hydroxydecanoate_3","Hydroxyoctanoate_3","Hydroxymyristate_3","Hydroxylaurate_3","Hydroxybutyrate_3","Linoleoyl_GPC","Stearoyl_GPC","Stearoyl_GPI","Enyl_palmitoyl_GPC","Enyl_oleoyl_GPE","Enyl_palmitoyl_GPE","Arachidonoylcholine","Oleoylcholine","Dihomo_linolenoyl_choline","Distearoyl_GPC","Docosahexaenoylcholine","Palmitoyl_arachidonoyl_GPE","Palmitoyl_oleoyl_GPE","GPC","Enyl_palmitoyl_palmitoleoyl_GPC","Enyl_palmitoyl_oleoyl_GPC","Enyl_palmitoyl_linoleoyl_GPC","Enyl_palmitoyl_palmitoyl_GPC","Sphingomyelin_d18_2_14_0","Sphingomyelin_d18_2_24_1","Lactosyl_N_palmitoyl_sphingosine","Sphingosine","Sphingomyelin_d18_1_24_1","Sphingomyelin_d18_1_20_1","Sphingomyelin_d18_2_23_0","Sphingomyelin_d18_2_16_0","Sphingomyelin_d18_1_22_1","Palmitoyl_sphingomyelin","Palmitoyl_dihydrosphingomyelin","Inosine","Methylguanine_7","Dihydroorotate","Aminoisobutyrate_3","Deoxyuridine_2","Leucylalanine","Fibrinogen_cleavage_peptide","Gluconate","Valine","Leucine","Isoleucine","Alanine","Serine","Glycine","Threonine","Phenylalanine","Tyrosine","Tryptophan","Histidine","Lysine","Arginine","Proline","Ornithine","Homocysteine","Cystine","Asparagine","Lactate","Pyruvate","Xylitol","Sorbitol","Maltose","Cholesterol","Choline","Palmitate","Stearate","Oleate","Linoleate","Arachidonate","Docosahexaenoate","Eicosapentaenoate","Myristate","Palmitoleate","Carnitine","Acetylcarnitine","Propionylcarnitine","Cholate","Deoxycholate","Glycocholate","Taurocholate","Adenosine","Guanosine","Uridine","Cytidine","Hypoxanthine","Xanthosine","Uric_acid","Allantoin","Nicotinamide","Pantothenate","Riboflavin","Pyridoxal","Thiamine","Ascorbate","Alpha_tocopherol","Gamma_glutamylalanine","Gamma_glutamylglutamate","Cysteinylglycine","Caffeine","Paraxanthine","Theobromine","Hippurate","Salicylate","Citrate","Succinate","Fumarate","Alpha_ketoglutarate"
"Aspartate",1,0.149021862641094,-0.413663749107036,0.0271125926068492,-0.0112429679888709,-0.241627303718688,-0.369995184001185,0.267525217526734,0.285293825651873,0.288446873818824,-0.430966137370558,-0.0668076946204746,-0.140645425269465,-0.267731429775146,0.606732103769011,-0.388077420357777,-0.0417494272673651,0.211796979474158,0.0771999919035437,-0.290864385799772,0.515141240832721,0.0219568943138455,-0.381042062353657,0.47978249756052,0.254513391998565,-0.130848959089046,-0.201272384130939,0.0235304189121378,-0.270105656871363,0.0913466694430731,0.247499731125917,0.120822922783259,-0.0295605754354158,-0.0880641314485084,-0.161407129954508,-0.0445235728092482,0.343238726476156,-0.0252823589389799,0.0910013850634748,-0.279041158341628,0.347432991059386,0.166978512960971,-0.114976329090227,0.085879097834218,0.224137789608172,0.135343256981676,0.358718989990528,-0.470315060309535,0.243636620162933,-0.0689911186710069,0.197454163499191,0.0625824851337103,0.236460613512685,0.186929884331692,-0.0759945012977043,-0.356883391029166,-0.131965138113933,0.357229470028711,-0.294459012685766,-0.0151757702108437,0.0640475107311312,-0.11738724048807,0.0470834674411898,-0.0101198098529617,0.116395435762957,0.0313025002193323,-0.243954330083694,-0.0865336293859097,0.121951384189711,-0.126579383865131,0.224502876437852,0.0140921392478016,-0.214880780414602,-0.0901153650762168,-0.286255149542665,0.123806659056326,0.0243590836304263,0.249714080312644,-0.34170213209658,0.051383755445389,0.346235725320132,-0.102622155501523,-0.00487974288502528,0.00420918230236071,-0.0537252450324193,0.164834997277753,-0.339234671728214,0.26577413384119,-0.197365492102464,0.0120271276072951,-0.091653358247274,0.0774897218645609,-0.0959833359114515,-0.415585650956361,0.0376569673806317,0.261746952561526,0.184063487315599,-0.42354004141389,0.119033849418693,-0.221636866345956,0.173148777649328,0.34865995898707,0.0409505638830977,0.247217009293064,-0.39755983763696,-0.05541385715707,0.205746149752504,0.160051318401924,-0.258515194184464,-0.435230623065853,-0.213779305648591,-0.0524447304533202,0.00438245361105461,-0.107023287378718,0.179593380601791,0.351667863695043,-0.154034393518537,0.247486658643176,0.356092007996967,-0.0767909597434383,0.0771378924646587,-0.0321155232038616,0.0192540242528431,-0.45975471356753,-0.371372119701996,-0.191832836618953,-0.0779571514403691,0.143078549441026,-0.64284928621,-0.335465583927354,0.030959538011678,-0.305303500364484,0.0601495525431728,0.355953662363145,0.450312804578523,-0.232317938187896
"Guanidinoacetate",0.149021862641089,1,-0.0797827479233519,-0.223056934318483,-0.212991380163267,-0.0564322949073356,0.0943404198254394,-0.0680133953649576,-0.385951564027789,-0.205045091095036,-0.0821742268771366,-0.277371181634997,-0.0914558974342008,0.412096844189192,-0.192961004025884,0.172530392131312,0.0564704100302393,0.216137921867397,0.235786719779975,0.128052851726115,0.0144133101760301,0.0920013003085159,0.083006889986667,-0.356808837435054,0.0363414168751014,0.279702979586869,0.0154540776908591,0.0308800663645413,0.0793592214526745,0.166522137281083,-0.0532533138011645,-0.127839494722098,-0.476337747966152,0.0217131712208512,-0.115330527764659,-0.0566181787121587,-0.416552576759516,-0.145189094182673,0.154819583314474,-0.0287948959414873,-0.165120064398713,0.0623407249101206,-0.031570289011649,-0.0749901071511806,-0.192625338490453,0.106680075436525,0.0287117023215592,0.097601524864447,-0.265945423243136,0.112296380604905,0.0274488764168764,-0.0379074263302402,0.0549818264400332,0.0856683175730552,0.118838592532804,0.298612832918872,0.130046777669885,0.0229809619916912,0.434801302418456,0.0181684860952075,-0.0534009595380392,-0.00877915657847945,0.0149620607946427,-0.0333613803189355,-0.251148064601038,-0.152300986806331,0.283985923662484,-0.137035201256674,0.00197622451106362,0.169191616660579,0.00303457969799263,0.089758768450912,-0.164526973576991,-0.0320935420585411,-0.0647272509092431,-0.137050244123195,0.0718614737532636,-0.147306889530474,-0.0746727456680026,-0.33461600778113,-0.381267175391408,-0.0177429945762733,-0.0480866960814851,0.163063208765492,-0.0115125289275734,0.200483202152547,-0.0571810703230279,0.240117479707001,0.32354237632684,-0.283932376837167,0.00268130612508384,0.0129628894422379,-0.174606907701185,0.217154131435503,-0.101755168871184,-0.0991903199116153,0.0433584160725845,0.210899190859596,-0.0413137657323023,0.305103253015661,0.00789587721043712,-0.206993264555132,0.0802816115757769,0.0168458586628741,0.0850666854278073,0.00458109941432933,0.19418736964758,-0.0617270406242562,0.240557599441925,0.214990710117783,0.0131740719687583,0.253125087611597,-0.00574026411055464,-0.134735269570116,-0.342876129903049,-0.00522842660562528,0.239283342316721,-0.117977773794589,-0.0274734781859293,0.0943978622137267,0.145150056170605,-0.160433336440102,0.186727878076419,-0.00188817776154382,0.36985149232159,0.118564986323746,-0.109449665092444,-0.0107772851793573,0.203452444863646,0.0425419807018246,0.0246400818859677,0.220077105255598,-0.0781154637358516,-0.20683075335786,-0.271495916851957,0.300606254197625
"Glutamine",-0.413663749107037,-0.0797827479233372,1,-0.220144161988235,-0.367846739212901,-0.40433460177907,-0.11120636577045,0.222588806135522,-0.154976939187552,-0.195982714445215,-0.267428741157499,0.0178298374733254,-0.145680125646333,0.0420818166099546,0.198188593148731,-0.191639287256347,-0.00673186288613586,0.252860127602231,0.397864820305266,-0.169683326394229,0.284883174833851,0.0814785472708689,-0.212759917362339,0.147484892226766,0.412231694738177,0.244264752552928,-0.244845474929428,-0.16768172998639,-0.311038075650178,0.317485854762295,0.00431619862175748,-0.010022488801926,-0.292382978098241,0.296113122089217,-0.0369454694633423,-0.150466551899754,-0.161943368437256,-0.0549628524867114,0.0961308234559451,-0.331708115411145,-0.0681379770548172,0.128480802858013,0.299303315087989,0.16188105507564,-0.066309583167656,0.142486111892307,0.285279861097104,-0.400230383793871,0.132406503401145,0.0423851739356045,0.0687746727336997,0.00914210292973087,0.0980697864255733,0.296616748251785,0.0830603289656763,-0.106867887911932,0.140967062012535,0.240393622417555,0.0576947419867131,0.158223868928419,0.108961246577516,-0.161904683900819,0.209314641354097,-0.395291948627137,-0.0327820650986767,0.075330723308601,-0.0485581578495059,-0.0226135292819582,0.0508659255845323,-0.44658338512702,0.0202321992499024,-0.0985966798858356,-0.133669299788496,-0.130614659885906,-0.165780292215031,0.288485273016676,0.0798112372830729,0.332837404522036,-0.0139126751627776,-0.258655573118376,0.0305143180143832,-0.305974640714712,-0.243976462975824,0.162392814665062,-0.140478489869292,0.0204939191002478,-0.286376762768734,0.143453121681747,0.165472589177355,-0.0516108385999522,-0.0391109587850801,0.263346433683726,-0.251719569394482,-0.216083776489545,-0.0392311340753563,0.275388941209582,0.165274283659652,-0.135203143789804,-0.055660147721017,0.0238300605098303,0.226257991464581,0.0129758859664246,-0.121926630720525,0.10358146728454,-0.114473788959536,0.114337061870432,0.488037265230658,0.150734515561536,0.0051729068416019,0.0554773609047982,-0.157871520909721,0.000263846085883187,0.132253915705472,0.0734960756395913,-0.0691652286901032,0.134053900975133,0.12771927495628,0.0334386096054159,0.120273067218363,0.0647607288275889,0.220487432092465,-0.364210654460339,-0.11958579019795,-0.172280867424486,-0.377656389534367,-0.103846634136652,-0.211817852360848,0.0283586708316805,-0.331820727151994,-0.259070246954261,-0.0378180167487125,-0.183192494794404,-0.122963455522128,0.336711512864477,0.308611431329308,-0.255063550013414
"Glutamate",0.0271125926068639,-0.223056934318483,-0.220144161988237,1,-0.224040587303781,-0.205632297377111,0.0521210205985443,0.111822823168801,-0.486521632527431,-0.256141463427609,-0.0640227399603382,-0.282631504990011,0.0110498094937508,0.335323019749562,-0.0636404359277,0.345536274774742,0.397045306593426,0.156219832992529,0.329185175877471,0.0344415003813283,-0.298113792402589,-0.00252855920412583,0.00959582617572731,-0.258932938733637,0.377074256933647,0.40221254248228,-0.106683145690903,0.137237745151474,0.0207906206168377,0.156406675146862,0.0404950745925868,-0.209307820922137,-0.476433608531249,0.0555784310357076,0.0975760246975337,0.134713056205244,-0.52874967028246,-0.156695131808575,-0.00641815231834352,-0.403735626057719,-0.19757161908756,0.234032958057198,0.416679074320192,-0.198849345093706,-0.284187097110647,0.432808613670587,0.0138270499074717,0.0964583948941839,0.0444563843780353,0.0329941438591928,-0.0390416843161271,-0.173800120281395,0.294998485500475,0.160563188635225,0.263384232788416,0.140586533124067,0.44293824542587,-0.0511962390410284,0.477481241016447,0.00815520535477897,0.0282435459253615,-0.365972473467242,-0.00987669822485295,-0.318769094003453,-0.109708441423392,-0.317957015917501,0.0105075102918365,0.1068972598237,-0.223648352385119,-0.201565895619247,0.0679190456371372,0.0370393486990138,-0.00962278818330266,-0.381925417961694,0.0285960279132392,0.139342209783512,0.406355424132513,-0.245707985333568,0.01422313654931,-0.396758753520937,-0.262939539966944,-0.247212520134019,-0.180838081592028,0.0587834556356729,-0.221775015601619,0.345010396777743,-0.29022949831993,0.354712357782618,0.143462755774273,-0.20484911175788,0.0194769420824686,0.0209686603253443,-0.178607840930786,0.095506801020443,-0.0666107743772598,-0.0254801960085574,0.076527015230579,-0.0393571061062852,-0.145582396853427,0.333506771742251,-0.0564064497977064,-0.223334937896669,0.0651025168360324,-0.449869560077504,-0.0908974676725095,-0.198147420304293,0.386333728297688,0.10984898429619,0.390690464391491,0.404755900044578,-0.14282327240121,0.540605742443706,-0.206235167169225,-0.0578891588931272,-0.38163556910246,-0.0957195657225372,0.217132762518645,-0.111802967268951,-0.150554477926827,0.0632931732347116,0.177804611732266,-0.230726972837899,0.00394345893949944,0.0281717008380982,-0.109102480600932,0.0970682248809887,-0.242237809926331,-0.0797175838266062,0.267391094091142,0.00939817466218604,-0.0902470123735529,0.087699543027928,-0.257095831596383,0.0919773212794905,-0.083748867063871,0.174520584062108
"Pyroglutamine",-0.0112429679888686,-0.21299138016326,-0.367846739212897,-0.224040587303769,1,-0.249489621914149,0.228130352255545,-0.196252034178758,-0.14129461414351,-0.398197725175217,-0.131656869348408,0.0327621296915252,-0.10784910353329,0.0749966638554503,-0.172993699748693,0.0601502578981487,0.289976336408878,0.266440951227707,0.308224595290368,0.145404021120639,-0.006777776466104,0.0574221504539498,0.139823123494607,-0.161402891159442,0.310169579700606,0.310133760608738,0.000449935081372313,-0.119886080744629,-0.291044077853077,0.362351378017755,-0.129432658569386,-0.0227091109367469,-0.375539412910792,0.476889832858599,-0.00690675548915165,-0.285442190960017,-0.488272097331563,-0.305965355329465,-0.0243362223730269,-0.120413665739289,-0.259866311550944,0.070627924712454,0.43883644553547,-0.116853535921929,-0.0849188086415315,0.280953025960974,0.507801430054149,-0.236100109877457,0.078728016270667,0.387922035546052,-0.0810389162575852,-0.362065295027399,-0.0764432794150733,0.499538137598754,0.33316682159582,0.075308974500346,-0.0726406894488015,0.0883083990950139,0.186990932895907,0.158351728594963,0.0868101690322615,0.0587377103241495,0.363580307147014,-0.402522311291074,-0.111218322497988,0.181326398210202,0.0607787321953912,-0.309105097251409,0.267416224937266,-0.331104527953702,-0.145095930392254,-0.337485563382154,-0.0956492403632673,-0.139370683087363,-0.133149536108172,0.452792257255127,0.00423508892617741,0.329830913777165,0.0582931475517569,-0.25584214146076,-0.194167388578612,-0.303876109033326,-0.28921117784222,0.171961518188352,0.00457062669805823,-0.134377928124629,-0.0692921300353887,-0.133202079289661,0.473825992462892,0.0596196372706868,-0.0538733234171575,0.3929662125572,-0.363495869758113,-0.254017444194376,0.00565631456091523,0.406098460090397,-0.103701700196078,0.0195199494426441,-0.000223123744101001,0.326301237891201,0.261882773405207,-0.079724261437485,-0.290732173353631,0.00324918916434168,0.0119396387768895,0.354799895029234,0.36137944223766,0.0570070766144079,0.0143589614664776,0.282325798404435,0.0950551901908707,-0.0149198195909028,0.21914845596893,0.129374664660999,-0.261368915709509,-0.00550144208434928,0.380436049748746,-0.0981149845685935,0.069419081875909,0.139388719707963,-0.102403523636725,-0.359066414639075,-0.140369586187584,-0.263387304096504,-0.0791648036885981,-0.197648145025594,-0.476311647223833,-0.323675985526474,0.0875254795217537,-0.30255442530707,-0.311456889322067,-0.147067058892638,-0.285919185371849,0.15529763278257,-0.00613760479808507,-0.0661289362755553
"Cysteine_glutathione_disulfide",-0.241627303718686,-0.0564322949073301,-0.404334601779073,-0.205632297377119,-0.249489621914155,1,-0.00865678952589487,-0.00468198719565894,-0.0601063071215857,-0.0880805957976537,-0.218643981498336,-0.0082730936452371,-0.188516054654281,-0.109892155810781,0.279111970902918,-0.255177227121597,0.259835241566004,0.42298779542572,0.541727591698068,-0.311456763060419,0.301505741661786,-0.147399445275277,-0.202159265661718,0.144529755785264,0.231839119968948,-0.0740993446980412,-0.346798979889054,-0.0340235837610224,-0.308604130621978,0.197320686208239,0.202645339063326,-0.020596629169492,-0.198823847901346,0.131238225085046,-0.242573081531415,-0.174107724485167,-0.0958352908032976,-0.26144305757792,0.283573901491024,0.0410948147989845,-0.248569864336188,0.418482847133693,0.234788482378111,0.0129183592898391,0.0624460025821762,0.105997862181426,0.342341738926285,-0.374975489165181,0.0503643271749141,-0.00954016976906732,0.0868470279417435,-0.321925045746275,0.0100008158040555,0.423932031960216,0.238414707904785,-0.256391482400695,0.104465117972337,0.103855762833747,0.0251633426048193,-0.0126059873063866,0.0414315778333467,0.0132787731793322,0.355562765690532,-0.357822531543443,-0.385901906301584,0.15328814972531,0.155858909508448,-0.0475000981785303,0.168473805358323,-0.26749347190023,0.115999319063666,-0.113342321473042,-0.506049987051834,-0.0176512330889237,-0.0770295456671452,0.0745111238627541,0.02042674139388,0.266847183102764,-0.0674787361312813,-0.149483740436518,0.0567107110493691,-0.439365922495163,-0.354765376443776,0.163560491348385,-0.417310954390527,0.064341879211949,-0.16859894089242,0.186218351251451,0.404388012285941,-0.312206962224081,0.0559916016785542,0.455439887892393,-0.361494405692825,-0.422039398854922,0.271184606427386,0.394557570590268,0.462185439856591,-0.0603963855915971,0.109306316774986,-0.037415207412321,0.230909918685298,0.0536753909195299,-0.231080616565724,-0.066865380260417,-0.214821358643313,-0.10292775981463,0.564549700747023,0.257594944218224,-0.176228321699531,-0.0694553060992286,0.0606128374176062,0.0713209386558841,-0.0351445434193456,0.259998094135167,-0.0142309650500079,0.313153532027415,0.311813055201929,0.113690419835844,0.257801041604579,-0.272979303392998,-0.0559686838522472,-0.198691004078393,-0.151043273714074,-0.271967644753326,-0.247264443480704,-0.0278459491776555,-0.384550082382942,0.0862040379096607,-0.234881490505404,-0.148606873186792,-0.209180437687827,-0.209465373204289,-0.218963072773772,0.454148204776564,0.124186722639622,-0.0980535062288851
"Cys_gly_oxidized",-0.369995184001192,0.0943404198254437,-0.11120636577045,0.0521210205985346,0.228130352255543,-0.00865678952590148,1,0.312690107591615,0.11970923394334,0.209367634262666,-0.336522905741514,-0.21322816604777,-0.255232755344202,-0.0503095995976932,0.421322115872519,-0.172565793836306,-0.22769994309022,0.0717629860002319,0.15357110293939,-0.275468508385606,0.301022009084407,-0.0204774169010406,-0.322681793714114,0.320626869579036,0.033642133361011,-0.107410473844063,-0.0158201468794575,0.281206849094625,-0.089957847790737,-0.197053151669475,0.143315850102486,0.171687746883188,0.157739954166178,-0.233019230311463,-0.315456552809122,0.179600398241471,0.204290683818348,0.253175176265321,-0.0588484028095239,-0.157027423985013,0.383096322779649,-0.148800871018862,-0.22802684610552,0.121409371118679,0.252806406059886,-0.189218106300841,-0.00562512339071008,-0.281086766013645,0.0978454513142882,-0.0898720150640017,0.346542243938592,0.303963348585293,0.0127081041906706,-0.159933535856079,-0.191793135815321,-0.299160215052257,-0.0755957718686684,0.133081561426789,-0.356041660050002,-0.00357794038738771,0.104337442695105,-0.109255736506084,-0.16109680486082,0.194163908205715,0.250044740963498,-0.0152470131430919,-0.190131467421719,-0.0558178239937836,-0.196914659769892,0.166941096557666,0.0274424150802643,0.125708959600401,-0.14827976083045,-0.116591769944226,-0.176562405708812,-0.0403952570184146,0.0429081973592539,0.123785875377503,-0.317534842643742,0.190065189535254,0.241372931040152,0.187243071748819,0.255278044774196,0.113653279264014,0.158571940719868,0.115925997281936,-0.18004998025305,0.174410336327059,-0.336402050555612,-0.0175877524564766,-0.105940521194416,-0.195848629360488,0.141838171071063,-0.195637351857295,-0.0259327079965317,-0.168786277331251,0.257067645259453,-0.398105428079722,0.161411942097822,-0.1000648348167,-0.196732163289711,0.289110508565116,-0.0437817659399933,0.262595728959102,-0.150061068103922,-0.15284849717527,0.0786645162580236,0.13386861090986,-0.0706793378740442,-0.432521473473656,-0.315074301127894,0.0825165584958166,-0.0640247522349515,-0.255833927064507,0.199531681120187,0.135745064208434,-0.170964788308018,0.00727169718746619,-0.0669319635416439,-0.140423701737267,0.0712711644398722,0.159202250851808,0.193181012346175,0.0122090270970125,0.0205028455902638,-0.20765058088021,0.129433449952783,0.105817818034669,-0.354586450504635,-0.0654639405242252,0.1563707540305,-0.139425503256154,0.303585695894651,-0.0831909792017363,0.330765949485951,-0.271232011724549
"Pipecolate",0.267525217526737,-0.0680133953649601,0.222588806135528,0.111822823168809,-0.196252034178755,-0.00468198719565297,0.31269010759162,1,0.190774586265772,-0.188345687745544,0.23040254590832,0.384874823400514,0.111336812644264,-0.0932945778371871,-0.306928450250173,0.0957163179260673,0.060859243774741,0.079064321588922,-0.0385748035042456,0.219079859782543,-0.0483135086074675,-0.0547023408001859,0.17755973465626,0.0577445725221139,-0.278786919347869,-0.144061733779843,0.296880570415548,-0.219968129882664,-0.0807888752200475,0.256154330749077,-0.0885854267481239,-0.0450464202747444,-0.0202035879833185,0.25783390792889,-0.0293024798968094,-0.447648938596931,-0.00810624165507208,-0.396910809764047,0.0504403417758112,0.316024065325732,-0.253057889383062,-0.0517339376035611,0.171237349930714,-0.0997285939208537,0.17028221004228,0.123177382746487,0.337022342381189,0.121641651961145,-0.214782544271852,0.310713898110231,-0.0697919304945416,-0.52436450781747,-0.0627028891970183,0.282359937104904,0.301484552218275,0.0300757543872024,-0.361311108453912,-0.0447549380751688,0.0474206292069891,0.147780949380994,0.0377351500230414,0.30273885287876,0.387449228095573,-0.0451307538626683,-0.264981339981115,0.4161822858777,0.262482863717124,-0.274814075357063,0.389900063497008,-0.0661021184327175,-0.0093903643287842,-0.112532150844498,-0.0360331214570824,0.30729353015547,0.0300078986534597,0.131952514606765,-0.167860243917307,0.30161377334091,0.0688168404971917,-0.0943797452099909,0.0884368407643121,-0.277431861980551,-0.029181121910531,0.13090744368709,0.0328999507304667,-0.216793085019964,0.185892067943512,-0.331655977161019,0.230282695617708,0.158997789928028,-0.223121626885771,0.327657575602677,-0.157458916212404,-0.176193342272592,0.108358450467736,0.382843274223135,-0.152236340623784,0.387003563600414,0.00418716812636996,-0.000153292070391833,0.1003771841391,-0.0427399111718242,0.00811636106298375,-0.0482014442046028,0.208982871594288,0.356500096177435,-0.218738430933445,0.0410915106813484,-0.239472360242498,0.0344769992643658,0.382890070444144,-0.152089587431523,0.275992750008339,0.248077750311985,-0.0917187555696023,0.167944781120948,0.184062684436124,0.170110802068066,0.210195089454913,-0.111953954334294,-0.265809372390089,-0.15574484536284,-0.149349386338812,-0.133282745871049,0.108530495561643,-0.126755056200192,-0.287475070486941,0.123948145224675,0.194033861333076,-0.125468151078928,-0.11412143768182,-0.0555142660890275,-0.140652490643315,-0.0747119077548072,-0.069554857945764,0.226345317006
"S_adenosylhomocysteine",0.285293825651883,-0.385951564027789,-0.154976939187558,-0.486521632527424,-0.141294614143522,-0.0601063071215809,0.119709233943339,0.190774586265764,1,-0.398383000782879,-0.185183051945455,-0.320058846594773,-0.169641298372418,0.543147263616871,-0.364084261667218,0.426672674548308,0.264160030095589,0.0726989157469324,0.298316237388999,-0.0580431845399205,-0.292051528102865,0.15770542661625,0.108250575069228,-0.438918067404426,0.248559416816322,0.512914089304542,0.0751182616998909,0.201305205525145,0.16463048480469,0.0667132216622782,-0.193747616703985,-0.125801222267553,-0.528209783699312,-0.13234569250052,0.14911146424786,0.0695440315023082,-0.562458783729627,0.0509209178649107,0.0574781130196237,-0.173811040236353,-0.40027906298843,-0.0168515779069426,0.191516714347079,-0.232575275060783,-0.4790439836759,-0.0999980984383753,-0.340228024513417,0.156579347570009,-0.123269483812869,-0.23243454172816,0.00817032057656237,0.111262557078763,-0.0764225676547842,0.0378646440449844,0.0535704562695923,0.349289393427411,0.689755110249561,-0.173946123176008,0.428194202140613,0.0412118028380384,0.0291824773620905,-0.176712340241843,-0.229190050042132,-0.149346312112807,-0.10596320935002,-0.229668627504976,0.100347842106026,0.169717445008608,-0.272151363515791,-0.184039538605085,-0.268803121158284,0.0647477054890356,-0.00179685894532488,-0.365211113658032,-0.208485103911181,0.0240528960514241,0.31152886905996,-0.361131174401714,0.309421463055677,-0.29625751395036,-0.611183439048859,0.029352341440067,0.0519032363870353,-0.0866654751316551,-0.119782414706473,0.228035954083778,-0.0927908098066731,0.322470758990491,0.0990917455575438,-0.291611206917277,-0.176027384555961,-0.0716552140248132,-0.0795105332010918,0.327960650200176,-0.0820556733110571,-0.428372281022345,0.0552172551923545,0.0979680217731632,-0.187371220403678,0.394879643395395,-0.24260007667422,-0.479207715521231,0.021397997990344,-0.358479662018654,0.0246835331101916,-0.229546395662807,0.347610176945518,-0.0700074414004937,0.415443298619064,0.586879431719542,-0.221055500833276,0.413157548795351,-0.221550223270669,-0.247196658525375,-0.391852325783396,-0.380406883948772,0.0535699999057112,-0.273544486097882,-0.254443511128353,0.137050790501159,0.277257157850377,-0.388403047015053,0.212944733034408,0.476826312364459,-0.0725849443308147,0.152257871003467,0.0402278363126553,-0.140644964651514,0.410485153797333,0.0025763670646498,0.0624440640954943,0.344032180795871,-0.185729796174817,-0.27546843222182,-0.0580803719928959,-0.00172741180717377
"N_acetyltaurine",0.288446873818836,-0.205045091095034,-0.195982714445203,-0.256141463427592,-0.398197725175216,-0.0880805957976384,0.209367634262668,-0.188345687745551,-0.398383000782869,1,-0.0755090877717954,0.0493079640527877,-0.253342509281883,0.3869897271208,-0.512120099216457,0.183438178387208,0.2940931832198,0.294414000023557,0.271739704410828,0.0316124467763838,-0.20994361197238,0.0419307233536216,0.240688245508475,-0.408427682062977,0.191068106651439,0.347301525993701,0.175825513129063,-0.0130705810963783,-0.192392201104792,0.340405254975166,-0.255430506886071,-0.0208598360312855,-0.187179756142228,0.450964095535181,0.107198733971972,-0.309623011104389,-0.552803086505588,-0.135820600776105,0.0761893171606347,-0.0263744443724625,-0.407718341003119,0.0264227235447391,0.312551069503909,-0.306376064805086,-0.0100375553588169,-0.0192493555402617,0.257915685253381,0.00591867342793978,-0.170617747275408,0.281846973567491,-0.161405414420974,-0.231669958880915,-0.0910484700496758,0.400755008758798,0.367079267102275,0.114610247351037,0.244201287887738,-0.206883620892976,0.181594496585881,0.177567373851497,0.0144107086816468,0.0799022272568611,0.220539107114732,-0.290319613410454,-0.221337639987087,0.185754038656462,0.064234851099078,-0.233086909790099,-0.0415811350981908,-0.448662793070734,-0.418534643931687,-0.256678011052713,-0.106576327845782,-0.0437603002422127,-0.016820162995426,0.351756793051084,-0.0248114729623288,0.158990246724033,0.160355569114307,-0.179400999781408,-0.305027866149766,-0.11339234101834,-0.175840459952713,0.109659662321208,-0.209041706725603,-0.044725257223502,-0.141586359390197,-0.162225128717034,0.429995836143802,-0.0563516261796636,-0.285621252970372,0.221493574283445,-0.238772948915072,0.0820450600849897,0.131987262080787,0.127010117005587,-0.0397762881292614,0.186404998185745,-0.0631816976655996,0.299618953437238,0.108158237801529,-0.159361195245957,-0.27531853723861,-0.196125448812112,0.116451850805397,0.15305919653611,0.35580243007116,0.165448720766657,0.217512225236608,0.365203399322958,0.0919520085077688,0.107228032063345,0.0561742483326993,0.31732070800578,-0.255452498383884,-0.171106741029548,0.2577114721356,-0.205837953348839,-0.00426648757350653,0.0827896107709313,-0.00577691118727684,-0.472540020383906,-0.0207325054140814,0.198495594271042,-0.02414027547334,-0.134294819412451,-0.379294515263845,-0.212643399474806,0.436535377952032,-0.136155428540365,-0.1325453187754,-0.0403484540274079,-0.307595690967409,-0.137104288099964,-0.0584540511002901,0.128799861586061
"Hydroxybutyrate_hydroxyisobutyrate_2",-0.430966137370553,-0.0821742268771323,-0.267428741157498,-0.0640227399603463,-0.131656869348412,-0.218643981498336,-0.33652290574151,0.230402545908315,-0.185183051945462,-0.0755090877718069,1,-0.129236086255001,-0.481900625539872,0.0922787632855385,0.156996399495415,-0.128140435779011,0.169468121352254,0.38522146694637,0.304368914877554,-0.307255272136387,0.330524630125018,-0.024560204879768,-0.166027063793168,0.207006926593794,0.258822633830053,0.202420682336478,-0.0687373758302777,0.0671975038073264,-0.259711120923634,0.0985716258414161,-0.00254703005897647,0.172957883167631,-0.260355531612779,-0.186338932315965,-0.275326856062625,-0.131785320471246,-0.024119467650516,-0.0133308791407988,0.0964383248850993,-0.110074684211938,0.0206814089753167,-0.106824157348838,-0.107872456423738,-0.0984165037151997,0.0181147051142054,0.0465606558389801,0.236361666297679,-0.441879420598131,0.00254130152798212,-0.0898861932438545,0.321285197390741,-0.13377947257533,-0.0437767194786952,0.288985346307601,0.0311530536316929,-0.269351026343813,0.191682309087668,0.0844915003673702,-0.205314881746756,0.0632123810291335,0.142196449935428,-0.0611512776140816,0.00957448946005658,0.135739415821103,0.022339281472605,0.0633834185291524,-0.132048319876909,-0.130291698373592,0.0197963422081731,-0.243233525242507,-0.0350205687696095,-0.166847239673411,-0.186763735722664,-0.251200721841504,-0.42809240768332,0.340262303833263,0.191308363304334,0.10297972565546,-0.0540058902719576,-0.0412222782994043,-0.00263742706382617,0.0241218730435496,0.069576836433797,0.00671461076506553,0.105552489127148,0.0752878004356258,-0.264888833141645,0.240954752447056,-0.0200649740549234,-0.0890052152388372,-0.256584746977007,0.0718699592748078,-0.211243861935949,-0.192341783120975,0.0334131609271778,0.0387480542170119,0.291618633978086,-0.305925377644322,0.0204893514014588,0.0692576859836462,0.0836966506857159,0.153055150591329,-0.0887123530900718,0.198964233904647,-0.276880046889092,-0.0143179997174694,0.362733808706114,0.175027335251406,-0.162504745538206,-0.0153440077725898,-0.256943163298009,0.229151825361245,-0.186157519108983,-0.16670365325797,0.0748058387960019,0.224236868036214,-0.151792268478292,0.097904027120364,0.231557311972677,0.0588830835727625,0.0777991219504007,-0.295615256051686,0.11704945750072,-0.149815374671221,-0.272061149212221,-0.189032707179961,-0.171120211858939,0.0197969068899443,-0.175921395125982,-0.250445496609966,-0.0735116366268307,-0.175730521819358,-0.0103429687504122,0.0257168165807243,0.413907758912694,-0.238564915526633
"Taurine",-0.0668076946204802,-0.277371181635001,0.0178298374733144,-0.282631504990017,0.0327621296915174,-0.00827309364524564,-0.213228166047774,0.384874823400511,-0.320058846594777,0.0493079640527853,-0.129236086255007,1,-0.0647830121742359,0.418282847222093,0.101228089944713,0.149308420410157,0.0419521971811056,0.016372736665681,0.207559330253232,-0.161579663605833,-0.0102747064626511,-0.144312831621455,-0.19691420411366,-0.301912561968374,0.186216665002246,-0.0231892744275114,0.0565262358718507,0.522000471109151,0.35099401268606,-0.144169913005595,0.21642560899765,0.108772456484634,-0.0963479863855797,-0.253698975583564,0.114883299767562,0.389654692888807,-0.103237590053917,0.150463546563314,-0.234911511601856,-0.237578927300644,-0.0121479007601451,0.236772145006019,-0.186747868190645,0.0971645755172243,-0.17041815223044,-0.120123726785278,-0.212117404798195,-0.0293083213305476,0.150303377944829,-0.137001750836416,-0.127944395430266,0.34165123807002,-0.0566691341689471,-0.157509913975183,-0.129778364655167,0.26596252071748,0.316772238190432,-0.0859439855659857,0.0362583309824767,-0.175245466069307,0.208579253120519,-0.221200949876228,-0.531729741433575,0.0634118018222234,0.0978248072205667,-0.403684670792473,0.124954897435645,0.17387320590662,-0.12026546828378,0.149643595798311,-0.058756758557249,0.196342230311457,-0.124888479680384,-0.263857442943946,-0.23026871803667,-0.147680591756815,0.0821359028312569,-0.283759326902885,-0.100657505730422,0.0139394181804718,-0.268101263459369,0.0545443203788793,0.395098373781855,0.122301209652122,-0.073902847770312,0.460735791894789,-0.0425676310184799,0.350421347788397,0.0151141246639485,-0.341033235451402,0.144482121806966,-0.253366972179877,0.0534924081011234,0.0368445946905947,-0.309994543309166,-0.460907980282098,0.116451343720435,-0.204723901836001,-0.120062343143312,0.256136055290143,-0.480535229624154,0.0783142341741431,-0.123937647960625,-0.016830912883723,-0.330196618789786,-0.586115255249104,0.229777630734011,0.114159403930672,0.134182371337099,-0.0294842129420392,-0.395700876092846,0.180908589632082,-0.0808052511246657,-0.377918967618788,-0.313142431064825,-0.247278737459462,-0.0269046701078305,-0.277470030066537,-0.252750023685796,-0.0123253011400923,0.099179222478128,0.16286277411716,0.195842261191179,0.0463061249754438,0.134577816344124,-0.0767779734378441,0.143496041167478,-0.164237552675037,0.0947117590935327,0.105937279764667,-0.0892792386267927,0.160001722897626,0.171402825669198,-0.113008963168676,-0.0832993638510501,-0.0480447391728775
"N_acetylmethionine",-0.140645425269466,-0.091455897434199,-0.14568012564633,0.0110498094937471,-0.107849103533293,-0.188516054654282,-0.255232755344205,0.111336812644257,-0.169641298372418,-0.253342509281894,-0.481900625539876,-0.0647830121742301,1,0.0549788927130826,0.0302785791033639,-0.0590198236171403,0.258224046755794,0.506542958515726,0.502594437875249,-0.576866336703214,0.241761313089088,0.0416998125601921,-0.258347690627618,0.106613598585679,0.23749950721634,0.03871586821865,-0.0873492072523379,0.0990436051563267,-0.458388548491929,-0.043122325184641,0.0773165405235956,0.321647100054843,-0.049084264794295,0.0176862587531441,-0.338357335434202,-0.171945320643701,-0.1079446107693,-0.0321118398429569,0.203561270231548,-0.173789681486501,-0.155420796036178,-0.199663405995956,-0.205613069470324,-0.174735076004753,0.23338554051231,-0.212677260292422,0.198143806429929,-0.50139294781813,0.0335143156944725,0.0280781999221462,0.468082905895952,-0.0859037311132301,-0.157080172300382,0.342609949828015,0.140595667783469,-0.50077762341158,0.146736733734387,-0.0206559531331535,-0.197751628318211,-0.0340994543222915,0.2856063945866,0.217765248390961,0.0851936104727532,-0.0980757095433118,-0.0131185654825091,0.324688528949245,-0.134482303508921,-0.0859272580129973,-0.040692500584384,-0.220914360383707,-0.0970339917164182,-0.0818678326898596,-0.42468598419126,-0.284171938927282,-0.401687391964143,0.146081436739661,-0.0826861517128515,0.277608810584548,-0.0737847262221031,0.0847155764402948,-0.0666806880710611,-0.131971823546828,0.0305491648885583,0.275841189021891,-0.0201930711361312,-0.0592794344225886,-0.264905310523359,0.110208657197926,0.0781902202702607,-0.107837593370889,-0.300461930287491,0.182525831417523,-0.144708372216234,-0.233633976132089,0.322100696690381,0.0304242395233542,0.481717395071155,-0.427893084700761,0.257584172413194,0.125155833217387,0.038891226905455,0.0889741085065874,-0.190697909757202,0.0466430351990141,-0.310646138106721,0.0520190660069126,0.316785559795875,0.410084674144589,-0.0625630175374672,-0.0962600169798123,-0.0368058763254916,0.219182708744975,-0.258495804238436,0.0505454317597976,0.0628622963369671,0.0128502884967068,-0.0158667048900798,-0.0319552749646256,0.175628980588885,-0.147391497669748,0.0185264932468777,-0.346452229298414,0.157589659923507,0.172196334791263,-0.0214462527114046,-0.217663195118587,-0.397559505385699,0.00405639213442039,-0.020607452960878,-0.188818756067877,0.0875539594169467,0.0531952204019566,0.022517583315781,-0.153450537045513,0.257912825490954,-0.306291928826452
"Bromotryptophan_5",-0.267731429775152,0.412096844189192,0.042081816609957,0.33532301974955,0.0749966638554536,-0.109892155810787,-0.0503095995976903,-0.0932945778371826,0.543147263616867,0.386989727120799,0.0922787632855342,0.418282847222089,0.0549788927130798,1,0.270627534059185,-0.389268838592373,-0.0978298063143505,0.0177783329947998,-0.152122564554074,-0.152971286082388,0.298612282272899,-0.13491385631654,-0.0633868495032087,0.515133550749054,-0.0337163796319835,-0.427757034344514,-0.241341956405786,-0.20561693323457,-0.268136804299446,-0.103255108171458,0.19633552447185,0.0982697416941447,0.409092520747573,-0.0436129412135095,-0.0376867848744773,0.0122967160254057,0.458570272914017,-0.184321055812107,0.151635855714258,0.0883896978913886,0.327914671945202,0.0372766549208737,-0.0763810275083429,0.0346156462746549,0.1807794500058,0.0177670669418544,0.222850957967849,-0.13470237696619,0.24991936601708,0.133788850022397,0.0447805134909795,-0.0978901871127799,0.0328624944410968,0.0418601867547773,0.00648549159327085,-0.372970509070631,-0.431668677193612,0.152533212435314,-0.358352480266369,-0.0514744745470942,0.0858200212597681,0.0209878627449869,0.29028525097829,0.0570358854734228,0.0435867550164001,0.303685450333626,-0.211664849816721,-0.126408160800671,0.143064213669858,-0.0540739508694709,0.199089770150816,-0.0821761800683207,0.0520352058583103,0.0939112167557381,0.0602898184769304,-0.0296364033876954,-0.225060580752035,0.287028012249914,-0.113517875222984,0.198142026048346,0.462153915104766,-0.0460164878964757,-0.15320566514837,-0.112369657215321,-0.0805950124260101,-0.267849376336761,0.178033590861499,-0.132148511244402,-0.0747000672200153,0.329890306777178,-0.0278346421314252,0.0554348592002736,0.0245478891866871,-0.342891848226204,0.248688065535389,0.361890800062039,0.00918809112640964,-0.160905933635166,0.0990247827140894,-0.433706590632769,0.21811818660832,0.164263879685201,-0.0046253787231426,0.0582535872580765,-0.0607064523774651,0.228274495770248,-0.204545338754872,0.125472564836687,-0.245128522239786,-0.431121879284047,0.0907670194261876,-0.282971801704945,-0.0121271932562571,0.201710340124149,0.36555989402561,0.283752017757729,-0.185316592282288,0.187254850029097,0.219067200032211,-0.210096826468455,-0.192189257237419,0.214413268604796,-0.158795142518885,-0.308745079437351,-0.155496432380806,-0.0723661779505,-0.0841013030992411,0.033576976974269,-0.370448754105784,-0.132144282625706,-0.0187498888338525,-0.162973961329436,0.0716483454003882,0.279639331661335,0.12996437398655,-0.227676370696669
"Citrulline",0.606732103769023,-0.19296100402589,0.198188593148736,-0.0636404359276838,-0.172993699748692,0.279111970902929,0.42132211587252,-0.306928450250174,-0.36408426166721,-0.512120099216452,0.156996399495428,0.101228089944707,0.0302785791033711,0.270627534059185,1,0.341750070788937,0.0324572830594842,-0.0152195204495958,-0.0921367520782891,0.23551161236157,-0.351288903621587,0.0673404044437327,0.429722701011655,-0.383468962769333,-0.119895625635894,0.2539822308459,0.307074601970586,-0.0541178769419,0.128603049915745,0.177307663034685,-0.408090041395305,0.00562189324199218,-0.0627839831734718,0.12892626423159,0.331299280520332,-0.170326041669686,-0.395310155252558,-0.13681518144825,-0.00187654377051498,0.125680145956933,-0.363079227711398,-0.23169131171306,0.151040611534345,-0.381838883803057,-0.14155638615213,-0.118225432302747,-0.0641226622806846,0.392840403141673,-0.197068830815786,0.220321749594755,-0.245840059409817,-0.190668378885159,-0.197477930323989,0.0878293457887948,0.212362920526869,0.32816168088047,0.144515336039257,-0.27751345570311,0.119191932652433,0.210119197703786,0.0374786124242323,0.125954531031086,0.0620927336009643,-0.00382327402151182,-0.0452599704337397,0.0903223627713735,0.15870336804744,-0.173093085457215,-0.0414152431895152,-0.21247360518,-0.330021276845088,-0.0432379587519426,0.232305349803958,0.00971124262027237,0.0077531988057509,0.145184310533107,-0.0334782256875136,-0.164377431704985,0.27480328885177,-0.114597459878751,-0.438744322259651,0.119432982846501,0.0944399535932192,0.0464609989344384,0.0410228614087779,-0.170653902254532,0.275955112861477,-0.224446347862787,0.209122173474605,0.0654119827791413,-0.283183058816527,-0.0496205136683239,0.0441574884548488,0.360494923306115,0.101148843559145,-0.123452996559277,-0.264680335937287,0.440593758387942,-0.285778295221922,0.245393490767632,-0.0496621944490616,-0.246598475742773,-0.0802686224396536,-0.242647359257584,0.251040464063889,0.121257245325862,-0.139933127054213,-0.0769837329364441,0.200593129173747,0.498846929140413,0.054129876495262,0.105699610855548,-0.0200386700115794,0.125237615621306,-0.230557242707366,-0.338259855784598,0.0435684411585481,-0.218107726937352,-0.164782114843852,0.140447757041323,0.023767323723612,-0.163422898542795,0.0297281376766304,0.314265395059699,0.20434115637294,0.01372304039019,0.00476782482829464,-0.26472315367161,0.690191164016666,0.0261081712530175,0.0258576225065647,0.2325323349913,-0.208383638072054,-0.390731126797891,-0.15196975791934,0.165534210774369
"Erythronate",-0.388077420357788,0.172530392131315,-0.19163928725635,0.345536274774732,0.0601502578981507,-0.255177227121605,-0.172565793836306,0.0957163179260714,0.426672674548304,0.183438178387205,-0.128140435779021,0.149308420410156,-0.0590198236171457,-0.389268838592373,0.341750070788938,1,-0.178774195010111,0.0651434193457429,-0.0168374646944744,-0.213211384574281,0.490983335541575,-0.0907630942148579,-0.174893932112949,0.375337318598656,-0.105592871118987,-0.278488405037615,-0.197875083766128,-0.125285293578771,-0.165666341129091,0.0582757574565522,0.202160840027466,0.130812407494653,0.334955685069761,0.0786282776298994,-0.193448391483316,-0.0953986594106773,0.423943998263929,-0.115221453160848,0.0580322490629585,0.0853691548793191,0.122936512562413,0.0816525027635073,-0.140459676248811,0.199154826314572,0.274292949756031,-0.160064768375873,0.24017030912613,-0.188472032585332,-0.0356058279148862,0.00413040344447056,0.200880421823526,0.068649492639988,0.0790650863236236,-0.0181984001513615,-0.121144018994277,-0.345742989457063,-0.276456068631633,0.134755788964979,-0.38206321568869,0.144169932317927,0.0193168259281153,0.125434306297483,0.148802120662413,-0.0315641516162637,-0.0383831100521418,0.33203840458192,-0.157598702843796,-0.0317316790279594,0.173396631335332,-0.0341740317190563,0.180594728495223,-0.0354119353092508,-0.194368097677195,0.325751596150089,0.0542899323089304,-0.0404156250591476,-0.197961654651088,0.37222049849884,-0.0942381502103864,0.242377379185474,0.357774900834095,-0.0628777330304369,-0.172660822371813,0.0263396871187841,-0.168484911662984,-0.206806169618649,0.095301116044793,-0.024149505259445,-0.0668127215453358,0.13939821590927,0.0462219192094535,0.209399394691626,0.0234460123065151,-0.357456162883217,0.169712722306547,0.282641400561429,0.155495449026532,-0.0781303037967427,0.161472134528275,-0.393008513324073,0.198680625587286,0.213907195907351,-0.107374521532203,0.37233866610188,-0.0666582233446678,0.174835348843544,-0.0602163591054162,0.13002474457322,-0.342311418852765,-0.513863887797887,0.131516978626377,-0.430724124062142,0.129073245940741,0.30974448899078,0.154360456671589,0.430531684550114,0.0415959007431406,0.0731516341700507,0.214871053573544,-0.0243638658307577,0.0325780370095545,0.18381861818567,-0.0906461218930349,-0.28939698473593,-0.141718885018244,-0.0580459969934185,-0.0125670167523663,0.022049846950579,-0.436283031433387,-0.077913466619678,-0.0211364464358862,-0.206730679330956,0.179617000771677,0.314236762399918,0.124333757623717,-0.122938442009196
"Mannose",-0.0417494272673831,0.0564704100302462,-0.00673186288613953,0.397045306593433,0.289976336408884,0.259835241565999,-0.227699943090231,0.0608592437747426,0.264160030095606,0.294093183219817,0.169468121352249,0.0419521971811078,0.258224046755792,-0.0978298063143697,0.0324572830595012,-0.178774195010127,1,-0.406526367207963,-0.239147938764637,0.0744513614741234,0.245332880141293,0.202240479459035,0.0466554126408149,0.250813719900542,-0.262758348873236,-0.066563872526865,0.161219608760367,0.0696350479945862,0.124144650581123,0.0480321445533471,-0.117514338893048,0.120997004756879,0.217208142757137,-0.103867002942706,0.119076843457418,0.181760251158215,0.309094853574312,0.185474880055519,-0.314385564477555,0.155731993172966,0.284560475925179,-0.227037616171662,-0.194926379917379,0.263881959592886,-0.0657939674435662,-0.219233803208363,-0.202771030069298,0.18458796274319,-0.0618580655987762,-0.197633070921686,-0.0604123805801204,0.302774455904789,-0.201338401787301,-0.478171443264118,-0.441669212688863,0.132645303852184,-0.332077921957702,0.0836110713157622,-0.279029969707972,0.27656443262884,0.0223712802051648,-0.11917404867248,-0.145880251910245,0.305873840394659,0.302003336447959,0.031965575443275,-0.10129637636454,0.149101036414299,-0.0196974386242193,0.211206618808177,-0.049827940020265,0.206415511473706,0.33691309245075,0.291523374126316,0.0455798597615522,0.0286131280037114,-0.283362788066222,0.00698777657616169,0.0266796144765607,0.320160085535706,0.166923065291983,0.211728851496807,0.346662830210979,-0.0950149632464561,0.202162385436492,-0.192834978528854,0.384021519238029,-0.0910199456534445,-0.355329309309555,0.0808402600056578,-0.0439122218179452,-0.283006503814247,0.355049704136522,0.00972396061224916,-0.245914195090755,-0.182583736417731,-0.369879587261228,0.105497616164926,-0.280292822553075,-0.377626802121003,-0.268101806720755,0.149616861234689,0.0667530538584174,0.37194279869334,0.197585572446605,0.0613318592159636,-0.260142366527655,-0.190831362675551,-0.152718844542097,-0.298691078522766,-0.253559004670107,-0.454602994708974,0.212650970949718,-0.197703106507333,0.229635826468011,-0.0280370518489869,-0.339566686520151,-0.132229734520041,-0.249020448273889,0.0674955929530026,0.15359861187423,0.268252947933499,0.032630737699049,0.0283420361403427,-0.0407773187665228,-0.185005302451664,0.597829735102873,-0.0899995041188526,-0.210503356402992,0.0626156750829283,0.32014670335615,0.00321349780558306,0.388073911329865,0.00169369680391859,0.171392677264654,-0.135920633519708
"Fructose",0.211796979474152,0.216137921867395,0.252860127602227,0.156219832992532,0.266440951227713,0.422987795425717,0.071762986000224,0.0790643215889288,0.0726989157469355,0.294414000023573,0.385221466946369,0.016372736665672,0.506542958515721,0.0177783329947919,-0.0152195204495818,0.0651434193457342,-0.406526367207968,1,-0.523772976204589,0.312138969908034,-0.264113396748453,0.22314120456885,0.0736223974227548,0.000264513796301351,-0.162633062246576,0.0370284251563153,0.102572630066957,-0.0593668526649758,0.346944363724574,-0.221474629878756,-0.272979487336366,-0.0834972404624291,0.177823110915304,-0.220316288261517,0.344518773776926,0.291085457465262,0.216384374194879,0.134940509281786,-0.368794624171738,0.122268563760793,0.243280543179334,-0.0739579505986552,-0.0541205877456997,0.20343332655946,-0.293805302568511,0.0395357535014799,-0.456962076164411,0.43535181749236,0.14206054167409,-0.24931053109205,-0.278941926463762,0.31623060554115,-0.0568492616458232,-0.57197866997414,-0.391874892313109,0.367140503251676,-0.080480089573931,-0.084029978691974,0.0355989624356031,0.0645955448684935,-0.143236756310657,-0.174754354377936,-0.301290911887551,0.218795009489607,0.274143609349127,-0.342038757206656,0.00725551462195143,0.326366111582777,-0.0548323023373626,0.307895988120644,-0.0826984489049781,0.0533753493163902,0.55718377115841,0.191649066751509,0.250537437672055,-0.204976225925424,-0.135726122598315,-0.322562010947772,0.154855343072904,0.115101882939126,0.0512010562240771,0.323849885805145,0.202243435539473,-0.271707754524957,0.21061133852176,0.0208044185652884,0.32134574209403,-0.116132708113211,-0.385232459137706,0.0417993364830018,0.240433535499433,-0.329426452614283,0.368216629632251,0.229977253459778,-0.337196330149483,-0.344574213710974,-0.389402750752994,0.165428591533656,-0.192404766492835,-0.22850023448939,-0.218472784671587,-0.0644818476411736,0.301971979944486,0.0820739470383625,0.308580683422628,-0.0261394686032098,-0.420382032247248,-0.465197594213753,0.0978534796731654,0.0384017245607674,-0.073996476141996,-0.282636855845051,0.139929373088335,-0.319891989536555,0.164777618142695,-0.22043410142729,-0.243109058244859,-0.0996436853093725,-0.401811084484339,0.114904507832728,0.117964550062345,0.335594414767547,-0.0916368279643293,0.233898094745708,-0.0134136652062866,0.204132443661321,0.62704845614895,-0.0556751879959746,-0.00262104762720852,0.223532240708385,0.131858799179392,0.0966057757036214,0.236062984542689,-0.191479727022445,-0.170340729115819,-0.0211428632423396
"Anhydroglucitol_1_5",0.0771999919035498,0.235786719779968,0.39786482030527,0.32918517587747,0.308224595290376,0.541727591698071,0.153571102939393,-0.0385748035042354,0.298316237388991,0.271739704410839,0.304368914877557,0.207559330253218,0.502594437875252,-0.152122564554072,-0.0921367520782858,-0.0168374646944748,-0.239147938764637,-0.523772976204599,1,0.456791871745197,-0.278000690845985,0.0822760379519656,0.322347196171083,0.0302142931605453,-0.324217405332939,-0.104305234717296,0.192726933541039,-0.182150365310954,0.335002169329194,-0.146235557997265,-0.159030756481844,-0.194060087985959,0.398862582539885,-0.167726440007581,0.243291092467351,0.0834605600444109,0.364575005470212,0.224941678551068,-0.0159079712639486,0.279864660182431,0.391450495967367,-0.0280053755240699,-0.239209294175184,-0.0448449201177758,0.0558920946503469,0.0898949632354681,-0.164091431914362,0.467482387843002,0.0469668645303564,0.0230219301863284,-0.341033877659364,0.110440641285658,0.122157230681037,-0.349578881933601,-0.21289108621213,0.233603036306255,-0.206210877197568,-0.00315191434813293,-0.0743631902136425,-0.0168299125909952,-0.304923178940441,-0.0506628545071317,-0.172055117764912,0.396733546761578,0.27111863630764,-0.214282114152916,-0.120204274365294,-0.0689394959507109,-0.0718013052178058,0.290936902460261,-0.0446867887745138,0.0063683214354095,0.482398714989705,0.237864222036306,0.347737963074417,-0.264827963046648,-0.117609013142577,-0.284318858792785,-0.0134925964320749,0.127168579486963,0.160570332564001,0.431125118410917,0.114244395292848,-0.356100431570293,0.118475014950615,-0.0268715154955921,0.168589317640112,-0.233851395199821,-0.348554003209323,0.290436665334157,0.0748120310043327,-0.278802045069708,0.343715468603995,0.363998684451581,-0.128479545144904,-0.112137587222092,-0.407635526500891,0.21899071992811,-0.110775764545684,-0.245479752305302,0.144115838590925,0.0308074428303779,0.269331594863117,0.0804656483573254,0.266720858902882,0.0223777899880913,-0.544527661007914,-0.435897816526562,0.0293278216278053,-0.0559583885518135,0.0717480736983971,-0.19802595776814,0.0344303493590067,-0.0566113395630864,0.222460150117356,-0.0153112752597213,-0.252558618427092,0.065111589994665,-0.0574435815348926,0.202939543076374,-0.0884560848109362,0.346215432427136,0.0245370112829405,0.0155607822934262,0.136722782476747,0.230959716935666,0.421922400601746,0.0593154113582342,-0.0112847765422689,0.174511551777247,0.0661664013344575,-0.00222688629968463,0.0189159254053096,-0.148154474882657,-0.21496822579004,0.244794319041023
"Glucose",-0.290864385799777,0.128052851726116,-0.169683326394228,0.0344415003813159,0.145404021120632,-0.311456763060423,-0.275468508385608,0.219079859782535,-0.058043184539925,0.0316124467763689,-0.307255272136395,-0.161579663605829,-0.576866336703222,-0.152971286082384,0.235511612361562,-0.213211384574274,0.0744513614741366,0.312138969908049,0.456791871745199,1,0.463362661174885,-0.169382420179478,-0.40535927635222,0.339002684134357,0.291155099421858,-0.237500038065035,-0.11248142419184,0.23698778024977,-0.374395755927845,-0.164170677036421,0.163941829790269,0.478731871413408,0.0575619400176551,-0.120770100253035,-0.160453205570047,0.0794792091864892,0.226674748670315,-0.159423932913854,0.0325987543003345,-0.190771822501057,-0.141567103734246,0.0419239150830702,-0.270882781868527,-0.0113075046345615,0.0452011167816467,-0.245242320131443,0.0832609778613288,-0.490879263144526,0.159425331982616,-0.113437647427198,0.341672541663934,0.0207398637490707,-0.137155467128892,0.245095555124922,0.0181798132917126,-0.546205922629656,0.140741051203847,-0.129722177393048,-0.395058762819664,-0.0481839060948783,0.475791527578372,0.120965196739658,-0.108702632985307,-0.0195360814567684,0.00665275391681841,0.248825849074789,-0.121008839393885,0.308578593331399,0.0513669871301443,-0.208964490592477,0.00890702358731363,0.113142310643291,-0.425307159266236,-0.34257546280164,-0.528034831908166,0.123313780167952,-0.2011927491015,0.288548196333718,-0.136487563365244,0.185803318703174,0.1472189298249,-0.301283428974974,0.284026494310487,0.200462383332656,-0.264368359259956,0.126700819213999,-0.140129376898125,0.25302904597157,0.0510494090562436,-0.142605926613952,-0.241044117247173,0.0945730853810455,-0.189858760060844,-0.395521123246768,0.136207553235114,0.00868324597867987,0.473991770057614,-0.438516315336986,0.10365118349494,-0.104997262339344,-0.260892316392759,0.183487378606611,-0.17173439182332,-0.0792432101392128,-0.46641412750683,-0.167869303007017,0.219175510510771,0.569761595417689,-0.211002875734869,-0.375877578216817,-0.22490267093718,0.0566360259594889,-0.236851415755469,-0.0524115495018689,0.0560282344621102,-0.0524281472272177,-0.230043573722907,0.0136057205846219,0.176856402009498,-0.327199477473228,0.0294511233757435,-0.158685842149033,0.0548954393095518,0.0470948454508115,-0.306571323187961,-0.342789979153657,-0.151753900734481,0.107884241992517,-0.134959489223401,-0.181642834386252,0.143562357658343,0.0992536661235466,0.221380919643033,0.0349968602707068,0.469317502407764,-0.354641571420679
"Ribonate",0.515141240832733,0.0144133101760263,0.284883174833853,-0.298113792402576,-0.00677777646610278,0.301505741661793,0.301022009084408,-0.0483135086074671,-0.292051528102863,-0.209943611972375,0.330524630125029,-0.0102747064626553,0.241761313089093,0.298612282272901,-0.351288903621587,0.490983335541572,0.245332880141275,-0.264113396748465,-0.278000690845984,0.46336266117489,1,0.140002083566699,0.342951240204725,-0.492637815335538,-0.0177155260193209,0.267520104883895,0.0934794357330191,0.0269875034384405,0.286839323843454,-0.0282783254960193,-0.0799614414910651,-0.352823764414316,-0.0127437643254816,0.00925984210983433,0.124297984639749,0.137127249586443,-0.386614179790423,0.230782411934176,-0.0224302231430063,0.0117779518274598,-0.136484899389447,-0.0176128573073785,0.179566696997854,-0.0941807327227848,-0.193336588851712,0.115278355680806,-0.339464591149936,0.55374365080723,-0.0500129166180947,-0.07102213642349,-0.290434953341788,0.0366776211260037,0.0353066746536822,-0.250687527237785,0.0969592177671005,0.388306396510711,0.296243996980458,-0.147643739281004,0.396400301552768,-0.104427906917531,-0.222939988265888,-0.259709041285645,-0.13724514957442,-0.0625596143495851,0.0222091485808621,-0.372637385075539,0.0103961000968416,0.00948325337369129,-0.396896597174443,0.150225639125415,-0.173387362785084,-0.0196797453476906,0.271800526889216,-0.102136584936916,0.489079851657901,-0.180708916137709,0.326097223918554,-0.459561103876551,0.225267307115052,-0.0876064212186256,-0.220507037895268,0.269590734553936,-0.170312960571302,-0.148318434738665,0.0064635114450882,0.0358216383999729,0.0517678587773529,-0.139785313355992,-0.053433381935883,0.110551049218959,0.145486783803531,-0.220116850680007,0.219501314953324,0.554048117792486,-0.101251068122307,-0.32468576560376,-0.250523026802788,0.154519925647687,-0.0897579977868909,0.164414154814845,0.032494499602003,-0.449928463663639,0.0565232987502073,-0.355042050694116,0.317828561099803,-0.0494009561755362,-0.0244230147579013,-0.319181947768738,0.474400440402712,0.512064570733403,0.166672549695631,0.199671382706642,-0.078988044769493,0.0418128399632388,-0.202550514942952,-0.319609921369935,0.17164442884396,-0.271766765902603,-0.363143786042301,0.242554586406329,0.070198874882099,0.100822862766641,-0.0381748253027445,0.330441351610485,0.214922791810741,0.415402906978274,0.0491913364554226,-0.182318698402346,0.401876987385986,0.406235599629266,-0.0830729417723377,0.227547238146048,-0.156757562508651,-0.148197549565528,-0.488811391887334,0.29699308991714
"Arabonate_xylonate",0.0219568943138477,0.0920013003085103,0.0814785472708702,-0.00252855920413362,0.057422150453946,-0.147399445275281,-0.0204774169010342,-0.0547023408001863,0.157705426616243,0.0419307233536159,-0.0245602048797695,-0.144312831621458,0.0416998125601895,-0.134913856316534,0.0673404044437287,-0.0907630942148525,0.202240479459046,0.223141204568857,0.0822760379519679,-0.169382420179475,0.140002083566693,1,-0.135142955161758,-0.019399399035365,-0.0022267644094813,-0.358703558416636,0.123035488758158,0.224929593851813,0.0131755679705464,-0.227487250892682,0.269846020039024,0.166570658547776,0.171404144286137,-0.037083958939415,-0.0474946660958757,0.0892386591162364,0.265500332449285,-0.0260747260722856,-0.0150015911557962,0.0910157519755562,-0.120735796856071,0.268882004924327,-0.120200866770425,0.122336967950846,0.0854668671302569,-0.033882138594655,0.0788655011105211,-0.175933985777809,-0.0279726085469945,0.200055884074301,-0.210061141865582,-0.176563326478445,0.0447697805222325,0.17816251960637,0.335171427270049,-0.167371823942301,0.0051520275712324,-0.255401442195944,-0.192912676376343,-0.161674693933187,0.209489476188078,0.116444349430473,-0.184466790756189,0.0536672281868869,0.00572521655139314,0.036342519974715,0.0346363712991461,0.141858817810337,0.195265964487848,0.0344634684196244,0.0625907961521124,-0.0786470422860104,-0.132316085256312,-0.0958905761897804,-0.159660942324477,-0.0385636950775727,-0.0236143418069126,0.086473058910203,-0.0104405408679799,0.11534866657812,0.246385148912891,-0.148833006648223,0.117705522387712,0.108273036482395,-0.0280234964529899,0.166436881706397,-0.124205232678878,0.020698310570851,0.173696850457493,0.062557904647046,0.169256425936418,0.0676618712081323,-0.301388492650479,-0.164981434036414,-0.0767798072670519,0.0902169641943627,0.202227926885814,0.0183137594738589,0.0350710451058232,0.120947695328868,-0.152028918127751,0.157567276608394,-0.320518809043455,-0.0823021141113542,-0.250065611235369,-0.169423581753955,-0.0345762284220638,0.399513140862485,-0.184133134416108,-0.118267480849442,0.0541563441539458,-0.0734339512623822,-0.0441182858157862,0.0192014720965973,-0.109507513888928,0.0249465118647132,0.0461163286934353,0.0824202696860251,0.180500112816283,-0.160063883746418,-0.254203255020399,0.143198439374729,0.0221611997067228,-0.182228695840276,0.0353281611029804,-0.177071052510614,-0.181315487935772,0.141760979389674,0.0748701155991171,0.0572837801026139,-0.209495106730743,-0.0207147729661026,0.0181495943551894,0.0679025579754215,-0.0566351307692994,0.167093007234059
"Oxalate",-0.381042062353664,0.0830068899866671,-0.212759917362342,0.00959582617571515,0.139823123494605,-0.202159265661725,-0.322681793714115,0.177559734656257,0.108250575069221,0.240688245508468,-0.166027063793178,-0.196914204113656,-0.258347690627625,-0.0633868495032065,0.429722701011651,-0.174893932112945,0.0466554126408265,0.0736223974227678,0.322347196171087,-0.405359276352224,0.342951240204724,-0.13514295516176,1,0.29674239067636,0.194377337199866,-0.282772648614955,-0.111250646430495,0.150506604599408,-0.2403514883967,-0.238387443429982,0.159487083461558,0.281574596306675,-0.0284645568854452,-0.108221403226051,-0.128239052105882,-0.00465551701673658,0.32409735831631,-0.0316837146419927,0.0460864373392342,-0.207519310168861,-0.0455215915305251,0.0981258840014429,-0.238334518183245,0.273424452405799,0.1862245844978,-0.111358431436004,0.0119398824884954,-0.502205843878868,0.308474098858518,-0.177413224717437,0.213923233774799,0.19916718888882,0.0842234884158509,0.112355113507952,0.0535405577069155,-0.35127685351703,0.00626993360806997,0.0635975636787827,-0.256378890162394,-0.197239209684088,0.275562610176068,0.0691436237859226,-0.0962147022614952,-0.0944453286188349,0.0807936760903881,0.0392964651266614,0.0760750813577181,0.21971846650639,0.170756522582315,0.000352826226762189,0.11490284076231,0.155985097422838,-0.383846879194111,-0.148412572147016,-0.414873788915387,-0.0508079496885144,-0.0737905470402856,0.20236927898353,-0.273898324941317,0.105099149449729,0.206054401917824,-0.213262416236622,0.148608950176485,0.227508603255253,0.0247619333340047,0.253967611848875,-0.32099936956024,0.225607527958467,-0.134942011218475,-0.193495619180036,0.101400481995286,0.109106860570714,-0.199874399444337,-0.393611317938558,-0.00865215153123049,0.0256335046748917,0.491111826846122,-0.36642828379471,0.188221354567088,-0.00489669888455636,-0.164464185586331,0.299473570614634,-0.103959928131385,0.108978441121387,-0.393707795951234,-0.212588073567342,0.0574377162310058,0.396851922231546,-0.203249824079874,-0.348720089495462,-0.110380399913813,-0.00418611602658438,0.114128474953001,-0.299823537365666,0.0470808298831374,0.00185128894015192,-0.063934185037017,0.155429333618386,0.2122468402266,-0.33604137995056,-0.0287093259428908,0.124144820545119,-0.101591305561599,-0.0332417086529109,-0.118336487171166,-0.16696968277382,-0.0523202723768098,0.265580621888993,-0.284042832290777,-0.228516227470594,0.0931123833027124,-0.00187236134683599,0.327633891537923,-0.00130070606532354,0.309513562115337,-0.340956509971693
"Malate",0.479782497560527,-0.356808837435057,0.147484892226765,-0.258932938733623,-0.161402891159441,0.144529755785268,0.320626869579032,0.0577445725221137,-0.438918067404422,-0.408427682062972,0.207006926593799,-0.301912561968376,0.106613598585679,0.515133550749056,-0.383468962769328,0.375337318598654,0.250813719900524,0.000264513796293368,0.0302142931605503,0.339002684134358,-0.492637815335533,-0.0193993990353569,0.296742390676358,1,0.0572523360333392,0.299831944768666,0.170228921359854,0.131280579712204,0.261120249522008,-0.040718034984159,-0.0690535233471074,-0.185311709182788,-0.198367300367166,0.132233875485929,0.135812635516629,0.143182187876091,-0.579887718324085,0.121276783234164,-0.0653613913170607,0.033941814193574,-0.343373202271115,0.0689798189208119,0.140455283273203,-0.0703984895785455,-0.254081123442308,-0.0909154977485216,-0.249294485199756,0.267621081365927,-0.223042702386492,-0.0149250239017953,-0.316484174952607,0.169709269905805,-0.0667193601289234,-0.084966929784103,0.177162685626925,0.468374724638662,0.379904544327444,-0.308333947657908,0.453679898037838,-0.174434547597875,-0.117998549088077,-0.0207912850061004,-0.22239523590938,-0.127859648978106,-0.149350544254213,-0.33727582741318,0.137792590524011,0.0219265842500515,-0.149528762652373,0.105408981448573,-0.237571326858933,-0.0933865240122211,0.0220294330614741,-0.100308247204949,0.169762517881563,-0.129624728038457,0.143531088831186,-0.330547881318858,0.246165651463916,-0.10816074569916,-0.454933138297435,0.145285415250561,-0.155829588225601,0.0369304088827663,-0.000905422886009291,0.111574865841931,-0.0292585329248499,-0.0121032286582325,0.221238567280256,-0.109121883515061,0.157060363083875,-0.176395325140225,0.00826478344305771,0.47730327707235,-0.19380854707567,-0.339208491243281,-0.148589268505559,0.2709825481772,-0.0627380839100462,0.374589683466009,-0.140841901658867,-0.325285343721325,-0.119950214217153,-0.138419450864716,0.16595884352821,-0.0819557264569625,0.0999705881318971,-0.0877427211998391,0.378590525280335,0.462471014734114,0.0656927138376614,0.130324961437951,0.076725582504862,0.0544082032253696,-0.304718506463867,-0.396495753441232,0.284125107848114,-0.405401724768117,-0.263798701759139,0.211306551966081,0.0827573048976323,-0.0675052044662171,0.0341410103840964,0.327321803306884,0.322648680449945,0.199243792893885,-0.0319720989695374,-0.287507523376787,0.483789606628844,0.224610375795653,-0.149898610128399,0.30721816034578,-0.0475672101659658,-0.198404134391486,-0.431243645996999,0.388192248766361
"Palmitoyl_linoleoyl_glycerol",0.25451339199856,0.0363414168750968,0.412231694738174,0.377074256933649,0.310169579700609,0.231839119968945,0.0336421333610109,-0.278786919347864,0.248559416816324,0.191068106651449,0.258822633830052,0.186216665002243,0.237499507216342,-0.0337163796319884,-0.119895625635887,-0.105592871118996,-0.262758348873236,-0.162633062246578,-0.324217405332939,0.291155099421856,-0.017715526019314,-0.00222676440948311,0.194377337199863,0.0572523360333435,1,-0.26918325246604,0.104163807508669,-0.114398391276912,0.388986993184717,-0.0935338386535862,0.152770290322349,-0.174472524995795,0.229410645182914,-0.0579419913534077,0.0417016270133819,-0.132867430510513,0.294166557089539,0.0942484349507628,-0.032751093740745,0.240603879887041,0.19657728228175,-0.174446841833472,-0.120083619101274,0.128895613139792,0.205578163715144,-0.231536724521491,-0.232930247216069,0.344079107343664,-0.342717681545747,0.0643622565906879,0.0832541712749702,-0.0011111870044671,0.120564806270035,-0.326068952244877,-0.197160570324951,0.0927747342229922,-0.190726849734512,0.0712673504181619,0.0177135732974864,0.108754940736917,-0.275570958649257,0.298107511853707,-0.00792792823762045,0.207196131525,-0.0659478090840272,0.172722310349681,0.0953297867649,-0.11859621807502,0.0509357204168924,0.319916528799991,0.302290472646314,0.243165003273252,0.137298698299242,0.561277149262512,0.252203950287366,-0.220868364895414,-0.0405994335323991,-0.132929417008537,0.0696037006134594,0.112084164029764,0.0388542459148782,0.172439991743071,0.0450937542770069,-0.0955500324501353,0.144368525175719,-0.221160302272665,0.323574780624659,-0.274624066702228,-0.0971808887121347,0.0848566412363583,0.119813060988738,0.0391732821296391,0.109984702693449,0.14979861587129,0.0551458160552129,-0.0348387434814227,-0.198057272885807,0.334200031197837,0.159661903537897,-0.0356723522056957,-0.00454226970520956,0.0131833083480503,0.194093761255241,0.120289064349526,0.232213560015756,0.0266758638597925,-0.572641574141838,-0.346841192190981,-0.178225481542367,-0.0792259410724658,0.276734445654462,-0.154304473402268,0.0209102912907411,0.0797782020324723,-0.0916373026346307,0.21206686365068,0.0486264261666653,0.267788583111363,-0.0239372965747627,0.120945533909741,-0.181351375164932,0.208927485781707,0.0385458063458428,0.00155727700768591,0.224451862606217,0.188780290303862,0.275673993455443,0.171230922027066,0.0499279486441939,0.267325950621828,0.0217466017637632,-0.0389982054701247,-0.0395120886765364,-0.0641400680517547,-0.23936285244595,0.240378157952827
"Palmitoylcholine",-0.130848959089058,0.279702979586865,0.244264752552927,0.402212542482267,0.31013376060874,-0.0740993446980529,-0.107410473844063,-0.144061733779839,0.512914089304539,0.347301525993705,0.202420682336469,-0.0231892744275154,0.0387158682186447,-0.427757034344516,0.253982230845908,-0.278488405037619,-0.0665638725268485,0.0370284251563263,-0.104305234717293,-0.237500038065041,0.267520104883899,-0.35870355841664,-0.28277264861496,0.299831944768671,-0.269183252466036,1,0.0201178747763587,0.140445357844436,0.0753050908675071,-0.32386459995027,0.401852497832085,0.193420992532644,0.567729051527313,-0.123772895159635,-0.0604513985163447,0.0800614056802559,0.566470478653303,-0.0834798092538266,0.0746745231870246,0.179226913450492,0.132424999638788,0.222195155284967,-0.3564743280363,0.174991509922457,0.359886959832118,-0.210474461976652,0.0891357787579068,-0.0975443310616559,0.137343025861721,0.149357925307719,-0.0234836772934367,0.0370004023220044,-0.0222714542157842,0.0215758889938277,-0.0054824012441463,-0.296993108098802,-0.270326008679031,-0.0736516028335305,-0.402812760339338,-0.250947142102907,0.26439955529883,0.235933960408697,-0.063460658152315,0.107852529042089,0.0130441142785743,0.2626125100352,-0.020753959127166,0.049673570254021,0.25120200922981,0.211794507330328,0.152649874140732,0.0253686705197535,-0.20823771275864,0.187078720024096,-0.00141830398224073,-0.28944228791049,-0.284810005733274,0.19277487626368,-0.319291995604747,0.261476930126772,0.347973253789139,-0.0664180815367554,0.23921702076147,0.178266565120737,-0.140749970610874,0.06767239772901,0.109383965034205,-0.0832518030449732,-0.0209195387901553,0.0435352983009921,0.177023487114312,0.0531227471993781,-0.0225319262001469,-0.300223903881233,0.0139521882524221,0.0854666310355683,0.251791664629488,-0.110695296253658,0.143991235043065,-0.279329235522751,-0.0961368275903639,0.335164365369217,-0.184691661596276,0.101901476127397,-0.250399380341403,-0.169104441264383,-0.308273385310194,0.216590118648807,-0.466230170157329,-0.51521095282085,0.126903116364328,-0.28171587345069,0.0337160813496215,0.147803490761007,0.0354663690623814,0.140113163890624,-0.0233473707629943,0.165631715501564,0.189142557161807,-0.300596265361207,-0.387184682879812,0.336996253435041,0.0158010986548167,-0.244935275774535,0.124942050626243,-0.088303267512722,-0.0690052503104722,0.226270731567216,-0.157984463564235,0.153408713859017,-0.116992262357928,-0.0281652433233505,0.263696542192323,0.120760232046021,-0.0681634843211379,0.00681492664214024
"Hydroxydecanoate_3",-0.201272384130939,0.015454077690865,-0.244845474929435,-0.106683145690914,0.00044993508137151,-0.346798979889059,-0.0158201468794592,0.296880570415554,0.0751182616998771,0.175825513129052,-0.0687373758302834,0.0565262358718481,-0.0873492072523448,-0.241341956405778,0.307074601970582,-0.197875083766123,0.161219608760373,0.102572630066961,0.192726933541047,-0.11248142419185,0.0934794357330156,0.123035488758159,-0.111250646430497,0.170228921359849,0.104163807508679,0.0201178747763698,1,-0.325733538037074,-0.0928589627460336,0.0280098090955119,0.145473740163418,-0.211654142242067,-0.0730829497170606,-0.0324954566732126,-0.210142116968263,0.0789704124673334,-0.0372165422480167,0.0220531948778285,0.226627157082719,-0.275162478184668,0.145099571997216,-0.00773531582366272,0.126679116585557,0.119556930860653,-0.00701970582170561,0.241133517090625,-0.0838758636509914,-0.114565592649457,0.0430296206496964,-0.0678197027776199,0.235544407311544,0.0818418476369989,0.218799476471454,-0.0415083644138912,-0.176067761233571,-0.0867686258558193,0.0345726857032679,0.337902133165328,0.202416658115177,-0.289758699679141,-0.268043035886914,-0.183920857870252,0.332168970383271,-0.143707994184586,-0.277954354543177,-0.164486673431099,0.0913235347078768,-0.0160863804662495,-0.225167352200434,-0.0752200318021624,0.422587556310319,-0.0300016885998632,-0.156907557725679,0.0324287253303914,0.217411553578167,-0.201699193158565,0.210875980399077,-0.0746562733575424,-0.0332435575790568,-0.310575933957965,0.012934225771384,-0.0554697290474816,-0.531551742260341,-0.135677828642656,-0.141250886569289,-0.0594922100880723,-0.0562221658163066,0.193123475082962,0.0609418811119273,-0.264077386935204,0.224176935682554,0.174161210502321,-0.0682915657420787,-0.0237824421630744,0.203826077598061,0.230258005928284,0.259908043893758,-0.235996281518448,0.121218031094707,-0.13342897833269,0.378066756873293,-0.0416510502235137,0.244425537551176,-0.123943790701983,0.0188390740553682,-0.0512381598815868,0.220634237545075,-0.130210758860127,0.0862355359340882,0.0429693877304256,0.0252009216302312,0.305427205551819,-0.213794128073328,0.0940912786348147,0.117059345922994,0.249380018603356,0.099733811395633,0.284713470267106,0.150416435968176,-0.133094857834601,-0.00148440492151251,-0.0337918126257134,-0.0866991658467925,-0.205716686700144,-0.0979012873515502,0.376286951132875,-0.179330526209337,0.0657211231292373,-0.28120344607268,0.0953012978304539,-0.0710743298643386,-0.165268111375833,-0.207823872331716,0.418768318985881,-0.0371937365526105,-0.115051972051866
"Hydroxyoctanoate_3",0.0235304189121418,0.0308800663645465,-0.167681729986389,0.137237745151476,-0.119886080744625,-0.0340235837610183,0.281206849094626,-0.219968129882657,0.201305205525143,-0.0130705810963797,0.0671975038073279,0.522000471109151,0.0990436051563242,-0.20561693323457,-0.0541178769419025,-0.125285293578772,0.0696350479945875,-0.0593668526649816,-0.182150365310956,0.236987780249764,0.0269875034384397,0.224929593851812,0.150506604599406,0.131280579712202,-0.114398391276906,0.140445357844437,-0.325733538037078,1,-0.122244731419055,0.114051873141374,-0.131904655412333,-0.116435001550877,-0.113121795758664,0.153880817318766,-0.0366992890161473,-0.31462106876445,-0.0314361019085392,-0.0993476381766801,0.210677778426,0.0659467009439867,0.106149926894286,-0.0807664257211403,0.227612701672157,0.0634920714188615,0.0245166222885745,0.208681753638218,0.110464985747585,0.0204492099979814,-0.123738596794497,0.133342500120975,0.0729299819525501,-0.211027994117569,0.153753882273957,0.105486853869469,-0.0839539879653389,-0.0683674452282034,-0.18586383583722,0.262383708201208,0.260271587815434,0.0936747355935837,-0.31708349876438,0.0728683877080859,0.429497033052421,-0.17959871264032,-0.322640182907276,0.0715487793801343,0.21045604531605,-0.214272356306933,0.0725086064412705,-0.134465754903082,0.234019022840642,-0.159547932610184,0.122323667749252,0.332756302834591,0.236032809445093,0.0168531660977783,-0.0130159394215952,0.126164342046901,0.0491239906730655,-0.321826878666955,0.0524981669349507,-0.0728194565149155,-0.508808166332259,-0.054154162297634,0.0987081014772952,-0.311249119006531,0.0339760042907781,-0.299942989677982,0.118897896820158,0.0709227416320398,0.151777661642626,0.318586241016785,-0.0852578193408803,0.08502635646792,0.173287203467189,0.340532376001342,-0.00372058027737378,0.249692995317015,0.185878837494668,-0.111027470984267,0.515521343869947,-0.0928822799935092,0.367178102943887,0.104065812858979,0.230527604572237,0.397727502801905,-0.0549091220948399,-0.276977858183648,-0.176680860766932,0.210464771392016,0.326337638410992,0.00988172451683314,0.0390350878123315,0.205367828612337,0.140947264593515,0.354728833409099,0.152519223697763,0.380239012372758,0.224269116158629,0.128469012131051,-0.00492311850148996,-0.219771416307691,-0.153782063777857,-0.171884075969426,-0.109409057180698,0.253637526653397,-0.0934788930791029,0.204291730729775,-0.16395592683302,-0.0178353542409389,-0.169743888324436,-0.242619108393455,-0.261912947025108,0.150215956457137,-0.0359825959399727,0.0263794910362126
"Hydroxymyristate_3",-0.270105656871363,0.0793592214526812,-0.311038075650167,0.0207906206168399,-0.291044077853073,-0.308604130621973,-0.0899578477907378,-0.0807888752200509,0.164630484804695,-0.192392201104796,-0.259711120923635,0.350994012686065,-0.458388548491928,-0.268136804299447,0.128603049915739,-0.165666341129086,0.124144650581128,0.346944363724574,0.335002169329182,-0.374395755927841,0.286839323843449,0.0131755679705449,-0.240351488396697,0.26112024952201,0.388986993184714,0.0753050908675058,-0.0928589627460282,-0.122244731419051,1,0.135394895342017,-0.166115721468011,0.266321175735906,-0.0662456856899086,0.316161031271617,-0.24591917930435,-0.258299953914636,-0.0436632383135489,-0.230973577243214,0.14290581122225,-0.0798313615612945,-0.143519709409918,-0.136965424275314,0.0571601281401572,-0.127598929283672,0.176283723656924,0.0923664938120027,0.48504180905494,-0.522067174918589,0.107268450913721,0.147452938549237,0.22632813293226,-0.321165409427824,-0.0141722588546436,0.511332800778004,0.351005767038229,-0.574274033496919,-0.141343859318077,0.0346185396000855,-0.22074931827105,0.126224141416598,0.128888108853604,0.0912649577348431,0.427702526268604,-0.223121378654411,0.00984262468516557,0.314042377019688,-0.156411629708742,-0.165783643240294,0.116450681444987,-0.298010873313412,-0.167382672046568,-0.288612108440431,-0.301520979126186,-0.166954435977093,-0.275679297338158,0.392093265218681,-0.195306348149423,0.54554533343491,-0.0644150704926354,0.0587599451504435,0.268422712373061,-0.280882113717437,-0.24270337355693,0.168005465459644,-0.0878831229805351,-0.135458916587563,-0.370959637429718,-0.083384800603393,0.203973906120903,0.143622702928705,-0.243274735130413,0.309739377937059,-0.280600445691193,-0.3772469463444,0.404340735581282,0.485879065132098,0.245623413689184,-0.338210457470304,0.206036476529376,-0.0381482153956108,0.281455030443436,0.220992035661698,-0.205575296953267,0.0238657994145251,-0.0557942701033823,0.422626551884712,0.323873324091251,0.435338876314233,-0.0888585786359289,-0.152136803219366,0.0653902686067593,-0.00926815750860432,0.0565093281908233,0.187736315854767,0.276478914829881,0.126253836801476,0.00222786057905331,0.0443022068128921,0.389863109063223,-0.274911623947682,-0.0897572904217458,-0.295111276884296,-0.154865496307909,-0.120370013019689,-0.228983288843895,-0.32154921119934,-0.473115540496574,-0.0495917030971475,-0.159091488743156,-0.435084893069919,0.103413911546399,-0.207526440833927,-0.0375736783575201,0.137414267217535,0.35867167260798,-0.27464348024323
"Hydroxylaurate_3",0.091346669443066,0.166522137281075,0.317485854762289,0.156406675146852,0.362351378017752,0.197320686208227,-0.19705315166948,0.256154330749079,0.066713221662271,0.340405254975167,0.0985716258414065,-0.144169913005601,-0.0431223251846538,-0.103255108171457,0.177307663034691,0.0582757574565511,0.048032144553355,-0.221474629878744,-0.14623555799725,-0.164170677036434,-0.028278325496013,-0.227487250892684,-0.23838744342999,-0.0407180349841543,-0.0935338386535808,-0.323864599950271,0.0280098090955076,0.114051873141379,0.135394895342012,1,0.0438409858927658,0.0916095332099773,0.237722846315278,-0.416290215144638,-0.00740705372263765,0.297285477808596,0.302460719207309,0.114426562797519,-0.0341442585925732,0.127274444921419,0.0203348025129796,0.0434660806404964,-0.392521865750572,0.241242319164231,0.00971854053124491,-0.242764696362505,-0.438082527654739,-0.0135811516526274,0.13727088570631,-0.210343109615374,0.0738884707780449,0.295034067252839,-0.0414470494765301,-0.181203627354123,-0.0192411844900371,-0.0894996154754826,0.208997595188932,-0.265694220249775,-0.0394712528467476,-0.451511309858868,0.0261976178646978,0.162316782063995,-0.456678643438891,0.0950773636041964,0.0501497756474109,-0.140008048038823,-0.0300388718987348,0.334122724791561,-0.066131688092888,0.357397378103915,0.0247453290025962,0.177359778250819,-0.0200741958932686,-0.0933139040621886,-0.0848466442372799,-0.382114240563536,-0.167803781444057,-0.144814157200855,-0.0253325693070518,0.150738422751039,0.00862714806308316,0.181512991380998,0.219167121520093,0.0716344610552399,0.205872592279402,0.213800416500038,-0.044601000964698,-0.0400669636168731,-0.253121078153811,0.0222186313561337,0.299779367265295,-0.177410476537753,-0.0352486282293853,0.166235917774058,-0.136376748905914,-0.336952785489299,0.289875105679111,-0.277896804273963,0.177324521904736,0.0693301245636682,-0.341541112548989,-0.056388878719181,0.0320638439641873,-0.131444133498615,-0.128323313624737,-0.205251621812202,-0.303564953092365,0.0537225946922259,-0.101057675283488,-0.0840147608633135,0.0978779261239147,-0.00833688077265609,-0.11421660847283,-0.281096206425645,0.0937561549658898,-0.188184174274928,-0.0601795247287049,0.0459478680821614,-0.0227595457666309,-0.180268478808997,-0.0322054410129388,0.282439567038077,0.057694640704403,0.292417058505223,0.125865508775528,0.142514763830409,0.163525583874503,0.252030012501617,-0.023090716428251,0.189683105989189,0.0743408316138497,0.317064095130324,0.259445964888306,-0.159062031094254,-0.100932471079335,-0.183750219384441
"Hydroxybutyrate_3",0.247499731125921,-0.0532533138011657,0.00431619862176287,0.0404950745925966,-0.129432658569381,0.202645339063336,0.143315850102482,-0.0885854267481213,-0.193747616703981,-0.255430506886063,-0.00254703005897251,0.216425608997645,0.0773165405235977,0.196335524471847,-0.408090041395304,0.202160840027466,-0.117514338893059,-0.272979487336376,-0.159030756481847,0.163941829790269,-0.0799614414910631,0.269846020039023,0.159487083461556,-0.0690535233471054,0.152770290322345,0.401852497832078,0.145473740163421,-0.131904655412327,-0.166115721468008,0.0438409858927579,1,-0.0122007210188841,-0.189051814745069,-0.0283685061715471,0.228473688034093,-0.202277730924335,-0.163761430539765,-0.139739078241477,-0.0598753480472752,0.135382756937357,-0.269495822391864,-0.296613930252546,0.0774719887877345,-0.155726777272932,-0.160211924794808,0.0660382561209778,-0.073754337950275,0.0849148399717448,-0.0292447412714832,-0.0308038380831584,-0.0963476832083656,-0.0331038798908284,-0.180836676698505,0.0905030094214016,0.0419917178831447,0.213338028329249,0.04662729116075,-0.225659418890307,0.0695888738949165,0.115964220876837,-0.152161708598269,0.0992297128570184,0.125514900945785,0.0892713008179395,0.0395014011439871,-0.00816790118581601,0.149908699591927,-0.00372290956357909,0.0813772895766269,-0.208123812158989,-0.377912644008664,-0.110334745161863,0.174701714749793,-0.031267347073446,-0.103416733085325,0.201623026020756,-0.217199645016631,0.0140348853413562,0.178757563212029,-0.189462427249818,-0.258210291653416,0.0793575582254393,0.0541941642041846,-0.0500587618660126,0.158980507871946,-0.0309184496494419,-0.015165885161542,-0.136415173810219,-0.0608885102406136,0.0238227084131807,-0.216132717446173,0.0366790525433896,-0.0475830222224344,0.183676978886525,0.0562146297577089,0.027374299392196,-0.162649722160033,0.154750053916796,-0.259700910845859,0.173723110375921,-0.0205373989862847,-0.0944620567039322,0.170754932071899,-0.0984437457050975,0.282841131101759,0.17796231257425,-0.0407587956830803,-0.130856149223965,0.123741214728274,0.28999075354262,-0.0832880274710747,0.00812055055261902,0.124919326788174,-0.163726233749177,0.208110817890225,-0.197517938994942,-0.1348784455911,0.0039767422243236,0.0843332545939343,-0.0897081412040732,0.0564877710586653,-0.186165193461202,-0.0489455587232928,0.339114642959286,-0.0343601283869596,-0.0734649617316023,0.100874999009313,0.0358311604691539,0.252927886340452,-0.306491978868382,0.296037511982548,0.0287124299210501,-0.0844912252048862,-0.333654317497101,0.110865284676081,-0.211191698718102
"Linoleoyl_GPC",0.120822922783269,-0.127839494722101,-0.0100224888019309,-0.209307820922138,-0.0227091109367492,-0.0205966291694891,0.171687746883194,-0.0450464202747405,-0.125801222267564,-0.0208598360312895,0.172957883167633,0.108772456484633,0.321647100054845,0.0982697416941533,0.00562189324198625,0.130812407494657,0.120997004756875,-0.0834972404624362,-0.194060087985956,0.478731871413411,-0.35282376441432,0.166570658547783,0.281574596306678,-0.185311709182796,-0.174472524995793,0.193420992532654,-0.211654142242072,-0.116435001550884,0.266321175735907,0.0916095332099758,-0.0122007210188925,1,-0.0987038776728081,0.105845132131525,0.0282902263273336,-0.150437722542563,-0.0969026016902568,0.0918103690365015,0.208167751160719,0.0851667479962353,-0.00494848117071565,0.138433231294485,0.234569657686997,-0.0710637875356637,0.0402511709504829,0.252531772557116,-0.116491402995965,0.273328762220652,-0.12414797793017,-0.0405150708983544,-0.118617524905628,0.0100852974777507,0.34037964763175,-0.135020621696139,0.0964008796142941,0.297051735132676,0.0690281684241333,0.285505035438042,0.472576034957124,-0.175252494833476,-0.579267364868879,-0.13045646978372,0.231762649889312,-0.131393198652137,-0.168308932250318,-0.124888308193603,0.0715502283983678,-0.221876598035377,-0.153909151387592,0.00575947123464109,0.164176979800422,-0.00387807726797831,0.112084006664489,0.199894632823505,0.481784323334683,-0.292758754402814,0.192742658648636,-0.2371914001449,0.13193802837339,-0.326587904490579,-0.0933063084818418,0.0970343728729883,-0.408664230049072,-0.082022594405209,-0.0745266958732133,0.0369911406841216,-0.0300176758518401,0.00422942010018105,-0.0340069989081516,0.0357214429356206,0.209686142171701,0.15221826769471,0.0932711313806772,0.338634846349488,0.108621358727077,0.116033209906261,-0.212616623882628,0.0828848685691456,-0.0262681241212446,0.174286796905439,0.323695995873819,-0.215562435681079,0.193294606051111,-0.186819458287458,0.480303599217352,0.0571098691534386,-0.0286356752852885,-0.328604586868942,0.326551473512603,0.283016363719677,0.226198225580068,0.145350519368399,0.127984393287692,0.166135158078454,-0.0593737628325197,0.0593107837572772,0.342727841781815,-0.016867126906623,-0.0622299627310931,0.106875813822343,-0.0179126015365147,0.0453106497880129,-0.0406702023485312,-0.0112554776964202,0.073856755333094,0.483445410607614,-0.0369433128192218,0.0817168893380337,-0.065841850690952,0.103980073115109,-0.158661354587146,-0.139257455325802,-0.394937085351417,0.1931599980365,-0.502528982657138,0.238169691603611
"Stearoyl_GPC",-0.0295605754354098,-0.476337747966147,-0.292382978098246,-0.476433608531242,-0.3755394129108,-0.19882384790134,0.15773995416618,-0.0202035879833242,-0.52820978369931,-0.187179756142237,-0.260355531612774,-0.0963479863855673,-0.0490842647942943,0.409092520747573,-0.0627839831734797,0.334955685069763,0.217208142757126,0.177823110915302,0.398862582539885,0.0575619400176596,-0.0127437643254846,0.171404144286143,-0.0284645568854376,-0.198367300367168,0.229410645182914,0.567729051527319,-0.0730829497170541,-0.113121795758669,-0.0662456856899172,0.237722846315286,-0.189051814745076,-0.0987038776727991,1,0.0897299440713705,0.0698561595457896,-0.125969152034551,-0.499490854450111,-0.227211138491065,0.042290334644978,-0.220862479063253,-0.262223956950605,-0.0390639572272885,0.380265101630608,-0.0489504840645661,-0.430783612500498,0.330604747905717,-0.0227803072101928,-0.0929806750031285,-0.111038874744918,-0.065317019586624,0.126117038931057,-0.17217069649839,0.140231846332172,0.23597232721708,0.115919362341152,0.248238778659451,0.294527805317986,0.0590055628463104,0.522440974710199,0.0846719550100022,-0.0520136876851793,-0.0823297718170145,0.100847985959773,-0.191117675896177,-0.245845079831569,-0.168108113396645,0.228848167647005,0.0441165370105784,0.076665513742036,-0.215540475778053,0.0405451094233425,0.0770412553460254,-0.0304712333710777,-0.254041522362821,-0.284341797534442,0.243488533007532,0.306065110941755,-0.179332120521305,0.181369191255546,-0.405221800327182,-0.437071422065637,-0.282081391344446,-0.183120698836518,0.00127926736428563,0.0934301164051862,0.168445195287016,-0.248506371536508,0.249728006293706,0.227001728689718,-0.291661207831345,-0.0638073596782626,0.107327318662425,-0.37685659056482,-0.0238210394297958,-0.0997749962558303,0.0306233068415251,-0.0422254368353354,0.11329252567816,-0.0700929791789969,0.478692134233596,-0.0661350092903637,-0.236475598675352,0.17754128223153,-0.195888446296254,-0.0665675270914714,0.0162161274421864,0.320899387678441,-0.0759109108796212,0.173536251971543,0.474118223989463,-0.0932004220271038,0.38075278579218,-0.0727113861229625,-0.363555192933952,-0.336868229967128,-0.017371515740597,0.131263559233168,0.116723885682914,0.013611832559179,0.11347371805898,0.177062073181453,-0.446850437207066,0.00922586005802429,-0.00207918496643465,-0.125077733827743,0.0047795963796715,-0.104916011671791,0.00282656225864393,0.152674576569475,-0.214600264906694,0.0412424513713644,0.101117084846229,-0.252865940195154,0.0098003809257488,0.112989606797845,0.0290112984667213
"Stearoyl_GPI",-0.0880641314485101,0.0217131712208463,0.296113122089207,0.0555784310356928,0.476889832858593,0.131238225085035,-0.233019230311464,0.257833907928891,-0.132345692500532,0.450964095535179,-0.186338932315968,-0.253698975583569,0.01768625875314,-0.0436129412135074,0.12892626423159,0.0786282776299011,-0.1038670029427,-0.220316288261509,-0.167726440007568,-0.120770100253042,0.00925984210983445,-0.0370839589394181,-0.108221403226052,0.132233875485929,-0.0579419913534019,-0.12377289515963,-0.0324954566732145,0.153880817318767,0.316161031271617,-0.416290215144635,-0.02836850617154,0.105845132131525,0.0897299440713592,1,-0.0088221408084076,0.361373365861349,0.214025749715483,0.0929532469961304,0.0694944603313026,0.106250390051742,0.203561453165348,0.0345861950468305,-0.378054401150103,0.0323500500406636,-0.235372565006434,-0.134786159009367,-0.402912936641147,0.235967778186,0.11994255812369,-0.374185121209088,0.142964469859781,0.205272369971909,-0.100212611075798,-0.271939610195042,-0.258791120993917,0.103772528366521,0.256765781841513,-0.101614180595189,-0.074174575192372,-0.13595319846811,0.069591207337552,-0.185855139953362,-0.46438269484165,0.381637238377434,0.0268936723351514,-0.330853879578885,-0.000349859256226589,0.211739436186073,-0.195198380376338,0.316771194982048,0.0178504852872091,0.178415232229546,0.0895262450403677,-0.105927100657367,-0.117579700976854,-0.351191154843481,0.159245823199952,-0.409108885669465,-0.185982446311717,0.053810388076673,-0.11498714277253,0.286774584542022,0.391983175758252,-0.157315821732195,0.0598559823266698,0.28154712039704,0.0682314470459011,0.284263285075665,-0.37378243722164,-0.231647100832046,0.000342745240318809,-0.300234718929199,0.221672314741971,0.160201422058621,-0.0983942163602069,-0.505749193361947,0.235693064687727,-0.0224091151219424,-0.115118402034258,-0.175091074045193,-0.320396575681659,-0.107211885859495,0.336192726656147,-0.133760683043232,-0.231701996124543,-0.447411429409208,-0.0733992874271713,-0.192561896551873,-0.0839679831036973,-0.0421968227740745,-0.269406277333663,0.203736961093594,-0.387184264967308,-0.431715530572153,0.126024395723855,0.0381864353259989,-0.354565275934786,0.156112952742329,-0.0653556801406623,-0.123253082232214,0.110312666725775,0.22481572424151,0.221415919407236,0.156674760577527,0.0253312884975242,0.188911952196351,0.372809577620344,0.215836205023921,-0.0368578777020069,0.178477584101978,0.233439636174452,0.155442828711996,0.163045079140078,-0.255611512807167,0.0820155169252445,-0.21358255020678
"Enyl_palmitoyl_GPC",-0.161407129954515,-0.115330527764654,-0.036945469463348,0.0975760246975238,-0.00690675548915186,-0.242573081531424,-0.315456552809124,-0.0293024798968069,0.149111464247856,0.107198733971967,-0.275326856062632,0.114883299767565,-0.338357335434202,-0.0376867848744767,0.331299280520332,-0.193448391483317,0.119076843457426,0.344518773776932,0.24329109246735,-0.160453205570048,0.124297984639748,-0.0474946660958762,-0.128239052105882,0.135812635516633,0.0417016270133873,-0.0604513985163393,-0.210142116968267,-0.0366992890161491,-0.245919179304353,-0.00740705372263001,0.228473688034092,0.0282902263273286,0.0698561595457872,-0.00882214080840819,1,-0.0680978883570418,-0.00809824465673352,0.1448842638467,0.216794739105613,0.0756464447414578,0.0684947751881302,-0.151773628990801,-0.137194073108471,0.0438642631634195,0.306034267524945,0.00873889257612664,0.182772634883004,-0.303815796523883,-0.19722138145176,0.0327021501354451,0.482050990563311,-0.0689818127110159,-0.0108380133535056,0.071892802504547,0.0189445124345017,-0.374870868393241,-0.108742083574775,0.2397327723123,-0.0477487108534097,-0.103546080232032,-0.0980690449040616,0.0954704523142689,0.20143059319606,0.049111611749255,-0.137784080853577,0.0965283395345048,0.0401865372000252,-0.188653280071734,-0.103697688736657,0.187892432682656,0.274691521972208,-0.12250087339729,-0.421462480712712,-0.0034421745162273,0.0247584083357624,-0.160483578169006,0.205200463246786,0.237730096213101,-0.211945990523479,0.0141980624946237,0.242472832692535,0.0679053170187611,-0.193475961476668,0.148725852343912,0.0994541398388833,-0.186113529613323,-0.0791849062974459,0.0102830374054195,-0.0215962039596226,0.0113472562703847,-0.0211750483717706,0.129992629899391,0.0611103432891919,-0.0855253899092625,0.103446896327828,0.109005851401111,0.394851956943438,-0.237471622461169,0.362287569641497,-0.175548338761615,0.286164557336042,0.0287544041697487,0.0240215309449595,0.230307567409811,-0.0137199137166248,0.204407492631856,0.14982708139748,0.0970547363938486,-0.0666322989690129,-0.177941561189372,0.176277456656451,0.19307464281231,-0.00771564628051105,0.200512217011379,0.149499999972126,0.326426400652589,0.188918407347648,0.0827668828826335,0.19868632664301,-0.0252115319836287,-0.128036613511384,-0.0152673246048979,0.0423363457475105,-0.0927460843438396,0.223585501426422,0.122710682265646,-0.311544548557486,0.1672885365184,-0.278195585112177,0.0977168493697444,-0.109105023907405,-0.0728426708019107,0.0441141633719891,0.144364600413283,0.0553250478232458,0.0799563201438478
"Enyl_oleoyl_GPE",-0.0445235728092385,-0.0566181787121589,-0.150466551899746,0.134713056205247,-0.285442190960015,-0.174107724485158,0.17960039824148,-0.447648938596933,0.0695440315023068,-0.309623011104392,-0.131785320471243,0.389654692888812,-0.171945320643693,0.0122967160254089,-0.170326041669696,-0.0953986594106714,0.181760251158214,0.291085457465252,0.0834605600443986,0.0794792091865017,0.137127249586434,0.0892386591162415,-0.00465551701672789,0.143182187876086,-0.132867430510516,0.0800614056802618,0.0789704124673327,-0.314621068764456,-0.258299953914631,0.297285477808598,-0.202277730924346,-0.150437722542566,-0.125969152034551,0.361373365861347,-0.0680978883570367,1,-0.00881225369173388,-0.239001306841851,0.360154008162397,0.213344452767238,-0.290670419283327,-0.00422133574971558,0.171205311578046,-0.211251531404981,0.40614095660743,0.00973468294471484,0.418399122559627,-0.27736604782808,-0.166977027508673,0.209595542714991,0.128910033753196,-0.366347208408909,0.0257392572479683,0.479029149672386,0.347619759382103,-0.220182150110561,-0.158290425325667,0.0807623035748109,-0.00695086732599844,0.0600969415928805,-0.176815254052208,0.411291805969598,0.514066238974929,-0.266750193017289,-0.278476735653519,0.486431904460522,0.139071628454458,-0.417447007010446,0.411699569187397,-0.352952117609309,0.0209289726964642,-0.049887756467359,-0.255175212457888,0.221759541808649,-0.064952834018373,0.227915519775247,-0.141374567474989,0.398595435770435,0.00884089458198174,-0.137531740563414,0.0254623929341574,-0.332007380748046,-0.259287012143856,0.228082819138386,-0.0576281205955106,-0.239019983278692,-0.122046771193133,-0.283422668785087,0.267890454808878,0.111250995792592,-0.182959361894609,0.55925627017214,-0.271876743417338,-0.197024692688353,0.379693102886744,0.570370132556493,0.0989125398682661,0.187060096090998,0.175729305495694,0.193586082513868,0.444884333456581,0.00367523434764497,-0.0180120808965366,0.0325376847321478,0.145511846072783,0.331996085212897,-0.0175315014597914,0.0990070973814278,-0.198958649567529,0.103712839353263,0.324512542613331,-0.1104485783733,0.288699855251552,0.323735023670404,0.040602465625079,0.235694723803244,0.303466702728483,0.179845809762806,0.500146906711374,-0.0695271580359225,-0.112795805738715,-0.355215446561451,-0.0595710967212398,-0.0716745023501405,-0.176544796092832,-0.0528956826757062,-0.396091398812135,0.270760203035364,-0.0214183762529568,-0.421093727432513,-0.171017533142067,-0.261469867760464,-0.365012696286924,0.00654858365846448,0.0883136375660719,-0.0544949789682683
"Enyl_palmitoyl_GPE",0.343238726476163,-0.416552576759511,-0.161943368437256,-0.528749670282445,-0.488272097331565,-0.09583529080329,0.204290683818345,-0.00810624165507568,-0.562458783729618,-0.55280308650559,-0.0241194676505065,-0.103237590053912,-0.107944610769294,0.458570272914015,-0.395310155252559,0.423943998263927,0.309094853574292,0.216384374194868,0.364575005470209,0.226674748670322,-0.386614179790422,0.265500332449292,0.324097358316314,-0.579887718324086,0.294166557089535,0.5664704786533,-0.037216542248008,-0.0314361019085393,-0.0436632383135524,0.302460719207311,-0.16376143053977,-0.0969026016902474,-0.499490854450104,0.214025749715489,-0.00809824465673106,-0.00881225369172894,1,-0.0891703030507665,0.020704416083318,-0.179148722327373,-0.302572863474126,-0.0803889244153103,0.481329512633184,-0.300089513987974,-0.366172999230762,0.200541917311497,0.0692331350606372,0.156519668012612,-0.10820137281803,0.131470862554397,-0.017744642910214,-0.145207256196483,-0.104923002211879,0.174546374965086,0.171324520568986,0.33732782038354,0.316426080988363,-0.0861722620283544,0.480590811134061,0.127783202210445,0.0121209933002378,-0.225923334441097,0.157256148245991,-0.309555554418887,-0.20836158425859,-0.184393209637963,0.147357947196534,-0.139475980386111,-0.214707475619011,-0.218201077929289,-0.213213682461174,-0.15455454650907,0.021912772945466,-0.309335390854376,0.098860788718929,0.214879899948311,0.352381473945482,-0.177705200576468,0.085824494567085,-0.298077610133347,-0.551886062608522,-0.0381336111169958,-0.258201498222498,0.100137835939531,-0.0247629526343217,-0.0931821555734031,-0.00652221488366876,0.0832338479287255,0.343764399393669,-0.186233874334966,-0.12354597539214,-0.0248059707867596,-0.0645362296718582,0.231054193265181,-0.0247679509822081,-0.124034640836694,-0.09885644783412,0.258581951743147,-0.162218453365047,0.340736060726176,0.0748980545162642,-0.379475522716276,-0.0667792512359958,-0.225259237332629,0.121610331157854,0.0826803598224656,0.440234228798759,-0.0948172922194883,0.416021176323804,0.577914361676071,-0.0623104327051216,0.407441650230861,-0.105684968723074,0.0869647748754434,-0.338315130174794,-0.258530952536496,0.315120500304996,-0.294772588530961,-0.239440933825457,0.195263848154035,0.123725280204518,-0.361290607863471,0.098251942728306,0.168122780993869,0.129062830448919,0.0822436840970251,-0.266537039302054,-0.371406174180764,0.476577063215305,0.0506649381990437,-0.105374223467168,0.192679891427656,-0.247452243939018,-0.101328944291641,-0.140240438454749,0.163678123769809
"Arachidonoylcholine",-0.0252823589389796,-0.145189094182676,-0.0549628524867119,-0.156695131808579,-0.305965355329469,-0.261443057577918,0.253175176265326,-0.396910809764048,0.0509209178649089,-0.13582060077611,-0.0133308791408002,0.150463546563316,-0.0321118398429584,-0.184321055812104,-0.136815181448254,-0.115221453160844,0.185474880055524,0.134940509281789,0.224941678551066,-0.159423932913851,0.230782411934173,-0.026074726072284,-0.0316837146419886,0.121276783234161,0.0942484349507653,-0.0834798092538206,0.0220531948778269,-0.0993476381766824,-0.230973577243216,0.114426562797526,-0.13973907824148,0.0918103690364996,-0.227211138491069,0.0929532469961352,0.1448842638467,-0.239001306841853,-0.0891703030507725,1,0.0585043969525382,0.0522212883315552,-0.270412803308379,0.198366344990329,0.183773566053004,-0.18834686036853,-0.106896934194134,0.303907116775987,0.42952179138462,-0.0455923685897221,0.15302702405169,0.289749004477917,0.0186822899180901,-0.465119992244694,-0.0652448485587759,0.494080844255382,0.341316799322805,-0.0789581747494982,-0.0911888520534096,-0.119772864216768,0.0285401825894783,0.0589312117952931,0.283865419734298,0.215171711615956,0.276456587898678,-0.198500037858384,-0.367734216951493,0.30308650243382,0.156190254803213,-0.0378152254984335,0.477450383715941,-0.297460549038962,-0.0501191983849725,-0.0659532841737688,-0.13011227376641,-0.029630706843496,-0.227281335731714,0.217645296053013,-0.215476336638805,0.256409049967964,-0.100892112264487,-0.219744219518408,-0.0865107997362475,-0.438262096803895,-0.0241998792775051,0.207573300710102,-0.235241460758652,0.0392483733833967,0.0816322216731107,0.0226992361796332,0.367977983225701,-0.0946836669713605,-0.171504783135078,0.307967048977879,-0.400294363138973,-0.386196852079889,0.0960825146151874,0.419498666894705,0.0709583919884353,0.122175101520258,-0.180620333749263,0.0659732340319816,0.00886595499812414,0.0279300014200411,-0.0177470686482944,-0.205160132748636,-0.149826233096552,0.15449591722016,0.014383860837865,0.207418224178466,-0.212917701827955,-0.0512898950491559,0.0725555118634548,-0.00960489351518146,0.0105053662761031,0.128452605719095,-0.150674387004678,0.126624678438174,0.0985305144645402,0.154851103069046,0.2087205272591,-0.283351207888533,-0.0694555242842451,-0.178980821139266,-0.221634798854091,-0.23994985904364,-0.118670075522947,-0.220945232786358,-0.366107567183731,0.0259120357440092,0.154396386836368,-0.249046520493522,-0.0241836704052579,0.0606476234043996,-0.0766797748935685,0.0819322978246966,0.0856778725009194,-0.0104776605296794
"Oleoylcholine",0.0910013850634649,0.154819583314476,0.0961308234559467,-0.00641815231833181,-0.0243362223730227,0.283573901491023,-0.058848402809532,0.0504403417758102,0.0574781130196395,0.0761893171606475,0.096438324885098,-0.234911511601855,0.203561270231542,0.151635855714245,-0.00187654377050215,0.0580322490629481,-0.314385564477559,-0.368794624171732,-0.0159079712639456,0.0325987543003249,-0.0224302231429919,-0.0150015911558037,0.046086437339224,-0.0653613913170504,-0.0327510937407477,0.0746745231870092,0.22662715708272,0.210677778426004,0.142905811222244,-0.0341442585925802,-0.0598753480472652,0.208167751160727,0.0422903346449879,0.0694944603313015,0.216794739105604,0.360154008162398,0.0207044160833324,0.0585043969525359,1,-0.0576203364121441,0.0142995125133465,-0.183847646790687,0.148336585509999,0.139850578733432,-0.293693113812197,0.0101348752408952,-0.140657225875116,0.0832727762216598,0.171471959223543,0.033914070958455,-0.179954667452128,0.179219197304876,-0.294936884262401,-0.243526281947339,-0.269711726481703,0.15449581581046,-0.122531221984993,-0.019425574125494,-0.201969152697608,0.290090999669211,0.306807876762087,-0.0915835286773742,-0.313500225347642,0.0562442915049707,0.404191553938441,-0.0878135562852248,0.0125076119999469,0.386011338397751,0.1536626281146,0.0625567380170361,-0.123370847055254,-0.134360946770871,0.350077283507492,-0.0923501267218929,-0.0972173938182017,0.278945124293267,-0.036434765738308,-0.058226347030622,0.22055045245156,0.231640034868252,0.102647652073454,0.0524767118264287,0.31075583339638,0.0722048900582861,0.250902402424486,-0.0974296074396109,0.33656485487133,-0.111301326858469,-0.128856128081034,0.112075629500843,0.163512586416878,-0.242930664696308,0.176308288420603,-0.126654443575323,-0.468666564516814,-0.256582771845615,-0.358921991654245,-0.0443888265303517,-0.351193351627807,-0.0140955048020098,-0.373559372413748,0.125616002613471,-0.137487099084094,0.203427913218091,0.020947793875042,0.0424776672649787,-0.176969208712037,-0.030578921494995,-0.0678185927955336,-0.0527592005976574,-0.210250831839629,-0.277323024754398,0.176847391118818,-0.213983369058776,-0.0762549214540264,-0.275578558832592,-0.161928380086082,-0.180528577250543,-0.467433075784806,0.265603253380763,0.00732021630030418,0.106878797403907,0.0281817990578911,-0.0289517884838901,-0.0422321076460701,-0.315107474002158,0.36048088993236,-0.369105848401661,0.0771101418853695,0.0878571541688807,-0.0645871520485788,0.0448635028536927,0.399302991315481,0.0173163104122216,0.00690845093040632,-0.0618327907329625
"Dihomo_linolenoyl_choline",-0.279041158341623,-0.0287948959414843,-0.331708115411144,-0.403735626057723,-0.120413665739293,0.0410948147989883,-0.157027423985012,0.31602406532573,-0.173811040236358,-0.0263744443724732,-0.110074684211937,-0.237578927300643,-0.173789681486501,0.0883896978913967,0.125680145956924,0.0853691548793265,0.155731993172968,0.122268563760796,0.27986466018243,-0.190771822501051,0.0117779518274493,0.0910157519755581,-0.207519310168854,0.033941814193565,0.240603879887041,0.1792269134505,-0.275162478184662,0.0659467009439903,-0.0798313615612946,0.127274444921425,0.135382756937354,0.0851667479962351,-0.220862479063255,0.106250390051747,0.0756464447414614,0.213344452767235,-0.179148722327382,0.0522212883315608,-0.0576203364121466,1,0.164022476581989,-0.143364639554516,0.0666025596985681,0.020588371420757,-0.0559051385395911,0.196584279609251,-0.0191711758309406,-0.182443471277791,0.21685621434518,0.0950626039218194,0.137114846680195,0.195726177179361,0.24858231770716,-0.0455622974560477,-0.0447005195916754,-0.0416699575233972,0.135617510568151,0.184538211740723,0.111129104731623,0.0116512993531137,0.129819519165036,-0.336445876651195,0.00257582760718834,-0.285736598809071,0.203909419364566,-0.188984202034414,-0.042033502179923,0.0327675266408693,-0.291566317545946,-0.180446776418176,0.261173949432157,0.189223915289171,-0.00169556460561507,-0.335256774019552,-0.137555033495203,0.100921996490361,0.308146547189212,-0.087996163958477,-0.19979701851501,-0.228172671016618,-0.136084038750358,-0.0187179634569218,-0.0582418511728438,0.0415583957366603,0.030172161206581,0.152228765008436,-0.209482403917038,0.441795331518768,-0.0698150946583968,-0.092949969709322,-0.0741374873103866,-0.116850604126243,-0.016570826034943,-0.00651251871494944,-0.0151968428861403,-0.0681238673102324,0.0305440343620305,-0.325917457661064,0.0587331814249078,0.165355023216387,-0.0142777692511747,0.0549232807185405,0.0155013243289954,-0.0404365924122874,-0.232375801488032,-0.180587066174557,0.18668355351442,0.179199684901703,0.3301890050599,0.0435240309352099,-0.305394751839571,0.369111636580302,-0.154025669889638,-0.156793215109499,-0.243187152462652,-0.159253592519643,-0.0425544307572339,0.0230237094717917,-0.0467142181925205,0.0566243082125478,0.258663867609436,-0.00948733037114549,-0.0068269998469144,-0.0518989387976659,-0.0450784982389487,-0.100438914469611,-0.0941835306323645,-0.132193909061114,0.040484521450345,-0.154588970545488,0.197841728588297,0.0232505059365788,0.0381370416034753,-0.0270226216284324,0.194179653825055,-0.105991406952787
"Distearoyl_GPC",0.34743299105939,-0.165120064398714,-0.0681379770548158,-0.197571619087549,-0.259866311550948,-0.248569864336184,0.383096322779647,-0.253057889383068,-0.400279062988424,-0.407718341003123,0.0206814089753182,-0.0121479007601395,-0.155420796036182,0.327914671945202,-0.363079227711402,0.122936512562414,0.284560475925169,0.243280543179332,0.391450495967369,-0.141567103734244,-0.136484899389443,-0.120735796856064,-0.0455215915305236,-0.343373202271112,0.196577282281746,0.132424999638786,0.145099571997223,0.106149926894287,-0.143519709409924,0.0203348025129843,-0.269495822391871,-0.00494848117070728,-0.262223956950603,0.203561453165354,0.0684947751881286,-0.290670419283329,-0.302572863474128,-0.270412803308379,0.0142995125133411,0.164022476581993,1,0.0694383937220658,0.202518959806869,-0.0619900006433567,-0.122195928495531,-0.145240986388679,0.00397981081963123,-0.0443259453618755,-0.188694760356797,-0.0786724286633768,0.00271432824179684,-0.19151131950528,-0.233783614762413,0.357854011269925,0.434942097991259,0.0614295015093258,0.352266738509097,-0.380418308234778,0.16859292490671,-0.0739458019354325,0.18747972324836,0.30764724477166,0.0722590838480357,-0.329105596254991,-0.28830080040023,0.243806950516634,0.257879248516897,0.194685588949686,0.25254751393914,-0.27497644356818,-0.246829012870295,-0.0763862469809276,-0.291650664846737,-0.123410463314806,-0.219249477949086,0.13468891917449,-0.0771021287166159,0.148246267108764,0.406552032697202,-0.114068446001184,-0.284894705499619,-0.388505609038305,-0.079769446981876,0.269643066200264,-0.150214105207719,-0.0230066136724819,-0.0646167542390507,-0.0695012525265944,0.322375770173351,-0.0453708295691455,-0.0614034145675461,0.356877208019575,-0.330690172686652,0.046553700798521,0.100607015218404,0.0915817634038989,0.188990471803545,0.143619152496094,-0.130960940333304,0.310456425861863,-0.137998243100434,-0.340104749700315,-0.252400974731827,-0.31908467125888,0.0518802123300212,0.0788266150331154,0.194704973099158,0.299632106005377,-0.00894433230832717,0.370746934971428,0.233911620321658,-0.0271680246458326,0.161680492177708,0.174442513768433,-0.257454540565472,-0.248304245677439,0.299194132531614,-0.164101250232607,0.138081393674729,-0.145736510531137,-0.002207873299675,-0.318899789141077,-0.0536212692682764,0.300349821133978,-0.100807891674036,-0.0397011814554053,-0.318413316332561,-0.00262926656709372,0.368911272160672,-0.13493376122556,-0.0820398849680164,0.306442139086925,-0.0735707554073883,-0.0202789444183474,-0.0894791715593228,0.0466665105105222
"Docosahexaenoylcholine",0.166978512960966,0.0623407249101244,0.128480802858016,0.234032958057208,0.0706279247124608,0.418482847133695,-0.148800871018873,-0.0517339376035568,-0.0168515779069337,0.0264227235447487,-0.10682415734884,0.236772145006017,-0.199663405995956,0.0372766549208653,-0.231691311713052,0.0816525027635004,-0.227037616171668,-0.0739579505986572,-0.0280053755240729,0.0419239150830662,-0.017612857307372,0.268882004924324,0.0981258840014392,0.0689798189208197,-0.174446841833475,0.222195155284956,-0.00773531582366249,-0.0807664257211347,-0.136965424275313,0.0434660806404915,-0.29661393025254,0.138433231294492,-0.0390639572272771,0.0345861950468229,-0.151773628990808,-0.00422133574970791,-0.0803889244153015,0.198366344990333,-0.183847646790688,-0.143364639554514,0.0694383937220764,1,-0.0566567702870939,-0.0476875382084425,0.0437548546629789,-0.158907074922353,-0.205243944243598,-0.0138958995184077,-0.186765365988977,0.00795544200621481,0.418146878625217,0.151026543835827,-0.132700815191943,-0.196174693626067,-0.256652959140292,-0.0323916152050486,-0.178862497434434,0.0917740860338257,-0.0852486010078662,0.147275835424497,-0.0647984144705435,0.0627665243357709,0.155349361822915,0.20822698459808,0.271993326868373,0.103598750622961,-0.0161878479716075,-0.130255074234332,-0.237451427550369,0.0223122154124263,0.0288567501600807,-0.0180537993936252,0.204207040643802,-0.0187475320687018,-0.103843275661212,0.0797817946422745,0.0592686291818465,-0.0415848532759658,0.184385040102027,0.0954400948523864,-0.112393269439203,0.305291952063033,0.0709296893085483,-0.0518598095869773,0.479618975715845,-0.378243350822296,0.119464634706656,-0.0726298823543442,-0.329627902093251,0.139339007396421,-0.307769604711115,-0.227301264038437,0.253654032892294,0.148426379877733,0.0877854290044552,-0.117963224425517,-0.179476154348655,-0.0952081618184537,0.0458579392366408,0.0772395432411119,-0.0487589614103177,0.0642839308633819,0.174061941661112,0.156853801037151,0.252698379579596,0.316406218521632,-0.288419516145276,-0.0881687402280518,0.168879264723863,0.108062855180653,-0.0637961645925142,0.153793028145642,-0.00196939313573475,-0.142882548830237,0.197868096147584,-0.144487611725413,-0.22944085512532,0.0210933897862323,-0.0612186948578249,0.119705683264338,0.0130050473294223,-0.0380292427145286,0.0227019509454478,0.295935090317523,0.220590140523999,-0.0338472663933802,0.15080101411174,-0.185955229944151,0.213002406029292,-0.0879773724505401,0.359926501010595,0.109307018493635,0.12541391535831,-0.30471645897184,0.209691931114145,-0.185762530452319
"Palmitoyl_arachidonoyl_GPE",-0.114976329090234,-0.031570289011656,0.299303315087985,0.416679074320179,0.438836445535471,0.234788482378102,-0.228026846105523,0.171237349930718,0.191516714347069,0.312551069503911,-0.107872456423747,-0.186747868190651,-0.205613069470328,-0.0763810275083405,0.151040611534349,-0.140459676248811,-0.194926379917368,-0.0541205877456909,-0.239209294175178,-0.270882781868531,0.179566696997855,-0.120200866770427,-0.238334518183248,0.140455283273206,-0.120083619101272,-0.356474328036298,0.126679116585551,0.227612701672158,0.0571601281401627,-0.392521865750571,0.0774719887877427,0.23456965768699,0.380265101630599,-0.378054401150111,-0.137194073108476,0.171205311578044,0.481329512633182,0.183773566053002,0.148336585510011,0.0666025596985629,0.20251895980687,-0.0566567702870849,1,0.153705989855711,0.257014930283265,-0.286586999212148,-0.176152199556738,-0.102837856666533,-7.1607608237921e-05,-0.10120421006609,0.0940114794855948,0.233216852893051,-0.0802224731497229,-0.217378116338474,-0.154872997326266,-0.14854841564651,-0.0265333515416001,-0.137200066677685,-0.329593349875594,-0.258223643609499,0.0995093642524614,0.0468031025510227,-0.345647417519754,0.424889215637827,0.197913851278386,-0.043364754796386,-0.106088966499486,0.0632430387097617,-0.129237637815453,0.364132077957436,-0.00400228041922208,0.275262225318182,-0.13192372003502,0.0249108472170148,-0.165654904543338,-0.347812467025595,-0.199545810756587,-0.0228562326382431,-0.327690697330254,0.174360091999555,0.113018346497939,0.289466338858004,0.444456527144066,-0.00132207321244126,0.0731421971379663,0.217297998316021,-0.00935634832438067,0.199403007540227,-0.264218246009326,-0.0556454977829113,-0.121445413785833,-0.261444833198315,0.13935788381907,0.125401779300893,-0.0620154311063311,-0.274068370269657,0.190808676074225,-0.223618841768345,0.123069001614164,-0.211276546298793,-0.163590417355794,0.220844090848664,0.0158310859214998,0.27080798782279,-0.227215753648743,-0.254017319642078,-0.202124764675378,0.15981300616794,-0.0996558000393924,-0.442984054783189,-0.167347500528902,-0.0857945374937601,-0.177462102386832,-0.219693568169174,0.204995895076341,-0.0482118632109892,-0.342932867131924,0.0264190432469458,0.153692071881432,-0.152239612817456,0.0670887001099106,0.344755903304376,0.11421499505549,0.0666687801592939,0.22591827906062,-0.102393854577613,0.192335734688501,0.178643436110683,-0.0659160900877495,0.0333908381341937,0.376496280650484,0.120384662873615,0.366687420870299,-0.336147570538401,0.0963878181100743,-0.0361699306468924
"Palmitoyl_oleoyl_GPE",0.0858790978342322,-0.0749901071511855,0.161881055075645,-0.198849345093705,-0.11685353592193,0.0129183592898486,0.121409371118686,-0.0997285939208556,-0.232575275060789,-0.306376064805092,-0.0984165037151899,0.0971645755172214,-0.174735076004742,0.0346156462746633,-0.381838883803069,0.199154826314581,0.26388195959288,0.203433326559449,-0.0448449201177834,-0.0113075046345455,-0.0941807327227969,0.122336967950851,0.273424452405809,-0.0703984895785566,0.128895613139787,0.174991509922463,0.119556930860658,0.0634920714188603,-0.127598929283662,0.241242319164233,-0.15572677727294,-0.0710637875356688,-0.0489504840645678,0.032350050040665,0.0438642631634281,-0.211251531404978,-0.300089513987982,-0.188346860368525,0.139850578733427,0.0205883714207609,-0.0619900006433565,-0.0476875382084458,0.153705989855715,1,-0.00229444741553612,0.136245172395156,0.271715808123489,0.0608207855885379,0.0663580910138823,0.196029421991461,-0.0506381540618923,-0.29654057747396,0.017870779141165,0.275641061998791,0.162600157185089,-0.0918306240483453,0.0223561416282782,-0.0422153392602654,-0.0918010771589666,0.175983460659343,0.00597312326150017,-0.0964638723157031,0.211824217349687,0.0211835254607681,-0.00739988492144527,0.0820638019129226,-0.0368672905027483,-0.308920030203177,-0.0475331302532246,-0.347056603119843,-0.172924649553619,-0.145724554639114,0.044510641368461,-0.32451767514352,0.0200314626589018,0.205941974155347,0.105417310265056,-0.0864614136058772,-0.0972533001646887,-0.066242566693381,-0.176163610325652,0.017732950229293,0.0280772210596673,-0.0263360016334103,-0.228515987386866,-0.150480117208355,0.0391698758730586,0.0559262014266127,0.125917311301494,0.0685447459124355,-0.406733544785597,-0.0148432269203737,0.120718084994864,-0.00104594401359806,0.360004631778188,0.0680116629438449,-0.126332367020218,0.125153078924181,-0.156927667546127,0.122935219753019,0.17325456270215,0.0499202177410031,0.000391330251271595,-0.212232662482009,0.108798249704833,0.0738430152237212,0.0637751339096021,0.0883954225633179,0.18158638486428,0.157828827477622,-0.131677151006507,0.347763904066752,-0.258327544484067,0.19830822786558,0.0485223225607484,-0.118133051879276,-0.110755107324663,-0.165284318260154,0.0975799215254238,0.0669345058912026,-0.110645815578577,-0.1785563342098,0.287031687076886,0.0542316435081361,-0.0257661780721527,-0.081564056214731,-0.196301016484554,-0.247847924919588,0.311901178521045,-0.18874278861378,-0.031708261698363,0.0217808398012004,-0.334881126107862,-0.159995017165636,0.0202380931582927,0.115235701434882
"GPC",0.22413778960817,-0.192625338490449,-0.0663095831676631,-0.284187097110639,-0.0849188086415356,0.0624460025821749,0.25280640605988,0.170282210042278,-0.479043983675894,-0.0100375553588158,0.0181147051142087,-0.170418152230438,0.233385540512304,0.180779450005794,-0.141556386152125,0.274292949756025,-0.065793967443577,-0.293805302568508,0.0558920946503573,0.045201116781636,-0.193336588851703,0.0854668671302553,0.186224584497795,-0.254081123442303,0.205578163715146,0.359886959832111,-0.00701970582169943,0.0245166222885788,0.176283723656914,0.00971854053124341,-0.160211924794803,0.0402511709504963,-0.430783612500494,-0.235372565006427,0.306034267524942,0.406140956607435,-0.366172999230759,-0.106896934194134,-0.293693113812208,-0.0559051385395898,-0.122195928495534,0.0437548546629749,0.257014930283265,-0.00229444741552925,1,0.192185965522319,-0.346896401316128,0.377443413089762,0.0732949458603151,-0.221231326108969,-0.173789266938106,0.0624027573268501,-0.130854389270929,-0.158507276821761,-0.181287072165454,0.444879243893544,0.330307893941091,-0.134366436941055,0.338443803394619,0.200094235635477,0.171530555941242,-0.309553257744011,-0.272119181376073,0.0591158347528628,0.0440203546126142,-0.373306892588578,0.0384802400989865,0.44294842347595,-0.125638854823563,-0.0349149604508131,-0.188233434532684,-0.066039090438723,0.423196715248845,-0.284964339732073,-0.102546177287061,0.0849875892292494,0.225866893596261,-0.412005415399358,0.290969595524726,-0.133662359839159,-0.301180613946431,0.0464898306471827,0.102608837441376,-0.241343524602576,0.0100739916200829,0.0731213736662385,0.257037211295476,0.244362211413751,0.0290647790858821,-0.206420796457084,0.0257185653014475,-0.265506896323963,0.0257541555683151,0.164726985122644,-0.399301526109817,-0.36452563119852,-0.280770637982866,0.22269302430993,-0.406889215147599,-0.00213519859374729,-0.316333077816118,-0.341429554509599,0.164065965173486,-0.25678907532341,0.0255687922349577,-0.0867054231271475,0.151983327435694,-0.295921149731511,0.221765258593076,0.413361613049262,-0.263222003057889,0.11851806965667,-0.203986818761028,-0.377154487235527,-0.249805432993534,-0.216410784174892,-0.245762776984457,-0.0822553687991569,-0.431548796028686,0.21527307237295,0.156096406638136,-0.155392415090726,0.0400931274458101,0.102446929000103,-0.203390810051708,0.102786655736207,0.337165566140062,-0.26961176234498,0.221418685908842,0.17593638915968,0.0623089692793211,0.32529611104532,0.0628102237165981,-0.0542910227545768,-0.0422675085557299,-0.031293775422036
"Enyl_palmitoyl_palmitoleoyl_GPC",0.135343256981667,0.106680075436524,0.142486111892308,0.432808613670591,0.280953025960975,0.105997862181421,-0.18921810630085,0.123177382746482,-0.0999980984383663,-0.019249355540256,0.0465606558389762,-0.120123726785279,-0.212677260292426,0.0177670669418467,-0.118225432302739,-0.16006476837588,-0.219233803208364,0.0395357535014853,0.0898949632354717,-0.24524232013145,0.115278355680817,-0.0338821385946581,-0.111358431436011,-0.0909154977485104,-0.231536724521493,-0.210474461976663,0.241133517090628,0.208681753638222,0.0923664938120002,-0.242764696362506,0.0660382561209829,0.252531772557121,0.330604747905721,-0.134786159009369,0.00873889257612041,0.00973468294471101,0.200541917311505,0.30390711677598,0.0101348752408993,0.196584279609253,-0.145240986388675,-0.158907074922349,-0.286586999212154,0.136245172395157,0.192185965522329,1,-0.321598687540906,-0.0515624935372972,-0.177140074172179,-0.281574283341378,0.148740607606229,0.422446339140925,-0.293674007105228,-0.176922363419763,-0.125772563258871,-0.0894767379684291,0.138120577985511,-0.177827261845759,-0.30228364049577,-0.0200014772042223,0.089241514567014,0.321626858145631,-0.292735471494987,0.0568125366083982,0.0360480157277678,0.23275264806341,-0.000494495947812287,0.0402318347019127,-0.0411486116006633,0.134064932040965,-0.213031499748519,0.144735458965304,-0.219951260434305,0.176005129584954,-0.179556975975521,-0.160435770182491,-0.257675552284169,0.096334162243672,0.177747073000168,0.376752006729916,-0.0827161147756881,0.155103718204234,0.263192519493125,0.0520740630323795,0.0180477945692983,-0.109718346168852,0.0816471530398833,-0.167021436410844,-0.111029852615306,0.050674792237847,-0.0582996341190602,-0.0514286948621441,0.172715936428887,0.0970852047576338,0.119743539006157,-0.35598163033638,0.180253258525603,-0.00225635910698593,0.219276908029384,-0.0484262189783216,-0.349237072522906,-0.0806521205704766,-0.16649748557618,0.134949858198412,-0.0766086446641264,-0.112282235913978,-0.117961521747034,0.111341223843911,-0.147578122149694,-0.177868236426883,0.0999509778446247,-0.306862897625516,0.115921516506768,0.0241929655757718,0.0573623868585925,-0.182151758688293,-0.0750338271377652,-0.199792388543626,-0.0589798196703972,-0.0629512784560673,0.11150011313455,0.0863274560419689,0.184749436741336,0.424733937175636,0.0403127310819108,-0.0564906182016289,0.266693089579035,-0.0118597402750986,-0.0194956745329131,0.048839204022615,0.107584585075584,0.172699782346138,0.220086165079712,-0.23898035950461,0.0338859657012537,-0.216943700584971
"Enyl_palmitoyl_oleoyl_GPC",0.358718989990523,0.0287117023215551,0.285279861097094,0.0138270499074725,0.507801430054145,0.342341738926278,-0.00562512339072052,0.337022342381192,-0.34022802451342,0.257915685253385,0.236361666297675,-0.212117404798201,0.198143806429919,0.222850957967847,-0.0641226622806759,0.240170309126123,-0.202771030069306,-0.456962076164404,-0.164091431914344,0.0832609778613126,-0.339464591149924,0.07886550111052,0.0119398824884865,-0.249294485199749,-0.232930247216065,0.0891357787579015,-0.0838758636509898,0.110464985747592,0.485041809054935,-0.438082527654743,-0.073754337950267,-0.116491402995952,-0.0227803072101967,-0.402912936641148,0.182772634882996,0.418399122559632,0.069233135060638,0.429521791384616,-0.140657225875122,-0.0191711758309411,0.00397981081962613,-0.205243944243598,-0.176152199556738,0.271715808123498,-0.346896401316132,-0.321598687540916,1,0.409831671919047,-0.145075356000908,-0.535679168951414,0.0524140268979358,0.566942335795667,0.0154386270070173,-0.648650381618933,-0.378370390999398,0.364803218139147,0.397107387372702,-0.116754409144219,0.271091511799039,-0.220193669372471,-0.193011028200337,-0.0931627692336752,-0.485604099765085,0.205187063632588,0.0930990959830007,-0.416268721399984,0.0512266030577027,0.458555278876515,-0.422707863339722,0.374408329088403,0.0763278413554096,0.32810735030059,0.261135036743616,0.012848945463674,0.115919919844651,-0.461074257332361,0.188695009305595,-0.605904327499113,0.348986717618413,0.0455468546191656,-0.291734811967264,0.385022396711655,0.142130101065693,-0.284352754591935,0.203470309893563,0.113614940665382,0.178693111664934,0.146561143209344,-0.382344262930925,-0.193185354616332,0.215820535728077,-0.412529262490117,0.284671564429133,0.516708871058775,-0.261525530410329,-0.648778337892072,-0.0616074346087033,0.0329383542552169,0.000915812361013925,0.0436062512387397,-0.43548240704304,-0.360706391120967,0.311976267658227,-0.189517367229415,0.156860184540232,-0.347397386091423,-0.266336020049222,-0.332901149143826,0.280205359827898,0.249201915040189,-0.0537300301734288,0.104891503520412,-0.167776835421589,-0.388122407875908,-0.0537822427745173,-0.301703661420656,-0.179262915657582,-0.057421553168073,-0.393536347285288,0.119177943561342,0.222273636024824,0.222950383113419,0.0959683523263585,0.569788221267783,0.125315085434354,0.427171288142198,0.571045995696245,0.055047641244919,0.151068997242838,0.358512021966371,0.278334357709759,0.374157784332153,0.146904812549204,-0.249576728546483,-0.193513455147444,-0.0241309334296314
"Enyl_palmitoyl_linoleoyl_GPC",-0.470315060309539,0.0976015248644509,-0.400230383793866,0.0964583948941761,-0.236100109877457,-0.374975489165181,-0.281086766013644,0.121641651961141,0.156579347570007,0.00591867342793042,-0.441879420598139,-0.0293083213305401,-0.501392947818133,-0.134702376966187,0.392840403141665,-0.188472032585324,0.184587962743202,0.435351817492368,0.467482387842995,-0.490879263144521,0.553743650807223,-0.17593398577781,-0.502205843878865,0.267621081365927,0.344079107343664,-0.0975443310616492,-0.114565592649454,0.0204492099979816,-0.522067174918591,-0.0135811516526183,0.0849148399717413,0.273328762220647,-0.0929806750031301,0.235967778186001,-0.303815796523881,-0.277366047828091,0.156519668012608,-0.0455923685897222,0.0832727762216716,-0.182443471277796,-0.0443259453618724,-0.0138958995184063,-0.102837856666533,0.060820785588524,0.377443413089771,-0.0515624935372887,0.409831671919057,1,0.236897710980761,0.0889702422806894,0.303688757658871,-0.0476362608255165,-0.0616491347959757,0.448198589906375,0.172624251918584,-0.562639349655712,-0.100637361775702,0.164802834924952,-0.316055820941991,-0.145347656627057,0.210929199227719,0.247959068782019,0.194171951795008,-0.205980609988867,0.0335794822900594,0.292818256444393,-0.0328459744817719,-0.0956701053750615,0.322924323368645,-0.33333419283418,0.0981549172836487,-0.111187903956005,-0.480711902632686,-0.252623047268785,-0.479067261904654,0.278094032780867,-0.196851211048473,0.534351984254951,-0.198044422689177,0.0310680718767574,0.225137585370049,-0.34969332134158,-0.0462515715632061,0.320342795989093,0.0599287253182934,0.00583062819590459,-0.360864343471487,0.063439108056113,0.136225216658489,-0.0253877639648967,-0.109835274726871,0.311247759424375,-0.310212293867678,-0.528352430783435,0.153109876336579,0.349579236390677,0.422125718829638,-0.484167013520005,0.306704602275429,0.162700799764734,0.12975681308045,0.394000488678062,-0.264161906467362,0.281683728510944,-0.380026561172878,0.116294414749219,0.253084052780011,0.553809398835949,-0.279963222039076,-0.304168478301876,-0.0853743232057202,-0.00892438006246109,0.155366451816565,0.00109605113870777,0.221994913927723,0.0536369288662041,0.068055785735365,0.0715794815425582,0.443116786107887,-0.22771101751846,-0.0730290668257654,-0.232250699874311,-0.082847534244878,-0.187475963172128,-0.239552586432589,-0.391523410561442,-0.389650189483149,0.156081530474758,-0.371364589479871,-0.507288672940228,-0.0749503960554515,-0.248432148853839,0.0737689536059157,0.169745385763904,0.46597599509202,-0.369117186869096
"Enyl_palmitoyl_palmitoyl_GPC",0.243636620162935,-0.265945423243134,0.132406503401143,0.0444563843780429,0.0787280162706652,0.0503643271749149,0.0978454513142875,-0.214782544271853,-0.123269483812865,-0.170617747275407,0.00254130152798352,0.150303377944833,0.033514315694474,0.249919366017076,-0.197068830815786,-0.0356058279148912,-0.0618580655987823,0.142060541674086,0.0469668645303556,0.159425331982616,-0.0500129166180905,-0.0279726085469929,0.308474098858519,-0.223042702386488,-0.342717681545747,0.137343025861718,0.0430296206496958,-0.123738596794501,0.107268450913717,0.13727088570631,-0.0292447412714873,-0.124147977930166,-0.111038874744914,0.119942558123691,-0.197221381451762,-0.166977027508673,-0.108201372818028,0.153027024051689,0.17147195922354,0.216856214345185,-0.188694760356797,-0.186765365988981,-7.16076082358786e-05,0.066358091013885,0.0732949458603152,-0.177140074172182,-0.145075356000906,0.23689771098076,1,-0.0301085739058668,0.183055703312795,-0.0855609111128282,0.130849961208181,-0.126019672725058,0.027922512849662,0.111011192186007,0.118733499837199,-0.0924191716597277,0.300143387167085,0.0782965584268828,-0.333744650246123,0.158380716742403,0.0940432173363096,0.100545132053074,-0.321963398143403,0.118390019265254,0.0570094350349894,-0.137096862997205,-0.168883550046375,0.222760195676577,0.117061389358313,0.0819534124697985,-0.0669117304859276,0.391133654318734,0.172472551339135,-0.0383485040499202,0.112356834960981,-0.0120587573444252,0.28585967682109,-0.127655421789511,-0.0848909055064956,0.0355900543028017,-0.16243291977383,-0.153462031304681,0.0399028992787093,-0.157793682050119,-0.0387795067756709,-0.137647289506105,0.0368316126884837,0.0677884373707998,0.00703543691502593,0.0937505019379287,-0.0730040358540431,0.321496060727734,0.0810090288043467,0.0346495800247292,-0.0873197924095971,0.303241443556484,0.182746577307805,0.104196932825576,0.0397940481128798,-0.2529752442654,0.193398941165939,-0.00509622352412623,0.279698965454902,0.222555128879756,-0.0608273276844197,-0.196879740724521,0.0239386443380427,0.214139354628053,0.275168884813886,0.00301145587290294,0.00311246901224785,0.168807214324438,-0.132851106064981,0.264801633656201,0.188190547776421,0.0892149916408614,0.0983737653124233,0.157522412675377,-0.0479616429998646,-0.208247274401267,0.140177676052509,0.194051486957352,0.173976100686976,0.18643776299267,-0.0628509007651072,0.0877492647532701,0.111403797510396,0.190195581337358,-0.0294853110964312,-0.0502029932151179,-0.23353485166429,-0.0304741506344905,-0.159274946080376,0.350871302849209
"Sphingomyelin_d18_2_14_0",-0.0689911186710095,0.112296380604904,0.042385173935599,0.0329941438591888,0.387922035546049,-0.00954016976907193,-0.0898720150640062,0.310713898110229,-0.232434541728165,0.281846973567489,-0.089886193243858,-0.137001750836416,0.0280781999221398,0.133788850022396,0.220321749594754,0.00413040344447081,-0.197633070921688,-0.249310531092044,0.0230219301863375,-0.113437647427208,-0.0710221364234848,0.2000558840743,-0.17741322471744,-0.0149250239017911,0.0643622565906911,0.149357925307719,-0.0678197027776133,0.13334250012098,0.147452938549232,-0.210343109615374,-0.0308038380831567,-0.0405150708983477,-0.0653170195866287,-0.374185121209089,0.0327021501354454,0.209595542714991,0.131470862554396,0.289749004477912,0.033914070958453,0.0950626039218191,-0.0786724286633814,0.00795544200621703,-0.101204210066089,0.19602942199146,-0.221231326108972,-0.281574283341382,-0.535679168951411,0.0889702422806854,-0.0301085739058678,1,0.139272892237948,0.424002870883379,-0.0791187701597463,-0.343877052637191,-0.291579564818764,0.0879837741388419,0.278001559967829,-0.0531378107925288,0.0238408389192453,-0.164207949397401,-0.0832880275739193,-0.12991407677942,-0.328059799724437,0.20715064503478,0.0021490681909132,-0.266960304710252,-0.0416756683729899,0.371519776087128,-0.200355120916374,0.139993759540473,0.0148632867424276,0.241873726810709,-0.0188086649312122,-0.0488945346160562,-0.0974453944886865,-0.175525617762339,0.0493840890287212,-0.299792715289734,0.231462975091136,0.228604645845009,-0.103931395476475,0.231720796036903,0.0952874083377096,-0.267308062159614,0.0623823387051816,0.132435839857387,0.00213669177445797,0.226570149973601,-0.38944400789256,-0.200289966931676,0.0245940603102335,-0.228220045881537,0.224533086824803,0.168647777941931,-0.120690557050936,-0.38996022009743,0.0671757525022907,-0.134729311650968,-0.00951699271457585,-0.210413661066452,-0.332007744527168,-0.274144630810795,0.148905606729497,0.0066497986239301,0.0413087014086657,-0.28043578496833,0.129723017115354,-0.170158858403897,0.0495321822356538,0.0152627327486985,-0.157834818191807,-0.0174755805805852,0.0023132783028628,-0.250806985592595,0.198073605437372,-0.13953922324895,-0.247154425709372,-0.190539340120422,-0.0883351642276331,-0.0352415891479512,0.267237638393201,0.112484233425581,-0.0245444633243542,0.35882470927169,-0.243849648278676,0.252132911357086,0.420076989386003,0.0700550034013195,-0.236552338828832,0.059019159151736,0.230870395382732,0.246589981270959,0.200607518185421,0.0291361102364661,0.177175096247668,-0.177627562011362
"Sphingomyelin_d18_2_24_1",0.197454163499199,0.0274488764168722,0.0687746727337061,-0.0390416843161189,-0.0810389162575811,0.0868470279417507,0.346542243938597,-0.0697919304945415,0.00817032057656589,-0.161405414420966,0.321285197390751,-0.127944395430272,0.468082905895957,0.0447805134909799,-0.245840059409814,0.200880421823525,-0.0604123805801262,-0.278941926463771,-0.341033877659367,0.341672541663938,-0.290434953341789,-0.210061141865582,0.213923233774797,-0.316484174952612,0.0832541712749647,-0.0234836772934432,0.235544407311544,0.0729299819525497,0.226328132932266,0.0738884707780336,-0.0963476832083647,-0.11861752490563,0.12611703893106,0.142964469859779,0.482050990563314,0.128910033753202,-0.0177446429102095,0.0186822899180908,-0.179954667452134,0.137114846680201,0.00271432824179407,0.418146878625216,0.0940114794855891,-0.0506381540618818,-0.17378926693811,0.148740607606224,0.0524140268979243,0.303688757658876,0.183055703312793,0.139272892237945,1,-0.0436046945824159,-0.0867134341851004,-0.0367142191135234,0.128303543413845,0.389180533112404,-0.0540941399742809,-0.224157801370097,-0.000307780449512896,0.0471647505230745,0.0167258971783375,-0.227327190869674,-0.141054849099825,0.0557087558455895,0.131034838457352,-0.240005330391532,0.10119925007939,0.0593310728770198,0.0874003718470348,-0.0305894665529576,-0.330700585046825,-0.186865363089403,0.306254079564374,0.0145452074745746,0.235372659747652,0.0796358554859402,-0.125650837452472,-0.161435934075213,0.0483745635849715,0.0355046516775029,0.0195532886538985,0.0976457424057616,0.0474028009488671,-0.0939363317026966,-0.166862097310792,0.175179590584005,0.121048273190549,-0.123556837930124,0.153692411821859,0.057808840198051,0.196942915594923,-0.159039786040091,0.0181061636018546,0.131646028383663,-0.242063921135406,-0.0502672622919285,-0.377697857626516,0.302036481888444,-0.424963033211751,-0.00983211563916305,0.00607185908514388,0.0575398578664074,-0.311968042818091,-0.0093636013210315,0.0921723242306059,-0.164394462546002,0.0313478787794278,-0.0739380042442689,0.118961989301404,0.0967022843799981,-0.121661337069198,-0.257167539936867,0.202794404283881,0.0465317822695201,-0.100296114695272,-0.309085800069453,-0.0528710783677401,-0.27550793130832,-0.17388958466168,0.0405267022509907,-0.052370788134721,0.206524545229416,-0.088537434566026,-0.130116454423507,0.0090655089613895,-0.0993949756867294,0.174359922502598,-0.200136006866181,0.214176203631959,0.0838126979660395,-0.205921987397301,-0.0416882665917928,0.00778136806404921,-0.0396236462600323,-0.282159770810268,0.276285277918439
"Lactosyl_N_palmitoyl_sphingosine",0.0625824851337203,-0.037907426330241,0.00914210292973794,-0.173800120281392,-0.362065295027399,-0.321925045746267,0.303963348585304,-0.524364507817472,0.111262557078763,-0.23166995888092,-0.133779472575323,0.341651238070025,-0.0859037311132216,-0.0978901871127769,-0.190668378885169,0.0686494926399919,0.302774455904789,0.316230605541142,0.110440641285646,0.0207398637490846,0.0366776211259939,-0.176563326478441,0.19916718888883,0.169709269905797,-0.00111118700447174,0.0370004023220098,0.081841847636997,-0.211027994117576,-0.32116540942782,0.295034067252843,-0.0331038798908365,0.0100852974777443,-0.172170696498388,0.205272369971913,-0.0689818127110109,-0.36634720840891,-0.145207256196488,-0.465119992244691,0.179219197304875,0.195726177179363,-0.191511319505279,0.151026543835821,0.233216852893054,-0.296540577473964,0.0624027573268484,0.422446339140929,0.566942335795663,-0.0476362608255062,-0.0855609111128302,0.424002870883383,-0.0436046945824227,1,0.0709884021581694,0.594026268274497,0.479240614102532,-0.191790005921428,-0.161891706289016,-0.0587332976255583,0.0749027887658502,0.227118166587843,0.0552579450865431,0.1252523798801,0.421281490633971,-0.0810889464278872,-0.26165711285278,0.315080985949768,0.0389278082100625,-0.274472791673309,0.297384949138147,-0.205312279650545,-0.0199290409000059,-0.266351385855841,-0.0798915811354563,0.0273062645048362,-0.0433838639809865,0.403877606444417,0.00777876094409772,0.267606820768551,-0.0131255207004675,-0.198700216788302,0.0968761315783601,-0.411641281504142,-0.159635295239863,0.0668027826553913,-0.155256180019279,-0.0594462343443359,-0.116994112130216,-0.152492084090924,0.398868112406329,0.0394431763801183,-0.175228323551869,0.448269093325968,-0.418251269790017,-0.26196587944264,0.293816550333714,0.546862247870783,0.0212481658853517,0.183508953325504,0.0300595027276126,0.113873031916441,0.326490596963548,0.0624417334477722,-0.0862380012863437,-0.187121301892155,-0.0212200141022618,0.218257177994439,0.153920934399415,0.100635909969127,-0.211153966715648,0.149604480223074,0.257886347072098,0.119093929326149,-0.121177360780717,0.253354407708965,-0.0682232652175868,0.323886026700961,0.188302646651405,0.305139720078784,0.280124745385699,-0.0935109546769854,-0.278071785736316,-0.306051697927852,-0.150962650726051,-0.377024770723681,-0.0897079186139965,-0.20376208979777,-0.517520816341895,0.0905180603683661,0.179651631831511,-0.136226337474337,-0.202182904817991,-0.227880187706862,-0.434601551775945,0.133805481968233,0.00600217046484563,0.19336239868877
"Sphingosine",0.236460613512676,0.0549818264400355,0.0980697864255761,0.294998485500484,-0.0764432794150682,0.0100008158040526,0.0127081041906617,-0.0627028891970216,-0.0764225676547671,-0.0910484700496638,-0.043776719478694,-0.0566691341689457,-0.157080172300381,0.0328624944410834,-0.197477930323977,0.0790650863236139,-0.201338401787309,-0.0568492616458229,0.122157230681036,-0.137155467128896,0.0353066746536942,0.044769780522228,0.0842234884158441,-0.0667193601289103,0.12056480627003,-0.0222714542157994,0.218799476471456,0.15375388227396,-0.0141722588546452,-0.0414470494765325,-0.180836676698497,0.340379647631754,0.140231846332183,-0.100212611075801,-0.0108380133535125,0.0257392572479701,-0.104923002211865,-0.0652448485587791,-0.2949368842624,0.248582317707164,-0.233783614762402,-0.132700815191939,-0.0802224731497321,0.0178707791411685,-0.130854389270919,-0.293674007105227,0.0154386270070255,-0.0616491347959814,0.130849961208186,-0.0791187701597423,-0.0867134341850987,0.0709884021581676,1,0.0285964147008483,-0.0735102099093521,0.0474551274342674,-0.0574347464908639,-0.242200507518391,-0.322435286529738,0.028420926144838,0.350700830156041,0.124758050409033,-0.100643107082541,0.0110390414960051,0.0512279371818835,0.17935388656255,0.152952677235088,0.164741739304994,0.218455615862993,-0.0755272222810558,-0.413095819999518,-0.159656046392028,-0.0357406250628804,-0.0881149135200804,-0.169669115990758,0.110322257627839,-0.260679759927821,0.16965133799958,0.171703954271058,0.310359562667012,-0.0772946603036927,0.091832478555788,0.286399529224766,0.1884510708986,0.102353630504137,-0.179611039130149,0.414180401638383,-0.202435690736265,0.0870319052941641,-0.0803093124376153,-0.102124282783589,-0.113636662842405,0.143094864430031,-0.0866065354576516,-0.115248822228057,-0.206153146567456,0.0193263780563276,0.0247102461673246,-0.297885005851219,-0.125268879643825,-0.227586170185203,-0.0463887826579289,-0.29596823611728,0.186393319964396,-0.0126412631792598,0.0372925352919854,0.105177872440199,0.0827553691321513,-0.19099950765421,-0.0214918064727315,-0.111717392631616,-0.288153225969246,0.165339433884493,0.081284383186798,0.148864554905288,-0.338975633642756,-0.106024292614794,-0.299482029386262,-0.183639605272115,-0.147634497100078,0.063035435147211,-0.0108102316320056,-0.0963107744967023,0.16744529296574,0.0101518983521465,-0.296585780384108,0.136611908819383,-0.231429104374182,0.179220462520781,0.00152081115974817,0.0187871323097971,0.267821795029173,0.395207623145973,-0.138704923042931,0.138992693622623,-0.221285672624124
"Sphingomyelin_d18_1_24_1",0.186929884331681,0.0856683175730535,0.296616748251775,0.160563188635224,0.499538137598757,0.423932031960207,-0.159933535856089,0.282359937104911,0.0378646440449848,0.400755008758809,0.288985346307596,-0.157509913975189,0.34260994982801,0.0418601867547716,0.0878293457888086,-0.0181984001513718,-0.478171443264121,-0.571978669974135,-0.349578881933589,0.245095555124907,-0.250687527237771,0.178162519606365,0.11235511350794,-0.0849669297840943,-0.326068952244873,0.0215758889938213,-0.041508364413896,0.105486853869471,0.511332800778001,-0.181203627354131,0.090503009421411,-0.135020621696134,0.235972327217078,-0.271939610195047,0.07189280250454,0.479029149672391,0.174546374965094,0.494080844255379,-0.24352628194734,-0.0455622974560496,0.357854011269925,-0.196174693626061,-0.217378116338478,0.2756410619988,-0.158507276821763,-0.176922363419768,-0.648650381618935,0.448198589906365,-0.126019672725057,-0.343877052637197,-0.0367142191135137,0.594026268274503,0.02859641470085,1,-0.570841133648006,0.377459911974739,-0.0145354245422991,0.096906408820048,0.0533255953452644,-0.0296026250993375,-0.238478290162631,-0.264183325660316,-0.384661485492606,0.291560730860191,0.276749297201993,-0.359285459023711,-0.0597155614515926,0.261771702078806,-0.417833664671399,0.458877465607744,0.23432556635932,0.35285730014682,0.421722935116128,0.17153800283952,0.397008768152774,-0.42547880863168,0.150516363466873,-0.471973787919911,0.127917079901071,0.193130682201322,2.37529233721821e-05,0.452506871698539,0.145278068302868,-0.281379275957535,0.200741861425563,-0.143864936177541,0.412782103330656,0.0610931941368887,-0.482442713726569,0.0709928014052841,0.208193112210459,-0.549557803681942,0.605361634720295,0.438155209608729,-0.295948305692084,-0.572345135447092,-0.366211109008019,0.0915629231171458,-0.0838631581754676,-0.26374575705853,-0.287793222243166,-0.113301180975471,0.269582473386849,0.17041273499221,0.253881371650148,-0.144644603101699,-0.400795109931592,-0.406209228881782,0.255641468411496,-0.0739407418735113,-0.152053229217389,-0.142121986448592,-0.0469811172905205,-0.245961556629139,0.0797826640655552,-0.104945951491997,-0.233962833776788,-0.186178311519603,-0.518515561989859,0.254243067467025,0.204449695131261,0.491665298774692,0.125568393988343,0.263138108063465,0.234090769707407,0.316299477623833,0.654642189808439,-0.134320188691696,-0.0661701014538276,0.447585443249806,0.207830979184417,0.144350840036143,0.306666348290463,-0.115010969770691,-0.209641315226388,0.107552352512099
"Sphingomyelin_d18_1_20_1",-0.075994501297716,0.118838592532807,0.0830603289656673,0.263384232788412,0.333166821595822,0.238414707904778,-0.191793135815331,0.30148455221828,0.0535704562695942,0.367079267102282,0.0311530536316878,-0.12977836465517,0.140595667783465,0.00648549159326372,0.21236292052688,-0.121144018994285,-0.441669212688862,-0.391874892313104,-0.212891086212122,0.018179813291698,0.0969592177671123,0.335171427270042,0.0535405577069065,0.177162685626934,-0.197160570324946,-0.00548240124415138,-0.176067761233573,-0.0839539879653365,0.351005767038224,-0.0192411844900412,0.0419917178831539,0.0964008796143,0.115919362341152,-0.25879112099392,0.0189445124344977,0.347619759382107,0.171324520568994,0.341316799322802,-0.269711726481704,-0.0447005195916796,0.434942097991262,-0.256652959140285,-0.154872997326268,0.162600157185092,-0.181287072165453,-0.125772563258873,-0.378370390999394,0.172624251918574,0.0279225128496651,-0.291579564818767,0.128303543413849,0.479240614102533,-0.0735102099093492,-0.570841133648003,1,0.154391506820244,-0.130189149013743,0.30490454799544,-0.145381461771584,0.159854604723101,-0.10286143080645,-0.237041523991976,-0.232293456237574,0.303301058247966,0.256964805093739,-0.252047544672261,-0.034227117344329,0.159299129892043,-0.254178277799543,0.213645860512477,0.184860730625546,0.187924705539292,0.295219279448288,0.12873665788867,0.141435365434411,-0.175934817673654,0.0898373809587316,-0.343254466808898,-0.0566408703684701,0.1592399258902,-0.0613937366296415,0.343844925387342,0.190271722420796,-0.276096958173351,0.19403652702918,-0.173320572843208,0.372864009461178,0.148990639742953,-0.393218206305149,-0.126387601397754,0.0960287500587815,-0.382946003009828,0.489356417343014,0.109418048505428,-0.279646306061864,-0.400082507035604,-0.225839147578731,0.00226690525593703,-0.096201580246282,-0.316610162703179,-0.149834214140602,0.122330373196271,0.293715280339416,0.309871376589238,0.0147752462654296,-0.140443242196564,-0.146778591146742,-0.400291862948001,-0.0685886250444452,-0.172989262252737,-0.312628545830639,-0.0532952399379466,-0.149916908714011,-0.238738092105905,0.0983634927073021,0.017968947784449,-0.364602493781859,0.0114075070651513,-0.330393458194867,0.26938913250515,0.0828568322214546,0.226727337378239,0.216349111119996,0.0460510660623426,0.00757922473113588,0.17284813711898,0.575384362460319,-0.116289441315361,-0.232094105706069,0.273237713518929,0.152974022960561,-0.0553021642763997,0.281301242109053,0.0325146901222288,0.0998404521960488,-0.15475147988492
"Sphingomyelin_d18_2_23_0",-0.356883391029167,0.298612832918873,-0.106867887911925,0.140586533124057,0.0753089745003455,-0.256391482400696,-0.299160215052253,0.0300757543871987,0.349289393427406,0.114610247351026,-0.269351026343819,0.265962520717483,-0.50077762341158,-0.372970509070627,0.328161680880459,-0.345742989457056,0.132645303852201,0.367140503251684,0.233603036306248,-0.54620592262965,0.388306396510703,-0.167371823942304,-0.351276853517024,0.468374724638659,0.0927747342229924,-0.296993108098795,-0.0867686258558164,-0.0683674452282015,-0.574274033496918,-0.089499615475474,0.213338028329245,0.297051735132666,0.24823877865945,0.103772528366523,-0.374870868393238,-0.220182150110572,0.337327820383536,-0.0789581747494995,0.154495815810473,-0.0416699575234009,0.0614295015093267,-0.0323916152050438,-0.148548415646509,-0.0918306240483622,0.444879243893553,-0.0894767379684202,0.364803218139156,-0.56263934965571,0.111011192186009,0.0879837741388476,0.389180533112397,-0.191790005921438,0.0474551274342763,0.377459911974749,0.154391506820255,1,-0.170806128598348,0.0974389277219245,-0.410807577618028,0.0406851742478779,0.223868811284242,0.215022255101677,0.249763448435164,-0.0821311232872276,0.0892447461597425,0.388742133250078,-0.242993929427526,-0.0835506144905383,0.101671521444778,-0.121212163705955,0.151719516443179,-0.0894517383683116,-0.396639368250878,-0.0789786777825131,-0.212978711531669,0.159470873985719,-0.167981759732081,0.429451422392903,-0.209724916279695,0.244290598898995,0.464758998930556,-0.241772543275842,-0.0852703060994992,0.214109885229773,-0.0957457070941181,-0.120107816790994,-0.276741345868294,-0.0182685359332941,-0.0118572521033969,0.190216543389397,-0.102393835617277,0.306284134755237,-0.13292193570095,-0.447489977665719,0.427260996520979,0.378265832905183,0.443975496596175,-0.419220382257157,0.380180003451948,-0.122211065878734,0.242471268028496,0.356380362029235,-0.1625552546345,0.116346934257573,-0.250164760133693,0.207240485507954,0.0740290296427681,0.508242184386864,-0.31036170659227,-0.413608433051909,0.110636873064076,0.017295953575456,-0.138851662124051,0.260031803709372,0.257918624531483,0.252217617295457,-0.0365668581956507,0.139079410407258,0.387717573732105,-0.236917872719376,-0.171856983304445,-0.0990623858033347,-0.00535150437157941,-0.156120026299296,-0.198347191053673,-0.209125231537015,-0.336264651019053,0.227336708326879,-0.336897611131037,-0.18302111835454,-0.00888568882933648,-0.183001050661999,0.114828110458202,0.175103698584764,0.299112365642761,-0.231648412033906
"Sphingomyelin_d18_2_16_0",-0.131965138113943,0.130046777669886,0.14096706201254,0.44293824542587,-0.0726406894487901,0.104465117972335,-0.0755957718686688,-0.361311108453905,0.689755110249567,0.244201287887752,0.191682309087664,0.316772238190431,0.146736733734391,-0.43166867719362,0.144515336039266,-0.27645606863164,-0.332077921957692,-0.0804800895739309,-0.206210877197578,0.140741051203846,0.296243996980461,0.00515202757122534,0.00626993360806555,0.379904544327449,-0.190726849734513,-0.270326008679036,0.0345726857032535,-0.185863835837225,-0.141343859318072,0.208997595188925,0.0466272911607554,0.0690281684241238,0.294527805317993,0.256765781841502,-0.108742083574781,-0.158290425325665,0.316426080988375,-0.091188852053409,-0.12253122198498,0.135617510568148,0.352266738509108,-0.178862497434427,-0.0265333515416106,0.0223561416282776,0.330307893941097,0.138120577985519,0.397107387372699,-0.100637361775702,0.118733499837203,0.278001559967826,-0.0540941399742791,-0.161891706289013,-0.0574347464908488,-0.0145354245423024,-0.130189149013745,-0.170806128598351,1,0.23969364526876,-0.378898807838588,0.185519589823016,0.00412145870877471,0.0835270944342134,0.406746181785584,0.18393140739326,0.185375178425891,0.243831262558357,0.00498640474106945,-0.288075952889311,0.323947513142965,0.0949810873705499,0.207544318829461,-0.112075342591195,0.0915441605045119,0.282294163626676,0.129049784834983,0.0865364353816829,-0.284010723965766,0.316493895218941,-0.265671427916408,0.285938121803794,0.391105162265736,0.0358346240912921,-0.0212551500455318,0.0739893168850403,0.236945010172931,-0.3158328925863,0.26341799485201,-0.256876281583295,-0.0807095145225672,0.237927217717688,-0.00943430475021183,0.0388970284139508,0.15249395267651,-0.338848161755932,0.0947950349077207,0.389661268423617,-0.256226292885912,0.0723849761920972,0.0281847396069607,-0.297945969682126,0.21888533901733,0.489239187063335,-0.0837522750702697,0.479346840718076,0.179478562434581,0.345076808387189,-0.300972234933368,0.00448873822813901,-0.255087577228719,-0.450648087477776,0.0671539202177056,-0.371639221256134,0.318918883020864,0.178000204035413,0.273190146282077,0.240586872408245,-0.0550343120879043,0.121376586243199,0.108392554270406,-0.0464763520151787,-0.279321314783999,0.343167216979068,-0.166160564148764,-0.453003954598952,0.193058243800499,-0.251858756636453,0.0279317583959852,-0.0532616595460795,-0.22457386052264,-0.13291381597453,-0.0325690038150282,-0.268027345521517,0.167708332208858,0.0848540477744855,0.0613595108402764,0.00447993565786254
"Sphingomyelin_d18_1_22_1",0.357229470028714,0.0229809619916863,0.240393622417561,-0.0511962390410221,0.0883083990950134,0.10385576283375,0.133081561426787,-0.0447549380751729,-0.173946123176003,-0.206883620892972,0.0844915003673731,-0.0859439855659875,-0.0206559531331548,0.152533212435312,-0.277513455703109,0.134755788964979,0.0836110713157561,-0.0840299786919753,-0.00315191434813181,-0.129722177393046,-0.147643739281002,-0.255401442195943,0.0635975636787825,-0.308333947657906,0.0712673504181567,-0.0736516028335375,0.337902133165334,0.262383708201212,0.0346185396000865,-0.265694220249776,-0.225659418890305,0.285505035438044,0.0590055628463131,-0.10161418059519,0.239732772312297,0.0807623035748121,-0.0861722620283526,-0.11977286421677,-0.0194255741254958,0.184538211740728,-0.380418308234776,0.0917740860338235,-0.137200066677689,-0.042215339260264,-0.134366436941053,-0.177827261845761,-0.116754409144218,0.164802834924953,-0.0924191716597278,-0.0531378107925251,-0.224157801370094,-0.0587332976255595,-0.242200507518395,0.0969064088200452,0.304904547995438,0.0974389277219248,0.239693645268753,1,-0.0154162430090915,-0.121479378691689,0.340616004303937,0.147562515542407,-0.280140602178457,0.0703616038580906,-0.00432300362136842,0.0443791510064839,-0.0358932469838085,0.3331618045389,0.122935648947639,0.0387295715891018,-0.426510791767336,-0.02103487247159,0.0297817211913381,-0.156098133057749,-0.109349201286554,0.100494446828745,-0.182549071665886,-0.0315922942500156,0.188586373024251,0.193641895030973,-0.154833153064913,-0.0701182808158934,0.282692725620673,0.0375904791954082,-0.138746859609815,0.196130469321178,-0.0564359959494752,-0.070536619087231,0.0883433417520524,0.0604011955379866,0.00270195317676097,-0.110750378928822,-0.220191708816879,0.0806492636694329,-0.0846273356752138,-0.194549569409146,0.101073912621458,0.188553079079572,-0.166904071047741,0.136444796884531,-0.38696613411686,-0.142598536679002,-0.238978625501338,-0.164249826129829,-0.054310566369056,-0.138332038645316,-0.086592191256758,0.251881089260198,-0.0171480341029826,0.0872513393283072,-0.0215886540571846,-0.112450469117723,-0.00777287401388494,-0.0372066747624911,-0.0730331588835946,-0.303945616131307,-0.111393598250516,-0.228546290282879,0.0241558404290713,-0.161749354656115,0.0201499942449789,-0.00469862652012025,-0.0108682736654773,0.317379762331451,0.000813665607121839,-0.229663832575032,-0.0011121111399687,0.0205352206160785,0.487096669939421,0.0531873821545687,0.13587881483885,0.392699869463388,0.149711741199237,-0.344986358024019,0.00424773749117126,0.14111495482355
"Palmitoyl_sphingomyelin",-0.294459012685772,0.434801302418456,0.0576947419867227,0.477481241016442,0.186990932895915,0.0251633426048181,-0.356041660050001,0.0474206292069877,0.428194202140616,0.181594496585887,-0.205314881746757,0.0362583309824736,-0.197751628318206,-0.358352480266374,0.119191932652434,-0.382063215688689,-0.27902996970796,0.0355989624356065,-0.0743631902136517,-0.395058762819661,0.396400301552767,-0.192912676376352,-0.256378890162395,0.45367989803784,0.0177135732974829,-0.402812760339344,0.202416658115178,0.260271587815436,-0.220749318271041,-0.0394712528467505,0.0695888738949222,0.472576034957114,0.522440974710203,-0.0741745751923792,-0.0477487108534084,-0.00695086732600157,0.48059081113407,0.0285401825894752,-0.201969152697595,0.111129104731622,0.168592924906717,-0.0852486010078543,-0.329593349875602,-0.0918010771589741,0.338443803394628,-0.302283640495762,0.271091511799042,-0.316055820941989,0.300143387167089,0.0238408389192479,-0.000307780449518729,0.0749027887658456,-0.322435286529726,0.0533255953452664,-0.145381461771578,-0.410807577618028,-0.378898807838589,-0.0154162430090897,1,0.167786870525981,0.418945237258369,0.0827543502810262,-0.0934082867918435,0.220450761214254,0.37354614984909,0.296772789102656,-0.169543585165867,0.0116767094172384,0.236930215453797,-0.136303015427189,-0.129805725648575,-0.0379058701194656,-0.052223588301013,-0.100595401248845,-0.279227409808194,0.229181562405659,-0.246322891804477,0.31976920415172,-0.260338894300863,0.527391048556924,0.407135274674874,0.0721554737276964,0.426450322922282,0.142463179770491,0.0459129881876297,-0.178660088446011,0.145611134822532,-0.0862808057794891,-0.190166050106105,0.248917713800419,-0.243593709794486,-0.120338352790879,0.202350924318072,-0.42830427995133,0.0854573942819506,0.0206730072690121,0.055838833042789,-0.179664220696947,-0.131909335009566,-0.388865196840589,-0.114564339963289,0.487923537316428,-0.362029665636995,0.374256881990516,-0.252891225230268,-0.0282943597344085,-0.108818327221229,0.345431589329904,-0.416199384278767,-0.583326504092489,-0.293510676249973,-0.348240057623856,0.0665078962128187,0.0603303571825431,0.3010514898986,-0.0229546024313383,-0.373960381175444,-0.0784479931627668,0.124261786018378,-0.140457122869318,-0.132473497093504,0.264538227293418,0.0985786483448625,-0.167592334067911,-0.127175999283572,-0.504019862514583,0.141234709063173,-0.107215973857215,-0.20471661467932,-0.175131015811458,0.040252651567022,-0.139924238126281,0.415778535665836,-0.0116273409653073,0.44491353588535,-0.29857797856189
"Palmitoyl_dihydrosphingomyelin",-0.0151757702108434,0.0181684860952013,0.158223868928415,0.00815520535476827,0.158351728594962,-0.0126059873063923,-0.00357794038738923,0.147780949380999,0.0412118028380244,0.177567373851494,0.0632123810291263,-0.175245466069311,-0.0340994543222984,-0.0514744745470853,0.210119197703786,0.144169932317933,0.276564432628844,0.0645955448684968,-0.0168299125909865,-0.0481839060948827,-0.104427906917534,-0.16167469393318,-0.19723920968409,-0.174434547597877,0.108754940736921,-0.250947142102898,-0.289758699679144,0.093674735593586,0.126224141416599,-0.451511309858866,0.115964220876836,-0.175252494833477,0.0846719550099911,-0.135953198468115,-0.103546080232034,0.0600969415928803,0.127783202210436,0.0589312117952924,0.290090999669214,0.0116512993531097,-0.0739458019354378,0.147275835424497,-0.258223643609496,0.17598346065934,0.200094235635471,-0.0200014772042215,-0.220193669372476,-0.145347656627057,0.0782965584268804,-0.164207949397407,0.0471647505230816,0.227118166587843,0.0284209261448377,-0.0296026250993368,0.159854604723099,0.0406851742478791,0.185519589823028,-0.121479378691689,0.167786870525989,1,-0.11172649432642,0.125346951316332,-0.0681133510525403,0.00186310369226608,-0.282149345545093,-0.145166820552314,0.161713643862912,0.100846358784511,-0.036779850041685,0.144366445805917,0.145450094482547,0.113068869647325,-0.322100312492948,-0.097097193178925,0.0178850957235164,-0.443245517217738,-0.0790702154361538,-0.0735630160193924,-0.0260948408666738,-0.111406854905218,-0.0521804277526779,0.0234777496363322,-0.106210313475013,-0.0317922890327566,0.0048635807012705,0.286728216171541,-0.184736805303352,0.0658324086600675,-0.0142186168355673,-0.13512272891003,0.193848230859013,-0.0249606450626055,-0.147334489113015,0.137691791864575,-0.0400227232648619,-0.0115997196684641,0.319760585643961,-0.320817678078686,0.177953545628583,0.127224686303959,-0.0582523697485805,-0.114995103140758,0.0298753067328008,-0.18411063463207,-0.076294751334275,-0.26274925389748,-0.0500190720164896,0.112176486953716,0.0389826944295959,-0.0675933539386007,0.105362251794401,0.186751481607771,0.0418793843644766,-0.0586178546132812,0.0817195839342583,-0.146782705660974,0.125226044210214,0.0232862581307856,0.233181846627682,-0.33506434088911,-0.0419027297290258,0.116409434180323,-0.138857453886357,0.115842320059022,0.148915874424819,0.206081718276349,-0.193283179586889,0.2387831978114,-0.0379542801152197,0.0819525551935823,-0.027791840066332,0.25634620958701,0.0312787808405969,0.0692106859031082,-0.166487278760394,0.0312913714496467
"Inosine",0.0640475107311384,-0.0534009595380425,0.108961246577513,0.0282435459253606,0.0868101690322639,0.0414315778333505,0.104337442695107,0.0377351500230477,0.0291824773620801,0.0144107086816479,0.14219644993543,0.208579253120513,0.285606394586604,0.0858200212597756,0.0374786124242292,0.0193168259281186,0.0223712802051591,-0.143236756310668,-0.304923178940441,0.475791527578373,-0.222939988265891,0.209489476188083,0.275562610176067,-0.117998549088082,-0.275570958649255,0.264399555298837,-0.268043035886918,-0.317083498764383,0.128888108853609,0.0261976178646925,-0.152161708598276,-0.579267364868878,-0.0520136876851844,0.069591207337546,-0.0980690449040575,-0.176815254052201,0.0121209933002335,0.283865419734301,0.30680787676208,0.129819519165037,0.187479723248356,-0.0647984144705477,0.0995093642524642,0.00597312326150671,0.171530555941229,0.0892415145670091,-0.193011028200352,0.210929199227725,-0.333744650246124,-0.0832880275739291,0.0167258971783381,0.0552579450865534,0.350700830156037,-0.238478290162639,-0.102861430806458,0.223868811284251,0.00412145870878454,0.340616004303935,0.418945237258376,-0.111726494326421,1,-0.000970359694719326,0.256035720555456,0.021274387388378,-0.170510996462335,-0.193830451265715,0.0578701377930335,-0.366701531975982,-0.278723766284689,0.163027789825403,0.201591944917766,0.0799453826142333,0.0410829935042377,0.423607452182051,0.471546029820666,-0.313421959544127,0.0930642245506635,-0.166134874704771,0.1486212648219,-0.293371164791694,-0.0238192421050849,0.231314199454141,-0.485921226748308,-0.270709244704999,0.0932557666777778,-0.0716762465720266,-0.142043500270859,-0.157183048579663,-0.0736852077129768,0.0153602060763603,0.203384679296982,0.0900450160570565,0.135297958692572,0.455932276838216,0.256437838929961,0.085611164716931,-0.180418330567825,0.0732446760663178,0.314203341221162,0.12017057768639,0.352608950536264,-0.107730363516352,0.420725599525137,-0.107614680153454,0.455176783170742,0.156252216191796,-0.105779527054122,-0.508747794119511,0.274161314403292,0.262535170857869,0.332240850741049,0.115058002827923,0.041460232059034,0.083965830810287,0.199320170011309,0.262798458206309,0.22668955223531,0.186170235691914,0.106676655052701,0.105442419291451,0.0346947077401851,0.0530528062182213,-0.056224836969638,0.0879217562621563,0.0979504485253656,0.57487497898854,0.0880352785562673,0.128166148371575,-0.174223089497981,0.0874785374584584,-0.0650535675037431,-0.306058778517872,-0.467480989070176,0.129537467939003,-0.333477420351212,0.168595336994904
"Methylguanine_7",-0.117387240488066,-0.00877915657847493,-0.161904683900823,-0.365972473467244,0.0587377103241481,0.0132787731793326,-0.109255736506083,0.30273885287876,-0.176712340241845,0.0799022272568579,-0.061151277614076,-0.221200949876229,0.217765248390964,0.0209878627449887,0.125954531031084,0.125434306297484,-0.119174048672483,-0.174754354377936,-0.050662854507129,0.120965196739658,-0.259709041285648,0.11644434943047,0.0691436237859237,-0.020791285006105,0.298107511853708,0.235933960408699,-0.183920857870248,0.0728683877080871,0.0912649577348429,0.162316782063994,0.0992297128570197,-0.130456469783719,-0.0823297718170153,-0.185855139953358,0.0954704523142755,0.4112918059696,-0.225923334441098,0.215171711615958,-0.0915835286773806,-0.336445876651194,0.307647244771654,0.0627665243357734,0.0468031025510267,-0.0964638723156995,-0.309553257744015,0.321626858145626,-0.0931627692336783,0.247959068782021,0.158380716742401,-0.129914076779422,-0.227327190869679,0.125252379880102,0.124758050409032,-0.264183325660317,-0.237041523991974,0.215022255101678,0.0835270944342172,0.147562515542403,0.0827543502810272,0.125346951316336,-0.000970359694715976,1,-0.0835435300263072,0.139351731407831,0.180210029011433,-0.470912654612338,-0.002160913193751,0.037841285508034,-0.486818875973857,-0.0424196690954469,0.0391916463952141,0.0425891952107111,0.282378272583258,-0.270472561165289,0.262932838283913,0.0446716476446346,0.395995448032331,-0.330308847862212,-0.158987916590206,-0.0824459085568568,-0.0319912299026794,0.244289853482736,0.000330090702224779,-0.23302242255822,-0.0665283867653587,0.118814246078961,0.0454925268823798,0.342938840723897,-0.234676472095047,-0.148025423383789,-0.074694975163883,-0.406768881589206,0.255871297924584,0.118410678406918,-0.196636434786767,-0.273049094382867,-0.246620122210653,-0.0265951722148929,-0.323723250087092,-0.235763723179981,-0.00176431091719203,-0.0381008217205064,0.0643247023889969,0.0167578869060569,0.0757462486581779,-0.228748242828632,0.35164098531062,-0.133073074631242,0.326894096682044,0.048128305057577,-0.478183811705277,0.23549413333034,-0.175847677135737,-0.161389001902703,0.0152407978459547,-0.111004775581632,-0.226347222130529,-0.25818888668739,-0.261213660651161,0.212363909073124,0.130222719081561,0.157216729364055,0.0793640196714941,-0.140694198182497,-0.08422726836461,0.054100617961652,0.16570311132943,-0.284814902473052,-0.0315734879990182,0.12017953899913,0.0792025533042449,-0.0149240012556944,0.0385279186700827,0.110114440944993,-0.00304139373382413,0.0358233819880252
"Dihydroorotate",0.0470834674411856,0.0149620607946376,0.209314641354091,-0.00987669822485438,0.363580307147009,0.355562765690526,-0.161096804860824,0.38744922809557,-0.229190050042132,0.220539107114735,0.00957448946005393,-0.531729741433577,0.0851936104727456,0.290285250978287,0.06209273360097,0.14880212066241,-0.145880251910246,-0.301290911887542,-0.1720551177649,-0.108702632985315,-0.137245149574413,-0.184466790756192,-0.0962147022615006,-0.222395235909376,-0.00792792823761982,-0.0634606581523206,0.332168970383275,0.429497033052424,0.427702526268601,-0.456678643438893,0.125514900945794,0.231762649889316,0.100847985959769,-0.464382694841649,0.201430593196055,0.514066238974927,0.157256148245992,0.276456587898672,-0.313500225347642,0.00257582760718938,0.0722590838480305,0.155349361822919,-0.345647417519755,0.21182421734969,-0.272119181376071,-0.29273547149499,-0.48560409976508,0.194171951795001,0.0940432173363075,-0.328059799724434,-0.141054849099818,0.421281490633967,-0.100643107082543,-0.3846614854926,-0.232293456237569,0.249763448435157,0.406746181785583,-0.280140602178457,-0.0934082867918433,-0.0681133510525392,0.256035720555465,-0.0835435300263016,1,0.222480927772739,0.216355665729806,-0.381811232347718,-0.169034843163775,0.462927714172424,-0.110843040521012,0.372711092623395,-0.183410973398079,0.233540505291092,0.241610378264283,-0.2179028889797,-0.185990912881475,-0.182095053795982,0.0481113701413488,-0.377419956268105,0.015666204650674,0.225141810298626,-0.148796837051049,0.210483579008188,0.574182081681755,-0.0985620441580003,0.080969627156088,0.398338020398707,0.0183770832123436,0.125735848383438,-0.25984071684867,-0.0729783926165537,0.18659558425637,-0.47231601242816,0.130860501911919,0.232304578134822,-0.501290304182976,-0.69562466224308,0.017847744464237,-0.0470433718283902,-0.0957516683389437,0.0347659991341285,-0.603844821713305,-0.154702697581479,-0.00260175828322096,0.00776460105017629,-0.310090571412063,-0.461060961994562,-0.119782165283624,-0.069874191337252,0.00601215793272573,-0.0248182729955271,-0.239580316311613,-0.0981827037035505,-0.145813089818781,-0.42840310326499,-0.165955381742037,-0.312792529385494,-0.262516607072666,-0.215048803071032,-0.377315338902664,0.153268393099957,0.22749208196013,0.189312859715805,0.212815074628217,0.292939558574081,0.0585832227994918,-0.0541039699125235,0.443299191951329,-0.0246465448413933,0.0805640517199493,0.32951253400846,0.123062361493632,0.324158238201488,0.338081672090407,-0.282871396065232,-0.0208499630663672,0.0255285610938942
"Aminoisobutyrate_3",-0.0101198098529587,-0.0333613803189301,-0.395291948627135,-0.318769094003447,-0.402522311291077,-0.357822531543439,0.194163908205718,-0.0451307538626739,-0.149346312112801,-0.290319613410462,0.135739415821105,0.0634118018222311,-0.098075709543313,0.0570358854734244,-0.00382327402151702,-0.0315641516162621,0.305873840394655,0.218795009489606,0.396733546761576,-0.0195360814567643,-0.0625596143495868,0.0536672281868925,-0.0944453286188324,-0.127859648978108,0.207196131524999,0.107852529042092,-0.143707994184581,-0.179598712640322,-0.223121378654418,0.0950773636042028,0.0892713008179311,-0.131393198652134,-0.191117675896175,0.381637238377443,0.0491116117492573,-0.266750193017294,-0.30955555441889,-0.198500037858384,0.0562442915049659,-0.28573659880907,-0.329105596254993,0.208226984598071,0.42488921563783,0.021183525460766,0.0591158347528662,0.056812536608397,0.205187063632592,-0.205980609988868,0.100545132053075,0.207150645034783,0.0557087558455877,-0.0810889464278897,0.0110390414959994,0.291560730860193,0.303301058247967,-0.0821311232872283,0.183931407393252,0.0703616038580886,0.220450761214249,0.00186310369226993,0.0212743873883776,0.139351731407835,0.222480927772745,1,-0.196633710210566,0.153533592666876,0.0533894851677999,-0.0388152533778977,0.104728379880144,-0.249078279244632,0.0178307615601266,-0.0773291649434167,-0.232393070850157,-0.0595009184627293,0.053378922947773,0.0895889402530138,0.0845037489981957,0.235999156930231,0.0826523194742544,-0.217597751533932,-0.150021188508523,-0.4009620365631,-0.408838850656919,0.313900811199999,-0.161263828267472,-0.0646211755431833,-0.148069479798103,-0.0375955697172958,0.385296939280815,0.0122941360601114,0.213863842601096,0.436837272585296,-0.2541414846048,-0.115066402150766,0.188459747543734,0.296874311877989,0.198030493898494,-0.0199636510638853,0.160455974937367,0.283926436402896,0.190507524982718,-0.222160463192737,-0.199857969029838,-0.20071138219481,-0.028031764853215,0.139597689603304,0.251393804746845,0.198048106190137,0.0505504537099955,0.219721719617643,0.297229993215502,0.00237284122921316,0.196788607052448,0.296788964452869,-0.257525325193461,-0.0175169870076961,0.531488611480014,0.00300139123956241,0.023867709358059,-0.100028100499697,0.180281276515747,-0.239960334198168,-0.138297037198701,-0.0063155774135417,-0.114541417425502,-0.0334283623096602,-0.389135367552141,-0.0628164500805798,0.0475685765947356,-0.0779212799959478,-0.198214024964664,-0.0690947571678614,-0.180303257377292,0.194468121242809,-0.0943335937565599,-0.108053571237067
"Deoxyuridine_2",0.11639543576296,-0.251148064601038,-0.0327820650986821,-0.109708441423394,-0.111218322497992,-0.385901906301584,0.2500447409635,-0.264981339981115,-0.105963209350024,-0.221337639987094,0.0223392814726039,0.0978248072205712,-0.0131185654825116,0.043586755016404,-0.0452599704337436,-0.0383831100521404,0.302003336447957,0.274143609349125,0.271118636307642,0.00665275391681739,0.0222091485808617,0.00572521655139855,0.0807936760903898,-0.149350544254214,-0.0659478090840219,0.0130441142785819,-0.277954354543176,-0.322640182907279,0.00984262468515846,0.0501497756474152,0.0395014011439779,-0.168308932250313,-0.245845079831573,0.0268936723351564,-0.137784080853574,-0.27847673565352,-0.208361584258596,-0.367734216951495,0.404191553938438,0.203909419364565,-0.288300800400234,0.271993326868367,0.197913851278392,-0.00739988492144626,0.0440203546126095,0.0360480157277682,0.093099095983002,0.0335794822900576,-0.321963398143403,0.00214906819091324,0.131034838457353,-0.26165711285278,0.0512279371818802,0.276749297201995,0.256964805093739,0.0892447461597427,0.185375178425893,-0.00432300362137124,0.373546149849091,-0.282149345545089,-0.170510996462333,0.180210029011433,0.216355665729808,-0.196633710210569,1,0.140388411947715,0.356058744015798,-0.148929152219952,0.149544353648347,-0.134789021109707,0.139398923023141,0.026405575668784,-0.360679968635643,0.227119256567349,0.0820165496771149,-0.10263263880406,-0.0603714711684089,0.162016753044671,0.0628843355916619,-0.386036816736159,-0.224916175515893,-0.317439882044409,-0.336233947724358,0.00144273610122142,-0.358936288824387,0.0908140048730915,-0.0348833283547741,-0.180271973659486,0.437781588875249,-0.29522623987308,0.045516054496898,0.352522436837313,-0.387953216433209,-0.0499763013523699,0.132167898129096,0.276258353316747,0.269416500279161,0.182102768004317,0.16069620622866,0.0806304666938468,0.141792835418579,-0.329874927537098,0.173539734533183,-0.233820971582274,0.0424280863912327,0.0333193692267706,0.235388144339812,-0.0475246220667228,-0.153341000501299,0.174855668901087,0.337397894316363,0.114583587547359,0.0457643122204018,0.3022488738389,-0.125384398428758,0.250304093727442,0.389009167452252,0.145260723102863,0.307195059192494,-0.206333735601106,-0.0339623060644771,-0.303976839773006,-0.150799460679747,-0.034763808749547,-0.0341541648817383,0.194583572950061,-0.422880812095811,0.260012558923743,0.00622003356335975,0.0396770517055692,-0.224195477660033,0.0478193688439789,-0.378454665330105,0.258755710599262,-0.160720020271081,0.170848940744607
"Leucylalanine",0.0313025002193374,-0.152300986806335,0.0753307233085938,-0.317957015917506,0.1813263982102,0.153288149725308,-0.0152470131430934,0.416182285877705,-0.229668627504988,0.185754038656461,0.0633834185291541,-0.403684670792481,0.324688528949242,0.303685450333633,0.090322362771374,0.332038404581923,0.0319655754432693,-0.342038757206657,-0.214282114152905,0.248825849074782,-0.372637385075541,0.0363425199747166,0.0392964651266585,-0.337275827413186,0.172722310349685,0.262612510035204,-0.164486673431097,0.0715487793801394,0.314042377019689,-0.140008048038828,-0.00816790118581283,-0.124888308193598,-0.168108113396653,-0.330853879578887,0.096528339534507,0.48643190446053,-0.184393209637968,0.303086502433822,-0.0878135562852334,-0.188984202034413,0.243806950516625,0.103598750622961,-0.0433647547963835,0.08206380191293,-0.37330689258859,0.232752648063401,-0.416268721399994,0.292818256444394,0.11839001926525,-0.266960304710259,-0.240005330391529,0.315080985949774,0.179353886562544,-0.359285459023714,-0.252047544672264,0.388742133250081,0.243831262558368,0.0443791510064789,0.296772789102662,-0.145166820552312,-0.193830451265706,-0.470912654612339,-0.381811232347728,0.153533592666871,0.140388411947713,1,0.0834899786814921,0.143293343801792,-0.417759100898613,0.31514137844008,0.0740474240267225,0.0981055335314487,0.244010154195104,-0.221109572934805,0.146467150407938,-0.290751852750339,0.38146629773485,-0.621756298060192,-0.111852321197149,-0.12946171125381,-0.210718994460762,0.374040706003574,0.00537204890131386,-0.296341612687892,0.151556594681123,0.396333501803709,-0.102345231333172,0.320511797155845,-0.166682300100738,-0.272321182524113,0.262062884673412,-0.432200957855414,0.196831948872146,0.41350273711977,-0.319039653447561,-0.447387429539173,-0.0923302496328522,0.020224715650853,-0.0705400707045562,0.0358593742699626,-0.134608507635709,-0.0678731226061677,0.253034529240838,-0.0895791995701347,-0.0165269750908492,-0.433927867517442,0.122905020325786,-0.308729261595096,0.439865638439247,0.220671168820472,-0.275355924762181,0.373628766745654,-0.182644414698146,-0.371786996711114,-0.0627668851457011,-0.173532912642571,-0.135653898157251,-0.0597031796596128,-0.304565723649905,0.135152679467744,0.159238130268004,0.249916472610498,0.0273282007569403,0.0669906638073605,0.198378103919039,0.356863840205938,0.358831183412388,-0.0762288842370701,0.0714984009396833,0.260481394444412,0.0484148454802741,0.0668737387575648,0.00970899722441982,-0.106377685764735,-0.142299252830815,0.182336760201323
"Fibrinogen_cleavage_peptide",-0.243954330083691,0.283985923662486,-0.0485581578494981,0.0105075102918374,0.0607787321953922,0.15585890950845,-0.190131467421715,0.262482863717119,0.100347842106028,0.0642348510990761,-0.132048319876907,0.124954897435647,-0.134482303508918,-0.211664849816722,0.158703368047434,-0.157598702843794,-0.101296376364536,0.00725551462195159,-0.120204274365301,-0.121008839393879,0.0103961000968365,0.0346363712991448,0.0760750813577234,0.137792590524009,0.0953297867648948,-0.0207539591271671,0.0913235347078798,0.21045604531605,-0.156411629708738,-0.030038871898734,0.149908699591926,0.0715502283983611,0.228848167647009,-0.000349859256226728,0.0401865372000267,0.139071628454453,0.147357947196536,0.156190254803213,0.0125076119999512,-0.0420335021799183,0.257879248516897,-0.0161878479716053,-0.106088966499486,-0.0368672905027542,0.0384802400989922,-0.000494495947811732,0.0512266030577041,-0.032845974481767,0.0570094350349875,-0.0416756683729866,0.101199250079386,0.0389278082100585,0.15295267723509,-0.0597155614515923,-0.0342271173443253,-0.242993929427524,0.00498640474106773,-0.0358932469838082,-0.169543585165867,0.161713643862911,0.0578701377930266,-0.00216091319374785,-0.169034843163773,0.053389485167801,0.356058744015798,0.0834899786814927,1,0.0150658279983009,-0.170894123991175,0.102804627544238,-0.157633378912025,-0.0445148523410746,0.201883116708677,-0.0903999148308044,0.0475434110207702,0.169217982255752,-7.78259764702272e-05,0.0366695521821741,-0.0104567676789144,0.266515712431858,0.197799548004865,0.082430836938109,0.0736413479892308,-0.183278021660246,-0.0612066482178117,-0.0196412391966579,-0.164385306540043,0.0390750751704638,-0.216873165387954,0.336270712058532,-0.0642981704609213,-0.164542848293865,0.0761453297944365,-0.000494552362853733,0.0445699291387117,0.00256279250697059,-0.0896920266209707,-0.278073220073198,0.112773459952541,-0.097555982715929,-0.0203113403375274,0.072630023933285,-0.112718783365929,0.0175761751362564,-0.0649981994869236,0.137488166687322,-0.0719740958965928,0.0213573335381076,0.0230895167649697,-0.131913205556457,-0.0645468927530911,-0.154772658500561,-0.217197087025416,0.0588074473800753,0.125794270838827,0.0665652832922001,-0.148706315874482,-0.0771247963179022,-0.130288240570893,0.141921689129564,0.143176281600887,0.0242579458536518,0.0144542615127179,-0.00887541474898795,-0.195147010868586,-0.0817788525700839,0.0152528538794608,-0.132440370004197,-0.148360994440518,0.0849079670531027,0.116551109695544,-0.105571711836422,0.0264894667724215,0.052321084034819,0.142165049174527,-0.107900396931995
"Gluconate",-0.0865336293859028,-0.137035201256675,-0.0226135292819528,0.106897259823701,-0.309105097251404,-0.0475000981785255,-0.0558178239937767,-0.274814075357061,0.169717445008607,-0.233086909790098,-0.130291698373587,0.173873205906619,-0.0859272580129843,-0.126408160800667,-0.173093085457219,-0.0317316790279569,0.149101036414298,0.326366111582764,-0.0689394959507233,0.308578593331412,0.00948325337368228,0.141858817810341,0.219718466506397,0.0219265842500455,-0.118596218075024,0.0496735702540255,-0.0160863804662561,-0.214272356306941,-0.165783643240284,0.334122724791561,-0.00372290956358505,-0.221876598035386,0.0441165370105792,0.211739436186069,-0.18865328007173,-0.417447007010443,-0.139475980386113,-0.0378152254984287,0.386011338397751,0.0327675266408722,0.19468558894969,-0.130255074234332,0.0632430387097639,-0.308920030203175,0.442948423475944,0.0402318347019168,0.458555278876506,-0.0956701053750493,-0.137096862997205,0.371519776087124,0.0593310728770124,-0.274472791673303,0.164741739304998,0.261771702078797,0.159299129892037,-0.0835506144905252,-0.288075952889309,0.333161804538903,0.0116767094172455,0.100846358784508,-0.366701531975994,0.0378412855080283,0.462927714172423,-0.0388152533778939,-0.148929152219954,0.143293343801779,0.0150658279983086,1,-0.0247601355111529,-0.123443926179872,0.0217836192503064,-0.119360334931905,-0.118607440760349,0.241936730186963,0.1518137361692,0.0592149224316767,-0.000887382432740942,0.206728496319453,-0.231163411359389,-0.176410045406919,-0.012153818872009,0.0919253103164937,-0.275708831443094,0.00781738908141118,0.0246375123574549,-0.181940689837145,-0.137277641259717,-0.201141779793939,0.166358275554052,0.167987746733323,-0.210276118806748,0.217080860289671,0.0297088267072015,0.0116607682469742,0.422032784753814,0.332253777963608,-0.0733831680102573,0.0613053771379504,0.299144356073737,0.140871102916401,0.452332000842007,0.154860953256917,0.00936895451653965,0.139566172239787,0.17062625636222,0.264929968823856,0.0731483112177309,-0.0926135383398186,0.0751592404783257,0.0433864131240853,0.177771465244524,0.137154627908013,0.0548802607132457,0.281084527311434,0.098696798061171,0.303476023872317,0.218054128763639,0.0906661173301818,0.297164842366395,0.0464534833062606,-0.154379673775266,-0.0506625966098033,0.0177415127116401,-0.219055387397902,0.202100201739056,0.0859298826922171,-0.34454074331151,-0.071547664173119,-0.0409407671761711,-0.217545513782882,-0.155764334177526,-0.436096274009075,-0.412579293771966,-0.00619984279693344,-0.0673783490556267,0.0696770600387483
"Valine",0.121951384189716,0.00197622451106476,0.0508659255845288,-0.22364835238512,0.267416224937263,0.168473805358323,-0.196914659769894,0.389900063497007,-0.272151363515795,-0.0415811350981948,0.0197963422081772,-0.120265468283785,-0.0406925005843812,0.143064213669863,-0.0414152431895172,0.173396631335333,-0.0196974386242261,-0.054832302337365,-0.071801305217801,0.0513669871301444,-0.396896597174445,0.195265964487848,0.170756522582316,-0.149528762652376,0.0509357204168918,0.251202009229811,-0.225167352200427,0.0725086064412755,0.116450681444989,-0.0661316880928879,0.0813772895766278,-0.153909151387588,0.0766655137420347,-0.195198380376335,-0.103697688736653,0.4116995691874,-0.214707475619013,0.477450383715943,0.153662628114592,-0.291566317545942,0.252547513939135,-0.237451427550367,-0.129237637815448,-0.0475331302532199,-0.125638854823568,-0.0411486116006713,-0.422707863339725,0.322924323368647,-0.168883550046378,-0.200355120916376,0.0874003718470316,0.29738494913815,0.218455615862987,-0.417833664671402,-0.254178277799544,0.101671521444782,0.323947513142968,0.122935648947636,0.236930215453797,-0.0367798500416793,-0.278723766284685,-0.486818875973857,-0.110843040521019,0.104728379880141,0.149544353648347,-0.417759100898611,-0.170894123991175,-0.0247601355111482,1,0.157216307146886,0.0535834818220275,0.136520988517051,0.126161142059892,-0.0960872917247062,0.312408004407549,-0.275768041181467,0.407517559737069,-0.435184068776824,0.0302018715200898,-0.0563002760539524,-0.152333007616621,0.453562778050309,-0.0900721878625811,-0.315330530715501,-0.0200948836718479,0.0253476272789226,-0.0460995374149084,0.302278531378241,-0.280866469598416,-0.0824716514733729,-0.105197565391365,-0.37325580815919,0.385422856368464,0.500236359543617,0.0471342051492861,-0.392604187174379,-0.0846032138167148,-0.163115874854705,0.0620164292741774,-0.0761018910672879,-0.00947101550726411,-0.195037602592629,0.1569867958489,-0.236436991329542,0.0998993444208063,-0.180768081147507,0.176566289529487,-0.181447591652629,0.52931662288813,0.171215551527773,-0.159862723122888,0.433638837315895,-0.379778659033473,-0.0588352341782317,0.00477910162159289,-0.109693786138379,-0.160200920951756,-0.152647000099663,-0.304352756694058,0.146503312406855,0.15265794902548,0.127820197988345,0.137890193908471,0.292486455843145,0.16830276294176,0.368469615730292,0.175733695110386,-0.191023867698842,0.108689147433157,0.296151017671248,0.244378275543096,0.0547013471453892,-0.067256302878413,-0.0858553330211378,-0.0905492873667642,0.0140632668139367
"Leucine",-0.126579383865121,0.169191616660583,-0.446583385127011,-0.201565895619243,-0.331104527953703,-0.267493471900217,0.166941096557672,-0.0661021184327225,-0.184039538605084,-0.448662793070744,-0.2432335252425,0.149643595798315,-0.220914360383702,-0.0540739508694661,-0.212473605180013,-0.0341740317190464,0.211206618808174,0.307895988120637,0.290936902460251,-0.208964490592466,0.150225639125405,0.0344634684196271,0.000352826226770715,0.105408981448564,0.319916528799989,0.211794507330333,-0.0752200318021509,-0.13446575490308,-0.29801087331341,0.357397378103918,-0.208123812158999,0.00575947123464321,-0.21554047577805,0.316771194982053,0.187892432682666,-0.352952117609309,-0.218201077929294,-0.297460549038958,0.0625567380170298,-0.180446776418173,-0.27497644356818,0.0223122154124193,0.364132077957437,-0.347056603119847,-0.0349149604508136,0.134064932040964,0.374408329088402,-0.333334192834173,0.222760195676578,0.139993759540476,-0.0305894665529691,-0.205312279650546,-0.0755272222810627,0.458877465607743,0.213645860512479,-0.121212163705946,0.0949810873705454,0.0387295715890947,-0.136303015427191,0.144366445805919,0.163027789825402,-0.042419669095446,0.372711092623394,-0.249078279244628,-0.1347890211097,0.315141378440078,0.102804627544236,-0.123443926179875,0.157216307146885,1,-0.124435622917233,-0.158477674882011,-0.0710155753890593,-0.256865757218079,-0.241912909785363,0.478989391384013,-0.0479362737811948,0.29073558550466,0.120409352281169,-0.19031604837104,-0.0646190331325349,-0.323818854361517,-0.147542029235561,0.114229543283122,-0.228066903416339,-0.173787084941744,-0.0234752210085585,-0.0164749145286352,0.234212312437592,0.0165281247146892,-0.378668405190053,0.240674134864052,-0.170840539486741,-0.29283497592782,0.184030208136238,0.306878871498336,-0.0250837703194358,-0.0307165775694337,-0.254531206569076,0.0835804815377846,0.168246304754138,0.048943553250194,-0.203399571410021,-0.14358050212763,-0.0942985126672483,0.167277565473903,0.325623368614712,0.313221835987109,-0.0343143671502479,0.144596297200607,-0.190134944981862,0.0816321364674477,0.0805158322441622,0.218954380054053,-0.00744395444942902,-0.122160529397763,-0.0355628226795607,-0.103959893050264,0.256751527593075,-0.0193924211582158,-0.0274606351010867,-0.419895597660488,-0.0798404219168772,-0.093461323013179,-0.492431320503075,-0.221867093565201,-0.310311043794458,-0.135804302095835,0.0559066697991731,-0.466326484596272,-0.0954952714850652,-0.0925122608780903,-0.245142785698259,0.236602919288963,0.335497697676823,-0.2374853573055
"Isoleucine",0.224502876437855,0.0030345796979943,0.0202321992499134,0.0679190456371529,-0.145095930392249,0.115999319063674,0.027442415080261,-0.00939036432879088,-0.268803121158268,-0.418534643931676,-0.0350205687696,-0.0587567585572491,-0.0970339917164112,0.199089770150807,-0.330021276845083,0.18059472849522,-0.0498279400202796,-0.0826984489049891,-0.0446867887745215,0.00890702358731974,-0.17338736278508,0.0625907961521125,0.114902840762308,-0.237571326858927,0.302290472646302,0.152649874140717,0.422587556310327,0.234019022840646,-0.167382672046563,0.0247453290025905,-0.377912644008661,0.164176979800425,0.0405451094233545,0.0178504852872065,0.274691521972208,0.0209289726964676,-0.213213682461162,-0.0501191983849723,-0.123370847055262,0.261173949432166,-0.246829012870287,0.0288567501600795,-0.00400228041923103,-0.172924649553611,-0.188233434532679,-0.213031499748522,0.076327841355409,0.0981549172836521,0.117061389358315,0.0148632867424312,-0.330700585046829,-0.0199290409000036,-0.413095819999525,0.23432556635931,0.18486073062554,0.151719516443181,0.207544318829444,-0.426510791767336,-0.129805725648583,0.145450094482547,0.201591944917768,0.0391916463952188,-0.183410973398081,0.0178307615601338,0.139398923023147,0.0740474240267273,-0.157633378912025,0.0217836192503049,0.0535834818220349,-0.12443562291722,1,-0.314156883074802,0.0797140561862916,-0.122275569383886,-0.158270898980167,0.258689150154015,-0.279912936536847,0.120151448763017,0.157834012425285,0.15600551350273,-0.139884422447793,0.0756714954636405,0.298812343434582,-0.00947042728258099,-0.114293692361949,0.123273385181384,-0.115114913360669,-0.172285655782444,0.0974116481715579,0.0238178203161286,-0.182988976680411,-0.0812130752187726,-0.023767156306278,0.0347450547465538,0.00895767608678041,-0.182354965765667,-0.0602124581195845,0.0494091920782969,-0.275390061189893,0.108350088192091,-0.191506149990357,-0.0684609355917991,-0.347240744650126,-0.0744506221161409,0.0903138914627304,0.0338135103531419,0.212624644281316,0.0721156175796825,0.0758857728062877,0.134540427762079,-0.0995658735197187,-0.213681467583241,0.100301821390048,-0.0597287080309917,0.103568975668288,-0.395443611182244,-0.141600966225894,-0.350246910098772,-0.161824548115306,-0.174686241224322,0.125785255435863,-0.157054256972258,0.0225073801417346,0.303390520583171,-0.0819002400953864,-0.307019399692904,0.0472182371382198,-0.230847718428472,0.298312747533507,-0.110263204313293,0.115537781341291,0.102487809165492,0.100150555077617,-0.341969894959863,0.0190437605111496,-0.126505977539962
"Alanine",0.0140921392478045,0.0897587684509173,-0.098596679885827,0.037039348699021,-0.337485563382148,-0.113342321473039,0.125708959600401,-0.112532150844498,0.0647477054890426,-0.256678011052709,-0.166847239673406,0.196342230311455,-0.0818678326898568,-0.0821761800683243,-0.043237958751941,-0.035411935309251,0.206415511473704,0.0533753493163836,0.00636832143540401,0.113142310643293,-0.0196797453476914,-0.0786470422860114,0.155985097422837,-0.0933865240122213,0.243165003273249,0.0253686705197465,-0.0300016885998626,-0.159547932610181,-0.28861210844043,0.177359778250814,-0.110334745161863,-0.00387807726797708,0.0770412553460345,0.178415232229544,-0.122500873397289,-0.049887756467355,-0.154554546509064,-0.0659532841737665,-0.134360946770873,0.189223915289174,-0.0763862469809236,-0.0180537993936259,0.275262225318176,-0.145724554639113,-0.0660390904387202,0.144735458965302,0.328107350300587,-0.111187903956003,0.0819534124698025,0.241873726810708,-0.186865363089407,-0.266351385855838,-0.15965604639203,0.352857300146814,0.187924705539289,-0.089451738368311,-0.1120753425912,-0.0210348724715914,-0.0379058701194714,0.113068869647321,0.0799453826142327,0.0425891952107113,0.23354050529109,-0.0773291649434114,0.0264055756687877,0.0981055335314462,-0.0445148523410738,-0.119360334931904,0.136520988517052,-0.158477674882006,-0.314156883074803,1,0.0378270810449829,-0.0206366915216698,0.0573621844364635,0.257753233701904,-0.0284361051538813,0.202809269017393,0.141085521217611,-0.0132254707667365,0.15213839754765,0.0149125299779582,-0.233528699515709,-0.000831209207728818,-0.0330050332064125,-0.125957344434575,-0.0916250705764758,-0.249294667758993,0.189395833215692,0.0471552888216899,0.0761645625077012,0.198890824438951,-0.122263483663873,-0.151960302251458,0.0176762788989461,0.226784649190487,0.0422396359053284,0.0159304679920048,-0.0563670131600069,-0.0459704632657961,0.312206745147685,0.0907492765010685,-0.214340389602746,0.0767193489802451,0.0835706363722475,0.308499049066915,0.192637294942159,0.00449675041439335,-0.0952999265885057,0.105991578709795,0.163453665225194,-0.0902016597183828,0.133706354725868,0.227127194303184,0.141896894700836,0.0437863612784998,0.0827292241014065,-0.0391146666855721,0.0361271607862427,0.0324802456219642,-0.249774594556082,-0.265884708142232,-0.0578855153504684,-0.168737062648436,-0.0704672773090037,-0.108516321300312,-0.254155187071149,-0.210333766885846,-0.0168980400203624,-0.0251446048382563,-0.315813879947093,-0.202970532548074,-0.126128651068357,0.0863676668972765,-0.0953097178487476,0.00934875753710996
"Serine",-0.214880780414603,-0.164526973576992,-0.133669299788497,-0.00962278818331322,-0.0956492403632726,-0.506049987051837,-0.148279760830447,-0.0360331214570877,-0.0017968589453314,-0.106576327845795,-0.18676373572267,-0.124888479680378,-0.424685984191261,0.0520352058583183,0.232305349803951,-0.194368097677187,0.336913092450757,0.557183771158415,0.482398714989703,-0.425307159266229,0.271800526889209,-0.132316085256308,-0.383846879194106,0.022029433061472,0.137298698299244,-0.208237712758629,-0.156907557725677,0.12232366774925,-0.301520979126188,-0.0200741958932561,0.174701714749787,0.112084006664482,-0.0304712333710861,0.089526245040372,-0.42146248071271,-0.255175212457899,0.0219127729454565,-0.130112273766411,0.350077283507499,-0.00169556460561748,-0.291650664846739,0.204207040643804,-0.131923720035012,0.0445106413684501,0.423196715248848,-0.219951260434296,0.261135036743625,-0.480711902632685,-0.0669117304859293,-0.0188086649312081,0.30625407956437,-0.0798915811354662,-0.0357406250628767,0.421722935116137,0.295219279448295,-0.396639368250876,0.0915441605045151,0.0297817211913383,-0.0522235883010094,-0.322100312492944,0.0410829935042321,0.282378272583256,0.24161037826429,-0.23239307085016,-0.360679968635646,0.244010154195104,0.201883116708677,-0.118607440760358,0.126161142059891,-0.0710155753890686,0.0797140561862868,0.0378270810449805,1,-0.00479322700568622,-0.252089673700999,-0.124887156568647,-0.117654351536991,0.391902409924213,-0.181322362077387,-0.0343943157263655,0.0408245993192955,-0.281660268550025,-0.160825964246528,0.284313315846061,-0.250025223270805,0.179633462700535,-0.34527474572408,0.12074306685452,0.248152621917004,-0.268454028216087,-0.0713601829323363,0.429217410463025,-0.315035457175296,-0.293087382079199,0.318083181992685,0.265082867839361,0.598855650012906,-0.297444405640476,0.357644250185872,0.0914100959704911,0.116319231854125,0.0904224118311639,-0.209904106162305,-0.0481192393370109,-0.237198114292651,-0.0965513991434296,0.350399859292047,0.438905192104023,-0.172949367832269,-0.282402853821177,0.198328102007365,0.126259785137046,0.072536464332775,0.217215026860632,0.00506790492865816,0.121375097165386,0.288567374273734,0.0677017049318779,0.48386583220493,-0.42121592820379,-0.0993588459314147,-0.145872134013262,-0.0541645863479797,-0.0433321806018196,0.0346799354700926,-0.0696606677122511,-0.48025495180374,0.282764623092737,-0.206551242410402,-0.220454597122692,-0.0527149345072793,-0.0467494839625518,-0.0234213425960337,0.15446913306207,0.104491027806327,-0.103138048285012
"Glycine",-0.0901153650762112,-0.032093542058541,-0.130614659885905,-0.381925417961697,-0.139370683087368,-0.0176512330889215,-0.116591769944226,0.307293530155466,-0.365211113658036,-0.0437603002422234,-0.251200721841503,-0.263857442943945,-0.284171938927284,0.0939112167557439,0.00971124262026414,0.325751596150096,0.291523374126315,0.191649066751512,0.237864222036307,-0.342575462801634,-0.102136584936924,-0.0958905761897776,-0.14841257214701,-0.100308247204955,0.561277149262511,0.187078720024101,0.0324287253304016,0.332756302834596,-0.166954435977093,-0.0933139040621817,-0.0312673470734468,0.199894632823505,-0.254041522362823,-0.105927100657361,-0.00344217451622366,0.221759541808647,-0.309335390854384,-0.0296307068434921,-0.0923501267218946,-0.33525677401955,-0.123410463314808,-0.0187475320687034,0.0249108472170178,-0.324517675143526,-0.284964339732073,0.176005129584952,0.0128489454636772,-0.252623047268781,0.391133654318731,-0.0488945346160521,0.0145452074745693,0.0273062645048319,-0.0881149135200859,0.171538002839522,0.128736657888673,-0.0789786777825096,0.282294163626676,-0.156098133057753,-0.100595401248846,-0.0970971931789187,0.423607452182052,-0.27047256116529,-0.217902888979699,-0.0595009184627313,0.227119256567352,-0.221109572934802,-0.0903999148308091,0.241936730186957,-0.0960872917247087,-0.25686575721808,-0.122275569383896,-0.0206366915216718,-0.00479322700568418,1,-0.352092370468218,0.195545319970677,0.231231261377231,-0.177098117220549,-0.0786493571819327,-0.0360484525875633,-0.182226490359849,-0.0659312000107361,0.196079437347353,0.0754242452617098,-0.00489543229049264,0.163134338460608,-0.144852458671049,0.380110763744221,0.00164415574324536,-0.0486046342683357,-0.247424293930861,-0.299873115002474,-0.0511302897404091,-0.0833607620564779,-0.15765405812341,-0.209359652131554,0.07212019523425,-0.29819028384314,-0.210742310696909,0.18274619006426,-0.211778787822091,-0.0400776070344906,-0.213042644508971,-0.210171254651922,-0.320610328579933,-0.188679012159612,0.282222542737469,0.358527332275326,0.259445743153236,0.095279877802823,-0.410821525825116,0.406845928745223,-0.207618750094019,-0.276158687576408,-0.0697452173035585,-0.404336955030071,-0.210008388146935,-0.279026075790119,-0.0720308259201338,-0.038205539681965,0.0719776295633051,-0.127208512728179,0.12660267840934,0.0988106578531454,-0.101194998264992,-0.257069609338618,-0.121652820672931,-0.194263520522516,0.17982853542662,-0.154756811368246,0.0854468883216387,0.338524813990398,0.0910458562428322,-0.135115879147393,0.239833586950582,-0.097269798142422
"Threonine",-0.286255149542666,-0.0647272509092432,-0.165780292215027,0.028596027913236,-0.133149536108176,-0.0770295456671444,-0.176562405708813,0.0300078986534537,-0.208485103911181,-0.0168201629954322,-0.428092407683323,-0.230268718036665,-0.401687391964146,0.0602898184769296,0.00775319880574547,0.0542899323089361,0.0455798597615572,0.250537437672062,0.347737963074416,-0.528034831908164,0.489079851657897,-0.159660942324478,-0.414873788915383,0.169762517881564,0.252203950287366,-0.00141830398223984,0.217411553578174,0.236032809445096,-0.27567929733816,-0.0848466442372729,-0.103416733085323,0.481784323334684,-0.284341797534442,-0.117579700976852,0.0247584083357615,-0.0649528340183781,0.0988607887189256,-0.227281335731714,-0.0972173938181966,-0.137555033495205,-0.219249477949084,-0.103843275661211,-0.165654904543338,0.0200314626588933,-0.102546177287055,-0.179556975975517,0.115919919844661,-0.479067261904654,0.172472551339135,-0.0974453944886789,0.235372659747649,-0.0433838639809953,-0.169669115990759,0.397008768152781,0.141435365434419,-0.212978711531671,0.12904978483498,-0.109349201286555,-0.279227409808198,0.0178850957235191,0.471546029820668,0.262932838283913,-0.18599091288147,0.0533789229477734,0.0820165496771182,0.146467150407942,0.0475434110207646,0.15181373616919,0.312408004407549,-0.241912909785365,-0.158270898980172,0.057362184436461,-0.252089673701,-0.35209237046822,1,0.318080530244786,-0.157982774874308,0.235611909793501,-0.0407757185680493,0.0420562645321102,-0.0541287980259454,-0.20301651135322,0.438055650805665,0.146944716957344,0.155508506851817,0.230794002590776,-0.19522899806128,0.238917366794525,0.0280934515540593,-0.153179092792522,-0.365285792679024,0.0676358593166304,-0.307968893671519,-0.389577381523472,-0.0845130838041794,-0.0100865766566389,0.241124022619398,-0.27293746682362,-0.0081464343130278,0.160347097263975,-0.353958916613668,0.139575096610034,-0.163780174353686,0.0255295352398578,-0.452604263639228,-0.133918521028596,0.136531885300692,0.38894689727572,-0.240683758684022,-0.119590409370428,-0.30857019080761,0.0622909803828705,0.0261538809103499,-0.431318968920396,-0.0620130043281468,-0.160376748692015,-0.262863659499093,0.104370523625628,0.232579866439855,-0.237364566419723,0.00142249819167835,-0.307189616667261,0.0275781247571098,0.0263721264412495,-0.205379381367818,-0.477361411925606,-0.0519946496557774,0.054552091941174,0.000617065900512653,-0.488281890248853,0.169037060064419,0.138725791849538,0.184513316113854,-0.206628804357834,0.549536046368655,-0.356811243352156
"Phenylalanine",0.123806659056321,-0.137050244123202,0.288485273016662,0.139342209783497,0.452792257255123,0.0745111238627406,-0.0403952570184182,0.131952514606772,0.0240528960514089,0.351756793051083,0.340262303833255,-0.147680591756824,0.146081436739653,-0.0296364033876878,0.145184310533114,-0.0404156250591483,0.0286131280037162,-0.204976225925417,-0.264827963046631,0.123313780167941,-0.180708916137705,-0.0385636950775708,-0.050807949688521,-0.129624728038457,-0.220868364895405,-0.289442287910483,-0.201699193158575,0.0168531660977792,0.39209326521868,-0.382114240563536,0.201623026020761,-0.292758754402815,0.243488533007517,-0.351191154843484,-0.160483578169011,0.227915519775249,0.214879899948304,0.21764529605301,0.278945124293269,0.100921996490354,0.134688919174482,0.0797817946422794,-0.347812467025588,0.20594197415535,0.0849875892292415,-0.160435770182491,-0.461074257332365,0.278094032780861,-0.0383485040499226,-0.175525617762346,0.0796358554859503,0.403877606444419,0.110322257627843,-0.425478808631678,-0.175934817673656,0.159470873985716,0.0865364353816979,0.100494446828748,0.229181562405669,-0.443245517217738,-0.313421959544124,0.0446716476446303,-0.182095053795983,0.0895889402530048,-0.102632638804068,-0.29075185275034,0.169217982255756,0.0592149224316849,-0.275768041181471,0.478989391384008,0.258689150154022,0.257753233701909,-0.124887156568656,0.19554531997067,0.318080530244781,1,0.0347125848186868,-0.34024707395602,-0.0923768546430505,-0.0361177411268676,-0.0632143659734696,0.320733600853146,-0.0632892652549519,-0.00405371332661811,-0.0055504803631979,0.168746868982471,0.0910427389036599,0.130167407537567,-0.213361970444551,-0.15988880535479,0.252574399374147,-0.170441846208559,0.288332290687634,0.371301577868252,0.00324163710180991,-0.294815221169757,0.20774171662699,0.0107269546252195,0.225421668964988,-0.1270280076438,-0.0172673275065836,-0.136848402784184,0.321171931637622,-0.112200900155929,0.0795306851397785,-0.266118043700494,-0.263832610571635,-0.22559392933887,0.181738513694775,-0.093871351638526,0.238085827615663,0.118360619288196,-0.103501228318286,-0.0375918458977907,0.0546671202875295,0.0217849557387845,0.148671581411611,0.0664292857463762,-0.0930884043344416,-0.119052967268365,0.0163842789516889,0.391047186079529,0.0365688667196996,0.22454159702316,0.426367586266539,0.599262879383483,0.215371807508332,0.265377674502765,-0.0747055559293123,0.353372407916971,0.0836408756743381,0.19959347218904,0.0743783833977767,-0.102034298845935,-0.407722457706964,0.134188036545911
"Tyrosine",0.0243590836304156,0.0718614737532602,0.0798112372830761,0.406355424132515,0.00423508892618138,0.0204267413938783,0.042908197359248,-0.167860243917306,0.311528869059968,-0.0248114729623199,0.191308363304325,0.0821359028312548,-0.0826861517128572,-0.225060580752042,-0.0334782256875038,-0.197961654651092,-0.283362788066217,-0.135726122598311,-0.117609013142578,-0.201192749101506,0.326097223918563,-0.0236143418069163,-0.073790547040294,0.143531088831196,-0.040599433532399,-0.284810005733281,0.210875980399073,-0.0130159394215929,-0.195306348149425,-0.16780378144406,-0.217199645016626,0.192742658648634,0.306065110941758,0.159245823199946,0.205200463246778,-0.141374567474991,0.352381473945491,-0.215476336638809,-0.0364347657383,0.308146547189207,-0.0771021287166075,0.0592686291818482,-0.199545810756598,0.105417310265054,0.225866893596271,-0.257675552284162,0.188695009305601,-0.196851211048482,0.112356834960986,0.049384089028724,-0.125650837452465,0.00777876094409572,-0.260679759927815,0.150516363466876,0.089837380958733,-0.167981759732089,-0.284010723965772,-0.182549071665881,-0.246322891804482,-0.0790702154361607,0.0930642245506632,0.395995448032332,0.0481113701413523,0.0845037489982007,-0.0603714711684065,0.38146629773485,-7.78259764711871e-05,-0.000887382432745602,0.407517559737072,-0.047936273781192,-0.279912936536837,-0.0284361051538778,-0.117654351536998,0.231231261377229,-0.157982774874312,0.0347125848186809,1,0.433623050915846,0.0359096220762699,0.233256313264834,0.186829067445537,-0.165442088376059,0.201320103329831,0.142573842645497,-0.110021870054468,0.0342625908536816,0.0665940824934649,-0.366964867673918,0.0978824200914219,0.0686437869741826,-0.0200746313185026,0.163917150103895,-0.131096272727876,-0.234437460112258,0.041804167480159,0.206979003193607,0.0250920407016152,-0.139878495549563,0.046164645549208,-0.0611323788998996,-0.148342715106255,0.194484777494897,-0.136837255860794,0.158914923792829,0.0116947088137088,0.197762019967209,-0.18495849018394,0.189525108024337,-0.300403801614897,-0.354368538228733,0.16722973398513,-0.505915098693716,0.349748070175032,0.105139038072839,0.291948110553688,-0.104779580752045,-0.0446867811807716,-0.153190825062399,0.174336956055342,-0.324872494830997,-0.090850544338484,0.0156819028037223,-0.215380928185697,0.0652333563329609,-0.0895615906678662,-0.237481755165719,0.0134214242696933,0.0792003738273576,-0.136023148358949,-0.221017328873575,0.0275045762618944,0.0737972721907632,0.205488482618848,-0.00217661258484759,0.0225954802022963,-0.190380738703919
"Tryptophan",0.249714080312652,-0.147306889530481,0.332837404522026,-0.245707985333571,0.32983091377716,0.266847183102761,0.123785875377503,0.301613773340914,-0.361131174401726,0.158990246724031,0.102979725655464,-0.283759326902893,0.277608810584547,0.287028012249921,-0.164377431704986,0.372220498498841,0.00698777657615234,-0.322562010947774,-0.284318858792772,0.288548196333714,-0.459561103876551,0.0864730589102059,0.20236927898353,-0.330547881318864,-0.132929417008534,0.192774876263684,-0.0746562733575409,0.126164342046904,0.545545333434913,-0.144814157200857,0.014034885341359,-0.237191400144895,-0.179332120521314,-0.409108885669464,0.237730096213103,0.398595435770444,-0.177705200576477,0.256409049967965,-0.0582263470306335,-0.0879961639584756,0.148246267108754,-0.0415848532759666,-0.0228562326382367,-0.0864614136058681,-0.412005415399373,0.0963341622436624,-0.605904327499123,0.534351984254955,-0.0120587573444312,-0.29979271528974,-0.161435934075211,0.267606820768558,0.169651337999572,-0.471973787919916,-0.343254466808904,0.42945142239291,0.316493895218951,-0.0315922942500182,0.319769204151728,-0.0735630160193867,-0.166134874704763,-0.330308847862214,-0.377419956268114,0.235999156930225,0.162016753044668,-0.621756298060191,0.0366695521821771,0.206728496319465,-0.435184068776827,0.290735585504662,0.120151448763013,0.202809269017394,0.391902409924215,-0.17709811722055,0.235611909793499,-0.340247073956018,0.433623050915845,1,0.102223481094045,-0.0562791677633957,-0.398371571937694,0.426308051628501,0.0630137783363328,-0.332412331870203,0.10420162414214,0.174497219132566,0.144954524184328,0.370571706402626,-0.231874350357045,-0.245220657746722,0.18308339556559,-0.491766323386338,0.333179439638221,0.507905804778507,-0.22406673050794,-0.533772974696223,-0.214306490819981,0.221704608515805,-0.231818245583602,0.105502566700979,-0.18479759933198,-0.187666381307064,0.256164902121308,-0.208704337383505,0.0375702810962558,-0.423462719747552,-0.113968295725805,-0.392763754348703,0.410511350096346,0.347674540400266,-0.212507851074738,0.41061692721842,-0.398251015630486,-0.338086515446057,-0.224542443517201,-0.231562955464652,-0.176430182940236,-0.0860334442444732,-0.420798685870884,0.246373505211112,0.106950994848099,0.261915654669972,0.220581297890261,0.2154096423428,0.219019781816284,0.4515117000136,0.455060268989749,-0.126245445283489,0.296395941887422,0.416102246548326,0.0926306852953906,0.242580784313306,-0.0312273958842221,-0.19903755083819,-0.283143301328234,0.246278548562944
"Histidine",-0.34170213209658,-0.074672745668004,-0.0139126751627776,0.0142231365492948,0.0582931475517587,-0.0674787361312841,-0.317534842643736,0.0688168404971941,0.309421463055666,0.160355569114303,-0.0540058902719602,-0.100657505730423,-0.0737847262220972,-0.113517875222977,0.274803288851765,-0.0942381502103804,0.0266796144765733,0.154855343072906,-0.0134925964320804,-0.136487563365237,0.225267307115041,-0.0104405408679802,-0.273898324941312,0.246165651463911,0.0696037006134604,-0.319291995604737,-0.0332435575790629,0.0491239906730609,-0.0644150704926277,-0.0253325693070478,0.178757563212029,0.131938028373376,0.181369191255538,-0.185982446311721,-0.211945990523474,0.00884089458197872,0.0858244945670801,-0.100892112264486,0.22055045245157,-0.199797018515016,0.406552032697202,0.184385040102034,-0.327690697330249,-0.097253300164695,0.290969595524723,0.177747073000178,0.348986717618409,-0.198044422689168,0.285859676821087,0.231462975091134,0.0483745635849668,-0.0131255207004714,0.171703954271071,0.127917079901072,-0.0566408703684659,-0.209724916279688,-0.265671427916396,0.188586373024253,-0.260338894300851,-0.026094840866676,0.14862126482189,-0.158987916590213,0.0156662046506746,0.082652319474252,0.0628843355916567,-0.11185232119716,-0.0104567676789142,-0.231163411359392,0.0302018715200819,0.120409352281165,0.15783401242529,0.141085521217614,-0.181322362077384,-0.0786493571819344,-0.0407757185680431,-0.0923768546430543,0.0359096220762838,0.102223481094031,1,-0.0105260519542377,0.129336188734533,0.0357467443881471,0.197533026722808,0.218415389071463,-0.0687124264699632,0.226965745615588,-0.127561223054655,0.262191051027218,-0.00806803797803715,-0.136686638803602,-0.0745190346483154,-0.0440815583015613,0.0468399279587294,-0.236096384546287,0.0277542149591374,0.0359914560833574,0.262347832814772,-0.0766188987853418,0.088848733995134,-0.190942724773574,0.152192212928347,0.371948629445932,0.00352445300474108,0.222665324430753,-0.336484821018347,-0.250198090636729,0.0819681743177508,0.127927138400497,-0.0968654425959387,-0.411719337674488,-0.242269712304044,0.175750315022383,-0.145781928035739,-0.0379965712228321,0.0129569867009629,0.133899966386134,-0.0512360955969832,0.153744667500503,0.189540112158754,-0.143444730503753,-0.0877155315465044,0.253699071493201,0.120583854496912,-0.338787074968024,0.194273099299763,-0.154600176235468,-0.105691920687355,0.190980519830917,-0.139064581843292,-0.0934290352833233,0.0799559057775718,-0.22368204875168,0.126989598426795,-0.151224255507631,0.180800498591342,-0.0347075381330518
"Lysine",0.051383755445397,-0.334616007781128,-0.258655573118382,-0.396758753520938,-0.255842141460766,-0.149483740436513,0.190065189535258,-0.094379745209989,-0.296257513950368,-0.179400999781418,-0.041222278299403,0.0139394181804735,0.0847155764402935,0.198142026048354,-0.114597459878759,0.242377379185479,0.320160085535702,0.115101882939122,0.127168579486966,0.185803318703175,-0.0876064212186314,0.115348666578126,0.105099149449734,-0.108160745699168,0.112084164029768,0.261476930126782,-0.310575933957964,-0.321826878666956,0.0587599451504395,0.150738422751043,-0.189462427249826,-0.326587904490573,-0.405221800327187,0.0538103880766788,0.0141980624946294,-0.137531740563411,-0.298077610133357,-0.219744219518404,0.231640034868243,-0.228172671016621,-0.11406844600119,0.095440094852377,0.174360091999563,-0.0662425666933793,-0.133662359839169,0.376752006729912,0.045546854619161,0.0310680718767602,-0.127655421789513,0.228604645845007,0.0355046516775018,-0.198700216788299,0.310359562667004,0.193130682201321,0.159239925890198,0.244290598899,0.2859381218038,0.193641895030968,0.527391048556926,-0.111406854905212,-0.29337116479169,-0.0824459085568584,0.225141810298624,-0.217597751533936,-0.386036816736157,-0.129461711253811,0.266515712431858,-0.176410045406914,-0.0563002760539556,-0.190316048371045,0.15600551350272,-0.013225470766742,-0.0343943157263588,-0.0360484525875668,0.0420562645321077,-0.0361177411268579,0.233256313264835,-0.0562791677633951,-0.0105260519542262,1,-0.27756748905999,-0.217598402984731,-0.288808813280308,-0.0144419565454396,-0.112655057645002,0.170176198025411,-0.194614334872176,0.175029716568436,0.286789497131496,-0.198496434844748,0.00836550711533372,0.191754711339773,-0.295471461596743,0.210243861175977,-0.025311457811671,0.181497143181877,0.0667602032811548,0.0944988262037165,-0.00965328519832689,0.274602979272296,0.258723632535353,-0.189286733071586,0.327481678682349,-0.245212597949994,0.0654104549599727,0.0402943589069977,0.215432873774809,-0.169207563774508,0.186194716461071,0.386067521459781,0.0538258800882026,0.420829018723295,-0.13693799521551,-0.0335609945620059,-0.194819493852885,0.126766718749331,0.237809324837222,0.252504631907391,0.173868547534064,0.0315259511095224,0.109074127129255,-0.338465883477537,0.0188394173508727,-0.0887207592633175,0.0171820296080596,0.238560990326174,-0.332362391093293,0.193300133317589,0.0687303218868151,-0.0941505232851578,-0.0588075712123616,-0.132075086727623,-0.445160690644348,0.0251891597224668,-0.164944117449409,0.135073097856065
"Arginine",0.346235725320137,-0.381267175391411,0.0305143180143765,-0.262939539966937,-0.194167388578618,0.0567107110493706,0.241372931040147,0.0884368407643114,-0.611183439048858,-0.305027866149768,-0.00263742706382318,-0.26810126345937,-0.066680688071063,0.462153915104768,-0.43874432225965,0.357774900834093,0.166923065291967,0.0512010562240736,0.160570332564009,0.147218929824899,-0.220507037895264,0.246385148912898,0.206054401917824,-0.454933138297435,0.0388542459148775,0.347973253789139,0.0129342257713885,0.0524981669349515,0.268422712373058,0.00862714806308518,-0.258210291653417,-0.0933063084818306,-0.437071422065639,-0.114987142772525,0.242472832692533,0.0254623929341631,-0.551886062608526,-0.0865107997362447,0.102647652073442,-0.136084038750355,-0.28489470549962,-0.11239326943921,0.113018346497943,-0.176163610325642,-0.301180613946437,-0.0827161147756958,-0.291734811967265,0.225137585370048,-0.0848909055064986,-0.103931395476475,0.0195532886539017,0.0968761315783644,-0.0772946603037055,2.37529233678643e-05,-0.0613937366296489,0.464758998930558,0.391105162265731,-0.154833153064913,0.407135274674871,-0.0521804277526697,-0.0238192421050763,-0.031991229902679,-0.148796837051051,-0.150021188508525,-0.224916175515892,-0.210718994460757,0.197799548004865,-0.0121538188720047,-0.15233300761662,-0.0646190331325318,-0.1398844224478,0.152138397547647,0.0408245993192981,-0.182226490359845,-0.0541287980259473,-0.063214365973463,0.186829067445531,-0.398371571937685,0.129336188734539,-0.277567489059983,1,0.0601471689692485,0.050037076574206,-0.0342283458342961,0.0391198932743585,0.0894422553887186,0.0714161334533387,0.185124141400385,0.173180869125602,-0.39001722200713,-0.100712093076532,-0.0968839894710793,-0.0929071108894121,0.323021385326785,-0.0343278167410043,-0.299350712914327,-0.0216115784551878,0.234801505100377,-0.109766075567115,0.443121437192756,-0.18793274110886,-0.347313167163511,0.0503393345462294,-0.22368884946383,0.004592136630803,-0.26288501835198,0.160141677804557,-0.172381933531905,0.263509245007114,0.48470555400444,-0.103279732853358,0.345266241503016,-0.159627774202095,-0.129080108265421,-0.372996973479005,-0.328388136580638,0.122366606990955,-0.137475684772184,-0.196254636929877,0.104421407608542,0.152604341791593,-0.174118411796248,0.162895888025049,0.336619599915289,0.229966078419098,0.120238994074246,-0.00434911680465644,-0.155051394443005,0.509011838977346,0.0282474841734753,0.180342574197971,0.320747572957768,-0.204554022635736,-0.300100300658657,-0.110265448578082,0.0202269979469411
"Proline",-0.102622155501523,-0.0177429945762685,-0.30597464071471,-0.247212520134017,-0.303876109033331,-0.439365922495158,0.187243071748824,-0.277431861980558,0.0293523414400709,-0.113392341018349,0.0241218730435475,0.0545443203788912,-0.131971823546832,-0.0460164878964757,0.119432982846493,-0.062877733030434,0.21172885149681,0.323849885805149,0.431125118410912,-0.30128342897497,0.269590734553934,-0.14883300664822,-0.213262416236618,0.145285415250562,0.172439991743071,-0.06641808153675,-0.0554697290474769,-0.0728194565149197,-0.280882113717445,0.181512991381007,0.0793575582254308,0.0970343728729888,-0.282081391344446,0.286774584542032,0.0679053170187631,-0.332007380748057,-0.0381336111169985,-0.438262096803896,0.0524767118264313,-0.018717963456924,-0.388505609038305,0.305291952063025,0.289466338858007,0.0177329502292842,0.0464898306471898,0.155103718204238,0.385022396711665,-0.349693321341584,0.0355900543028025,0.231720796036909,0.0976457424057608,-0.411641281504149,0.0918324785557885,0.452506871698547,0.343844925387348,-0.241772543275846,0.0358346240912855,-0.0701182808158941,0.0721554737276921,0.0234777496363353,0.231314199454138,0.244289853482741,0.210483579008198,-0.4009620365631,-0.317439882044405,0.37404070600358,0.0824308369381053,0.0919253103164848,0.453562778050313,-0.323818854361526,0.0756714954636358,0.0149125299779535,-0.281660268550023,-0.0659312000107377,-0.203016511353222,0.320733600853156,-0.16544208837606,0.426308051628507,0.0357467443881457,-0.21759840298473,0.0601471689692504,1,-0.0989575220537178,0.254616381329818,-0.386349953274309,0.0531722064250217,-0.222630819095044,-0.103259344377868,0.434835834836429,-0.0147177705616501,0.0226042472472848,0.540695951710159,-0.520506241759422,-0.474958966344447,0.129470230454326,0.457553017861289,0.23050259767963,-0.00643267891456104,0.0741061436296833,0.217643773075308,-0.0245598438552054,0.036001433942138,-0.0998848820058455,-0.215762927454394,-0.241287200565046,0.141546372242443,0.153833466086428,0.372426208954532,-0.30611337780274,-0.0242197533973147,0.181465544749194,-0.0834738413147467,0.0926474719499102,0.137541766159114,-0.192109882284864,0.201023501783903,0.225775830573875,0.179561811258095,0.264201212461055,-0.198118728370815,-0.102741140456092,-0.39013329552452,-0.0774160389195608,-0.216430549294602,-0.326328385413948,-0.283692060123135,-0.463760771154865,0.212972259460861,-0.0479439073686346,-0.217405201702339,-0.133231917293788,-0.108012290615734,-0.187184329424359,0.30677818753798,0.104726522960994,-0.0583805300035437
"Ornithine",-0.00487974288501772,-0.0480866960814808,-0.243976462975824,-0.180838081592026,-0.289211177842219,-0.354765376443772,0.255278044774199,-0.0291811219105268,0.051903236387029,-0.175840459952721,0.0695768364337988,0.395098373781856,0.0305491648885583,-0.153205665148362,0.0944399535932117,-0.172660822371809,0.346662830210977,0.202243435539466,0.114244395292846,0.284026494310487,-0.170312960571307,0.117705522387718,0.148608950176487,-0.155829588225608,0.0450937542770107,0.239217020761478,-0.531551742260341,-0.508808166332259,-0.242703373556932,0.219167121520094,0.0541941642041732,-0.408664230049069,-0.183120698836518,0.391983175758254,-0.193475961476662,-0.259287012143854,-0.258201498222505,-0.0241998792775006,0.310755833396374,-0.0582418511728434,-0.0797694469818812,0.070929689308541,0.444456527144069,0.0280772210596663,0.10260883744137,0.263192519493119,0.142130101065687,-0.0462515715632033,-0.16243291977383,0.0952874083377038,0.0474028009488646,-0.159635295239857,0.286399529224761,0.145278068302865,0.190271722420792,-0.0852703060994948,-0.0212551500455255,0.282692725620668,0.426450322922282,-0.106210313475012,-0.48592122674831,0.000330090702223838,0.574182081681752,-0.408838850656919,-0.336233947724357,0.00537204890130894,0.0736413479892329,-0.275708831443089,-0.0900721878625857,-0.147542029235565,0.298812343434573,-0.233528699515713,-0.160825964246524,0.19607943734735,0.438055650805664,-0.0632892652549478,0.20132010332983,0.0630137783363294,0.197533026722817,-0.288808813280308,0.0500370765742005,-0.0989575220537145,1,-0.0920519039130014,-0.084976570407263,-0.241747916215811,-0.169461317595972,-0.120907370167213,0.259686484656429,0.0522443690197985,0.257849579998144,0.358641834234438,-0.153526990696606,0.0962420003748596,0.326856543580732,0.454958632705845,0.0609216545592917,0.0420762995341624,0.290494823213916,0.0647388950863345,0.619263380934136,-0.190924878801532,0.0860902587964131,-0.102940830709091,0.281659567544887,0.345874252378649,0.198360487228901,-0.149315857886971,0.186977502893553,0.262929967655537,0.411861063162613,0.126463151297329,0.0585565299513483,0.432912147417621,0.0304387344254655,0.318601489021261,0.477390023514935,0.160607150886821,0.200987579700963,0.0837469721263957,-0.0117630590673962,-0.181769202349001,-0.232096763805843,-0.160225716134391,-0.0352982788231569,0.421054646315595,-0.378693988542043,-0.00815982268009266,-0.162341897975937,0.0231470946556695,-0.266923676511132,-0.231131555249522,-0.404650010713396,0.428085677394599,-0.281903998216786,0.151565607174807
"Homocysteine",0.00420918230236638,0.163063208765491,0.162392814665063,0.0587834556356737,0.171961518188355,0.163560491348389,0.113653279264015,0.130907443687094,-0.0866654751316605,0.10965966232121,0.00671461076507035,0.122301209652116,0.275841189021894,-0.112369657215318,0.0464609989344361,0.0263396871187846,-0.0950149632464605,-0.271707754524964,-0.356100431570294,0.200462383332655,-0.148318434738667,0.108273036482395,0.227508603255254,0.0369304088827619,-0.0955500324501346,0.178266565120738,-0.135677828642654,-0.0541541622976312,0.168005465459648,0.0716344610552333,-0.0500587618660132,-0.0820225944052068,0.00127926736428687,-0.157315821732198,0.148725852343917,0.228082819138393,0.100137835939531,0.207573300710104,0.0722048900582792,0.041558395736663,0.269643066200261,-0.0518598095869768,-0.00132207321244211,-0.0263360016334062,-0.241343524602583,0.0520740630323727,-0.284352754591944,0.320342795989098,-0.153462031304682,-0.267308062159619,-0.0939363317026989,0.0668027826553987,0.188451070898597,-0.281379275957542,-0.276096958173355,0.214109885229778,0.0739893168850466,0.0375904791954045,0.142463179770492,-0.0317922890327559,-0.270709244704996,-0.233022422558221,-0.09856204415801,0.313900811199999,0.00144273610122232,-0.296341612687896,-0.183278021660245,0.00781738908141928,-0.315330530715504,0.114229543283126,-0.0094704272825844,-0.00083120920772736,0.284313315846064,0.0754242452617095,0.146944716957344,-0.00405371332662199,0.142573842645494,-0.332412331870206,0.21841538907147,-0.0144419565454378,-0.0342283458343,0.25461638132982,-0.092051903912997,1,-0.0400284004314428,0.00284195004835497,0.037560616427737,0.0565201974494818,-0.179069612924327,-0.00876383833082327,-0.0827920613973938,-0.241442228109045,0.108568425706317,0.203140620043636,-0.0351766015009114,-0.118884328718872,-0.279637315656254,0.0825581289088001,0.0311961120156469,-0.184938399018036,0.0180730140488779,-0.146146689031526,0.1997173938065,-0.0916710517067677,0.165756269626244,-0.0589064591895333,-0.033311936770627,-0.382959288571172,0.238381275964419,0.0640432595923045,-0.0718781078655624,0.0564207406012434,-0.185544480257647,-0.13956935124215,0.157794158941487,0.0581094312612104,-0.393054223649357,0.0985444014786207,-0.0578514199444166,0.0916708390411962,-0.00520607025547337,0.0362148791541882,-0.0248085131905894,0.0778095166865159,-0.150342866627773,0.200107081755257,0.261443899387956,-0.0820742211695215,-0.0796671010612328,0.115649291430351,0.16538945861733,-0.0501507292756557,-0.162561214780003,0.0369176693964862,0.029243175112591,0.0993204741043881
"Cystine",-0.0537252450324138,-0.0115125289275728,-0.140478489869292,-0.221775015601623,0.00457062669805261,-0.417310954390524,0.158571940719874,0.0328999507304613,-0.119782414706478,-0.209041706725615,0.10555248912715,-0.0739028477703095,-0.0201930711361304,-0.0805950124260026,0.0410228614087686,-0.168484911662978,0.202162385436493,0.210611338521759,0.118475014950614,-0.26436835925995,0.00646351144508293,-0.0280234964529865,0.0247619333340094,-0.00090542288601545,0.14436852517572,-0.140749970610866,-0.141250886569281,0.098708101477294,-0.0878831229805363,0.205872592279407,0.158980507871937,-0.0745266958732167,0.0934301164051808,0.0598559823266786,0.0994541398388919,-0.0576281205955181,-0.0247629526343275,-0.235241460758653,0.250902402424484,0.0301721612065815,-0.150214105207725,0.479618975715843,0.0731421971379729,-0.22851598738687,0.0100739916200828,0.0180477945692995,0.203470309893565,0.0599287253182942,0.0399028992787079,0.0623823387051853,-0.166862097310797,-0.155256180019283,0.102353630504136,0.200741861425566,0.194036527029185,-0.0957457070941135,0.236945010172932,-0.138746859609818,0.0459129881876333,0.00486358070127425,0.0932557666777748,-0.0665283867653556,0.0809696271560906,-0.161263828267476,-0.358936288824387,0.151556594681126,-0.061206648217811,0.0246375123574522,-0.0200948836718452,-0.228066903416346,-0.114293692361956,-0.0330050332064149,-0.250025223270801,-0.00489543229049228,0.155508506851817,-0.00555048036318985,-0.110021870054471,0.104201624142142,-0.0687124264699571,-0.112655057645004,0.0391198932743544,-0.386349953274313,-0.0849765704072643,-0.0400284004314425,1,0.207431461332324,-0.0980003304253681,0.0582392608432087,0.348295888680736,-0.128651401686089,-0.0376448910115308,0.223437610028675,-0.155990197423518,-0.154360873104415,0.185143741966461,0.197969689135421,0.191156336357609,0.016367538416983,-0.105975573422423,-0.109358791087214,0.0859440705083459,-0.00950294276762837,-0.0937046930871274,-0.305738610805339,-0.149846941156761,-0.157965103836867,0.277590180558932,0.211579633414332,0.0194999832564326,-0.121827119000142,0.017446065423624,-0.000874487372961323,-0.166316050629503,0.366958490739587,-0.140054264890091,0.0812861079523006,0.0656889087399477,-0.128568016017355,0.114979716134527,-0.181424530998005,-0.0423371951997881,-0.113283804280935,-0.0154657643061425,-0.0845725195055026,-0.26193140091927,0.00390466735760993,-0.253062317629372,0.0497441621658959,0.0118151696074004,0.0305113486480739,-0.08532952622079,-0.0526460942573878,-0.223756741437086,0.250079784787189,-0.109464014660694,0.104700181317499
"Asparagine",0.164834997277747,0.200483202152552,0.0204939191002501,0.345010396777751,-0.134377928124622,0.0643418792119486,0.11592599728193,-0.216793085019961,0.228035954083789,-0.0447252572234947,0.0752878004356269,0.460735791894788,-0.0592794344225864,-0.267849376336769,-0.170653902254525,-0.206806169618658,-0.192834978528856,0.0208044185652855,-0.0268715154955974,0.126700819213996,0.0358216383999807,0.166436881706394,0.25396761184887,0.111574865841938,-0.221160302272665,0.0676723977290017,-0.0594922100880761,-0.311249119006532,-0.135458916587565,0.213800416500034,-0.0309184496494413,0.0369911406841246,0.168445195287027,0.281547120397036,-0.186113529613327,-0.239019983278689,-0.0931821555733932,0.0392483733833974,-0.0974296074396092,0.152228765008437,-0.0230066136724729,-0.378243350822295,0.217297998316014,-0.150480117208354,0.0731213736662449,-0.109718346168853,0.113614940665384,0.00583062819590077,-0.157793682050113,0.132435839857386,0.175179590584005,-0.0594462343443313,-0.179611039130147,-0.143864936177544,-0.173320572843213,-0.120107816790999,-0.315832892586307,0.196130469321182,-0.17866008844602,0.286728216171538,-0.0716762465720283,0.11881424607896,0.398338020398708,-0.0646211755431766,0.090814004873094,0.396333501803707,-0.0196412391966566,-0.181940689837146,0.0253476272789229,-0.173787084941742,0.123273385181388,-0.125957344434575,0.179633462700533,0.163134338460611,0.230794002590776,0.168746868982466,0.0342625908536772,0.174497219132568,0.22696574561558,0.170176198025415,0.0894422553887257,0.053172206425027,-0.241747916215809,0.00284195004835387,0.207431461332325,1,0.457189175993332,-0.335357163892235,-0.0238244818759336,0.402794671116022,-0.142119030398699,0.0609020925691,0.315114634284507,0.00871783415458023,0.233444692501377,0.175923230374434,-0.313601613823583,0.229778740010038,-0.0407002798431971,-0.19950706924359,0.286005503376046,-0.0280322543205084,-0.036224333022659,0.185199235224542,0.344018505696351,0.546079365504234,-0.208614898092464,-0.0761272175936633,-0.105545818399138,0.063303942098444,0.144132077159269,-0.195478532564988,0.0676299198189978,0.343822457283486,0.224377633388935,0.0939504983425342,0.00761607506956331,-0.0417145233793054,-0.0523746363574138,0.238142738980688,-0.14864850549074,-0.0215009515149157,0.108555911874756,0.0281479709888588,-0.0268938111637101,0.024468345090541,-0.00934769020158588,-0.285262612559102,-0.028321140875861,0.011170002354755,-0.0818149386688021,-0.104169445289199,-0.00867087895656232,0.117647385480866,0.0513974960691234,-0.0644270291511511
"Lactate",-0.339234671728203,-0.0571810703230265,-0.286376762768727,-0.290229498319933,-0.0692921300353929,-0.168598940892413,-0.180049980253042,0.185892067943506,-0.0927908098066811,-0.141586359390209,-0.264888833141643,-0.042567631018475,-0.264905310523356,0.178033590861508,0.275955112861461,0.0953011160448054,0.384021519238031,0.321345742094027,0.168589317640106,-0.140129376898114,0.0517678587773384,-0.124205232678871,-0.32099936956023,-0.0292585329248587,0.323574780624656,0.109383965034214,-0.0562221658162997,0.0339760042907775,-0.370959637429715,-0.0446010009646913,-0.0151658851615507,-0.0300176758518439,-0.248506371536512,0.0682314470459047,-0.079184906297438,-0.12204677119314,-0.00652221488367876,0.0816322216731134,0.336564854871329,-0.209482403917035,-0.0646167542390565,0.119464634706651,-0.00935634832437444,0.0391698758730511,0.257037211295473,0.0816471530398835,0.178693111664933,-0.360864343471477,-0.0387795067756747,0.00213669177445984,0.121048273190542,-0.116994112130221,0.414180401638379,0.412782103330658,0.372864009461182,-0.276741345868285,0.263417994852014,-0.0564359959494802,0.145611134822536,-0.184736805303349,-0.142043500270863,0.0454925268823808,0.0183770832123458,-0.148069479798105,-0.0348833283547729,-0.102345231333173,-0.164385306540043,-0.137277641259722,-0.0460995374149108,-0.0234752210085614,-0.11511491336068,-0.0916250705764801,-0.345274745724073,-0.144852458671049,-0.195228998061277,0.0910427389036655,0.0665940824934688,0.144954524184322,-0.127561223054648,-0.194614334872177,0.0714161334533313,-0.222630819095041,-0.169461317595973,0.037560616427733,-0.0980003304253657,0.45718917599333,1,0.121932570648613,0.0318941362234288,-0.03749199734959,0.0677884036135843,0.24471820667831,-0.43870289500376,-0.0277265757869348,0.233105587591451,0.198495841273975,0.394865290325655,-0.318049969774018,0.378171619560828,0.367166879305562,0.12211052556242,0.114389540650996,0.0128211504778626,-0.17075347518767,-0.213569776510319,-0.0963024534493517,0.299408895410338,0.243521304912435,0.0976813106351234,0.0444306799298342,0.0837651888949119,0.281263857517184,-0.0728207279386469,-0.126968416682029,0.00715353860106693,0.128305208676395,0.120872746028713,0.22616479376664,0.406174000582486,-0.187999750088963,0.0234334274092631,-0.274671504910612,0.0283521782012428,0.0132635320353042,-0.104650308217209,-0.0332401813761731,-0.358036643288902,0.319406444627274,-0.129894114933369,-0.234242015218098,0.0423707225467315,-0.230069044382782,-0.255347130761885,-0.01019354833014,0.0826889143480116,-0.0106503753524391
"Pyruvate",0.265774133841187,0.240117479707002,0.143453121681756,0.354712357782632,-0.133202079289652,0.186218351251454,0.174410336327056,-0.331655977161018,0.322470758990506,-0.16222512871702,0.240954752447059,0.350421347788397,0.110208657197926,-0.132148511244413,-0.224446347862778,-0.024149505259454,-0.0910199456534494,-0.116132708113218,-0.233851395199828,0.253029045971567,-0.139785313355983,0.0206983105708488,0.22560752795846,-0.0121032286582243,-0.274624066702232,-0.0832518030449867,0.193123475082957,-0.299942989677983,-0.0833848006033931,-0.0400669636168834,-0.136415173810218,0.00422942010018321,0.249728006293719,0.284263285075658,0.0102830374054128,-0.283422668785084,0.083233847928739,0.0226992361796312,-0.111301326858468,0.441795331518773,-0.0695012525265864,-0.0726298823543459,0.199403007540215,0.0559262014266182,0.244362211413758,-0.167021436410845,0.146561143209342,0.063439108056109,-0.137647289506099,0.2265701499736,-0.12355683793012,-0.152492084090918,-0.202435690736266,0.0610931941368822,0.148990639742947,-0.0182685359332985,-0.256876281583307,-0.0705366190872288,-0.0862808057794966,0.0658324086600589,-0.157183048579664,0.342938840723902,0.125735848383439,-0.0375955697172874,-0.180271973659484,0.320511797155845,0.0390750751704675,-0.201141779793938,0.302278531378246,-0.0164749145286264,-0.172285655782436,-0.249294667758991,0.120743066854518,0.380110763744225,0.238917366794525,0.130167407537556,-0.366964867673927,0.370571706402627,0.262191051027209,0.175029716568442,0.185124141400392,-0.103259344377863,-0.12090737016721,0.0565201974494836,0.0582392608432146,-0.335357163892236,0.121932570648619,1,0.105830510397385,0.39180564928128,0.154702624389505,0.219220406361562,-0.0706141426451763,-0.00461415403629114,0.0908776536997264,0.192391640736861,-0.143978889879219,0.156656798024896,0.165625768100198,0.0094448046281567,0.124997095220534,-0.0418912285625095,-0.0438285656716417,0.084326092271638,0.298679009188135,0.46411076795913,-0.311433379938002,-0.150239713951518,-0.261629275380883,0.0663565078641886,0.460101865346929,-0.443057701563251,0.359072823019326,0.319883125532876,0.160536745144415,0.0868461923155319,0.215081810952075,-0.00151576909952013,0.0393733761451057,0.0914307990402167,-0.227044352837996,-0.102273119942888,-0.183066576343816,0.0520877579572158,-0.0185063066486061,-0.0329356533488392,-0.0656939237257638,0.0257661405516387,-0.00474554564373076,0.0924115552892668,-0.298910955376659,-0.117643185173905,-0.143224149707862,0.119054946149918,-0.162408410810446,0.0171506590780548
"Xylitol",-0.197365492102467,0.323542376326839,0.165472589177354,0.143462755774267,0.473825992462893,0.404388012285937,-0.336402050555614,0.230282695617709,0.0990917455575409,0.429995836143806,-0.0200649740549253,0.0151141246639447,0.0781902202702596,-0.074700067220018,0.209122173474606,-0.0668127215453368,-0.35532930930955,-0.385232459137702,-0.348554003209319,0.0510494090562384,-0.0534333819358812,0.173696850457487,-0.134942011218477,0.221238567280259,-0.0971808887121334,-0.0209195387901579,0.0609418811119256,0.11889789682016,0.203973906120905,-0.253121078153815,-0.0608885102406074,-0.0340069989081525,0.227001728689717,-0.373782437221646,-0.021596203959624,0.26789045480888,0.343764399393672,0.367977983225699,-0.128856128081031,-0.0698150946583982,0.32237577017335,-0.329627902093244,-0.264218246009327,0.125917311301494,0.0290647790858816,-0.111029852615306,-0.382344262930926,0.136225216658489,0.0368316126884837,-0.389444007892561,0.153692411821859,0.398868112406327,0.0870319052941674,-0.482442713726567,-0.393218206305147,-0.0118572521034003,-0.0807095145225628,0.0883433417520525,-0.190166050106103,-0.0142186168355682,-0.0736852077129742,-0.234676472095048,-0.259840716848673,0.385296939280815,0.437781588875248,-0.166682300100739,-0.216873165387955,0.166358275554054,-0.280866469598418,0.234212312437593,0.097411648171563,0.189395833215695,0.248152621916999,0.00164415574324353,0.0280934515540584,-0.213361970444555,0.0978824200914247,-0.231874350357048,-0.00806803797803816,0.286789497131495,0.173180869125602,0.434835834836428,0.259686484656429,-0.179069612924325,0.348295888680733,-0.0238244818759298,0.0318941362234271,0.10583051039739,1,0.166698217150111,-0.0759673440041216,-0.374685452054881,0.456820855733639,0.154219860310701,-0.105283954199656,-0.364707481447988,-0.168326076185673,-0.210575780570642,-0.0550278018816711,-0.249263793765105,-0.173049205676278,0.0816676420500822,0.261378397194594,0.150715022187315,0.0908308806334122,-0.109996345944681,-0.332369614921337,-0.181141613482649,0.0676369580732754,-0.180413195338842,-0.262897684021896,-0.0188250235849824,-0.0410398723538568,-0.331462050421346,0.257693519325311,-0.0630815830054476,-0.381428595977819,-0.000988072071524596,-0.141552915053392,0.113814590730573,0.124225903420533,0.293934626459995,0.0850079568622501,0.237784132194802,-0.00166306607284806,0.115999448859164,0.512542922205865,0.0664279966111166,-0.207102364309732,0.0585744055532677,0.32580172147705,0.0770175533261069,0.304996959033653,-0.168127782694622,0.169449587697632,-0.205546108086278
"Sorbitol",0.0120271276072933,-0.283932376837167,-0.051610838599961,-0.204849111757886,0.0596196372706814,-0.312206962224085,-0.017587752456479,0.158997789928027,-0.291611206917283,-0.0563516261796689,-0.0890052152388403,-0.341033235451401,-0.107837593370892,0.329890306777183,0.0654119827791417,0.139398215909272,0.0808402600056542,0.0417993364830054,0.290436665334165,-0.142605926613956,0.11055104921896,0.0625579046470476,-0.193495619180036,-0.109121883515061,0.0848566412363623,0.0435352983009984,-0.264077386935201,0.0709227416320403,0.143622702928701,0.0222186313561393,0.0238227084131817,0.0357214429356254,-0.291661207831354,-0.231647100832041,0.0113472562703861,0.111250995792592,-0.186233874334972,-0.0946836669713615,0.112075629500838,-0.0929499697093251,-0.0453708295691492,0.139339007396421,-0.0556454977829048,0.0685447459124373,-0.20642079645709,0.0506747922378465,-0.193185354616328,-0.0253877639648994,0.0677884373707966,-0.200289966931677,0.0578088401980521,0.0394431763801161,-0.0803093124376179,0.070992801405288,-0.126387601397753,0.190216543389395,0.237927217717692,0.0604011955379852,0.24891771380042,-0.135122728910023,0.0153602060763669,-0.148025423383792,-0.072978392616555,0.0122941360601061,-0.295226239873082,-0.272321182524109,0.336270712058529,0.167987746733328,-0.0824716514733726,0.0165281247146842,0.0238178203161242,0.0471552888216889,-0.268454028216087,-0.0486046342683391,-0.153179092792527,-0.159888805354779,0.0686437869741841,-0.245220657746717,-0.136686638803598,-0.198496434844748,-0.39001722200713,-0.0147177705616578,0.0522443690197999,-0.00876383833082226,-0.128651401686092,0.402794671116022,-0.037491997349593,0.39180564928128,0.166698217150113,1,-0.00377953852630001,-0.017162226401835,-0.131410673763223,-0.105295078795144,-0.110729062055885,-0.134658295448937,0.294333983620031,0.0162616582821938,-0.0373821269792635,0.0447192915299962,-0.112486313562519,-0.0276940705410039,0.125135294579345,-0.094905589600112,-0.195067529945549,-0.495473853410224,0.383402109133409,-0.0737376565635531,0.029775740057081,0.0523853859607195,-0.16371454340072,0.315430618552279,-0.128580589791809,-0.1993888702911,-0.0748939076214382,-0.0844697838501592,-0.0103107045312322,0.0631184697881992,-0.024077730135037,-0.231889647364176,0.0574621382674765,-0.110799569206529,-0.0630702018606771,0.0135148573571645,0.0591511372900756,0.0764614592179701,0.0139058461329675,0.0934105333474921,0.0627979784475787,0.00864309911618545,0.123125182771444,0.117156281138076,-0.0123085365429824,-0.0433452770589534,0.0483014378829942,-0.0206621842645829
"Maltose",-0.0916533582472667,0.00268130612508495,-0.0391109587850704,0.0194769420824715,-0.0538733234171565,0.0559916016785639,-0.105940521194413,-0.223121626885776,-0.176027384555958,-0.285621252970375,-0.256584746977,0.144482121806969,-0.30046193028748,-0.0278346421314244,-0.283183058816535,0.0462219192094587,-0.0439122218179479,0.240433535499426,0.0748120310043189,-0.241044117247158,0.145486783803522,0.169256425936417,0.101400481995297,0.157060363083871,0.119813060988731,0.177023487114313,0.224176935682562,0.151777661642626,-0.243274735130404,0.299779367265297,-0.216132717446176,0.209686142171697,-0.0638073596782572,0.000342745240318871,-0.0211750483717647,-0.182959361894608,-0.12354597539214,-0.171504783135074,0.163512586416876,-0.0741374873103815,-0.06140341456754,-0.307769604711115,-0.121445413785833,-0.4067335447856,0.0257185653014484,-0.0582996341190578,0.215820535728076,-0.109835274726859,0.00703543691502469,0.0245940603102387,0.196942915594911,-0.17522832355187,-0.102124282783589,0.208193112210454,0.0960287500587814,-0.102393835617267,-0.00943430475021705,0.0027019531767599,-0.243593709794486,0.193848230859016,0.203384679296976,-0.0746949751638853,0.186595584256369,0.213863842601101,0.0455160544969023,0.262062884673407,-0.0642981704609215,-0.210276118806754,-0.105197565391367,-0.378668405190048,-0.182988976680417,0.0761645625076987,-0.0713601829323271,-0.247424293930854,-0.365285792679015,0.252574399374145,-0.0200746313185013,0.183083395565584,-0.0745190346483155,0.00836550711533639,-0.100712093076532,0.0226042472472951,0.257849579998146,-0.0827920613973986,-0.037644891011527,-0.142119030398701,0.0677884036135893,0.154702624389499,-0.0759673440041238,-0.00377953852629602,1,-0.091749059634546,0.081016280397414,-0.153113372149882,0.150804602846099,0.0560744247725348,-0.141364117316745,-0.0192069334946898,-0.122374963220549,-0.128095446293952,-0.0698386937164576,0.0356749323794922,-0.0288677719745075,-0.0396284520746221,-0.03633034428496,0.0799234842570653,0.117523345324207,0.191245253624192,0.0447751403163412,-0.110977260929001,-0.285299359033184,0.175233535164459,-0.120129971790506,0.00882166944655028,0.170940898875007,-0.0944808889724779,-0.360831087245557,-0.0981597979097564,0.193480628766785,-0.0659890831405277,0.0176041857733839,-0.271135681886953,0.0482591855118835,0.0938144447147871,-0.106187947390214,-0.317812657976019,-0.124397327028646,-0.124836314784164,0.137892939618717,-0.41034562807157,0.372390672060024,0.0846756712912672,-0.0244854134974234,-0.225097597530468,0.483017894061857,-0.106738859410693
"Cholesterol",0.0774897218645569,0.0129628894422347,0.263346433683723,0.0209686603253449,0.392966212557203,0.455439887892389,-0.195848629360495,0.32765757560268,-0.0716552140248123,0.221493574283454,0.0718699592748079,-0.253366972179884,0.182525831417522,0.0554348592002704,-0.0496205136683151,0.209399394691622,-0.283006503814251,-0.329426452614281,-0.278802045069702,0.0945730853810397,-0.220116850680001,0.0676618712081278,0.109106860570709,-0.176395325140222,0.0391732821296387,0.0531227471993712,0.174161210502322,0.31858624101679,0.309739377937063,-0.17741047653776,0.0366790525433993,0.152218267694712,0.107327318662426,-0.300234718929204,0.129992629899387,0.559256270172146,-0.0248059707867538,0.307967048977879,-0.242930664696309,-0.116850604126241,0.356877208019575,-0.227301264038431,-0.26144483319832,-0.0148432269203668,-0.265506896323964,-0.0514286948621484,-0.41252926249012,0.311247759424374,0.0937505019379275,-0.22822004588154,-0.159039786040089,0.448269093325971,-0.113636662842406,-0.549557803681945,-0.38294600300983,0.306284134755235,0.0388970284139525,-0.110750378928821,-0.120338352790879,-0.0249606450626065,0.0900450160570614,-0.406768881589206,-0.472316012428167,0.436837272585296,0.352522436837312,-0.432200957855413,-0.164542848293866,0.217080860289676,-0.373255808159189,0.24067413486406,-0.0812130752187686,0.198890824438956,0.42921741046302,-0.299873115002473,0.0676358593166296,-0.170441846208565,0.163917150103893,-0.491766323386336,-0.0440815583015626,0.191754711339775,-0.096883989471077,0.540695951710157,0.358641834234443,-0.241442228109041,0.223437610028672,0.0609020925691031,0.24471820667831,0.219220406361565,-0.374685452054882,-0.0171622264018369,-0.0917490596345402,1,0.485776490126488,0.329601089442644,-0.413208071343543,-0.611940556211167,-0.333476816649937,0.00314815813057407,-0.275372777644465,-0.178341058884824,-0.357493982346134,0.00186735009648639,0.0477662710330509,0.135826340968685,-0.00671210465362099,-0.216485121752954,-0.156514928205719,-0.16889333990503,0.319246098945307,-0.0718683174282044,-0.446850448511671,0.0786856459534457,-0.140944243563922,-0.314080163856237,0.123127541665633,-0.384792722970962,-0.474770443115228,-0.38126799357766,-0.422681670114963,0.213985499813223,0.215440521356034,0.345556281440375,0.0937864726651115,0.20628624789428,0.22790389596763,0.0188804472795908,0.50280659668588,-0.283704223234321,0.145189616235634,0.242885382180251,0.265071971025086,0.35451021195214,0.373148999248582,-0.270139432679436,0.0734979814568739,0.122179873061129
"Choline",-0.0959833359114466,-0.174606907701184,-0.251719569394479,-0.178607840930786,-0.363495869758118,-0.361494405692821,0.141838171071069,-0.157458916212409,-0.0795105332010927,-0.238772948915082,-0.211243861935949,0.0534924081011315,-0.144708372216237,0.0245478891866904,0.0441574884548396,0.0234460123065203,0.355049704136525,0.368216629632253,0.343715468603992,-0.189858760060838,0.219501314953317,-0.301388492650474,-0.19987439944433,0.00826478344305288,0.109984702693449,-0.0225319262001408,-0.0682915657420766,-0.0852578193408833,-0.280600445691198,-0.0352486282293777,-0.0475830222224407,0.0932711313806775,-0.376856590564821,0.221672314741979,0.0611103432891927,-0.271876743417345,-0.0645362296718665,-0.400294363138973,0.176308288420605,-0.0165708260349438,-0.330690172686655,0.253654032892286,0.139357883819074,0.120718084994857,0.0257541555683171,0.17271593642889,0.284671564429138,-0.310212293867676,-0.073004035854045,0.224533086824809,0.0181061636018541,-0.418251269790023,0.143094864430028,0.605361634720299,0.489356417343018,-0.132921935700948,0.152493952676508,-0.220191708816881,0.202350924318073,-0.147334489113014,0.13529795869257,0.255871297924586,0.130860501911927,-0.254141484604803,-0.387953216433208,0.196831948872149,0.0761453297944343,0.0297088267071949,0.385422856368464,-0.170840539486746,-0.0237671563062847,-0.122263483663879,-0.315035457175293,-0.0511302897404107,-0.307968893671518,0.288332290687641,-0.131096272727874,0.333179439638223,0.0468399279587314,-0.295471461596743,-0.0929071108894143,-0.520506241759421,-0.153526990696611,0.108568425706315,-0.155990197423515,0.315114634284502,-0.438702895003762,-0.0706141426451815,0.456820855733642,-0.131410673763217,0.0810162803974076,0.48577649012649,1,-0.255647169589865,0.0253839557571296,0.458492459696836,0.327139305801658,-0.0646812489204319,0.16711438647848,0.391652763151866,0.0309613044116612,-0.0461343415183206,-0.124583378025419,-0.209878397030499,-0.259278369894283,0.00326182901349023,0.21939617232005,0.248644542854886,-0.196548901160847,0.0741891199511577,0.210281422071349,0.0362950068269842,0.0160282605251284,0.000554040328495664,-0.23942023577344,0.160666828131569,0.260346598557539,0.33764882254784,0.425538913443815,-0.223556088541706,-0.125378775899095,-0.406134643415252,-0.167526116793154,-0.181365407730569,-0.180963861017798,-0.239870637164175,-0.515056835497231,0.290177602060902,0.0617954103966979,-0.229037726024269,-0.123309052032662,-0.0433131367098112,-0.287667937925886,0.127962549784827,0.0438296298299107,0.0249923069726327
"Palmitate",-0.415585650956369,0.217154131435509,-0.216083776489539,0.0955068010204376,-0.254017444194374,-0.422039398854923,-0.195637351857292,-0.176193342272596,0.327960650200182,0.0820450600849871,-0.192341783120979,0.036844594690603,-0.233633976132088,-0.342891848226208,0.360494923306114,-0.357456162883216,0.00972396061226229,0.229977253459786,0.363998684451572,-0.395521123246765,0.554048117792485,-0.16498143403642,-0.393611317938556,0.477303277072353,0.149798615871291,-0.300223903881231,-0.0237824421630738,0.0850263564679175,-0.377246946344403,0.166235917774064,0.183676978886525,0.338634846349482,-0.0238210394297938,0.160201422058624,-0.0855253899092611,-0.197024692688362,0.231054193265185,-0.386196852079892,-0.126654443575312,-0.00651251871495396,0.0465537007985264,0.148426379877738,0.125401779300891,-0.00104594401360946,0.164726985122655,0.097085204757645,0.516708871058786,-0.528352430783438,0.321496060727738,0.168647777941937,0.131646028383658,-0.261965879442651,-0.0866065354576404,0.438155209608739,0.109418048505438,-0.447489977665725,-0.338848161755936,0.0806492636694348,-0.428304279951334,0.137691791864573,0.45593227683821,0.118410678406918,0.232304578134829,-0.115066402150763,-0.0499763013523688,0.413502737119769,-0.00049455236285889,0.0116607682469641,0.500236359543618,-0.292834975927826,0.0347450547465578,-0.151960302251458,-0.293087382079201,-0.0833607620564805,-0.389577381523472,0.371301577868255,-0.234437460112254,0.507905804778507,-0.236096384546297,0.210243861175975,0.323021385326791,-0.474958966344446,0.0962420003748543,0.203140620043632,-0.154360873104417,0.00871783415458429,-0.0277265757869438,-0.00461415403628754,0.154219860310702,-0.105295078795139,-0.153113372149889,0.329601089442647,-0.255647169589868,1,0.0665898835856691,0.437709393753559,0.196703660176415,-0.220420639639824,0.0545188796705081,-0.155367614317118,-0.0130627539461212,0.394701099721404,-0.281893993790768,0.187611071959833,-0.349000065163232,0.0550322805241861,0.179595921539753,0.391422474039466,-0.487082099240513,-0.468902295942067,-0.0934846025450335,-0.222844726943773,0.183742618978938,0.0131810148705369,0.094144057657809,0.23199719646823,-0.0205661554764454,0.12123390799806,0.229859950111871,-0.262657669978283,-0.264156085240755,-0.153172371966726,-0.127596790063206,-0.436745545389139,-0.285641968806339,-0.53409708209971,-0.281388233478295,0.0275901602887844,-0.321157854908927,-0.382715374379763,-0.140677198380087,-0.233443204970935,0.128635011415707,0.287782114283303,0.399645354914601,-0.325348745663381
"Stearate",0.0376569673806228,-0.101755168871182,-0.0392311340753627,-0.0666107743772556,0.00565631456091373,0.271184606427381,-0.0259327079965377,0.108358450467737,-0.0820556733110497,0.131987262080794,0.0334131609271744,-0.309994543309164,0.322100696690374,0.248688065535379,0.101148843559157,0.169712722306538,-0.245914195090757,-0.337196330149476,-0.128479545144895,0.136207553235103,-0.101251068122296,-0.0767798072670567,-0.00865215153123747,-0.193808547075663,0.055145816055216,0.0139521882524137,0.20382607759806,0.17328720346719,0.404340735581274,-0.136376748905918,0.056214629757718,0.108621358727083,-0.0997749962558275,-0.0983942163602062,0.103446896327821,0.379693102886745,-0.0247679509822013,0.0960825146151846,-0.468666564516815,-0.015196842886141,0.100607015218403,0.0877854290044568,-0.0620154311063349,0.360004631778193,-0.399301526109814,0.119743539006155,-0.261525530410323,0.153109876336569,0.0810090288043474,-0.120690557050935,-0.242063921135398,0.293816550333713,-0.115248822228058,-0.295948305692079,-0.279646306061863,0.427260996520967,0.0947950349077165,-0.0846273356752134,0.0854573942819442,-0.0400227232648623,0.25643783892997,-0.196636434786763,-0.501290304182976,0.188459747543731,0.132167898129097,-0.319039653447552,0.0445699291387059,0.422032784753817,0.0471342051492919,0.184030208136239,0.00895767608678496,0.0176762788989455,0.318083181992679,-0.157654058123412,-0.0845130838041845,0.00324163710181247,0.0418041674801552,-0.224066730507929,0.0277542149591343,-0.0253114578116663,-0.0343278167409961,0.129470230454319,0.326856543580734,-0.0351766015009048,0.18514374196646,0.233444692501374,0.233105587591449,0.0908776536997261,-0.105283954199656,-0.110729062055881,0.150804602846101,-0.413208071343538,0.0253839557571246,0.0665898835856592,1,-0.355363714921413,-0.252601483443829,0.0676120086569157,-0.324374075117378,-0.0990837819017995,-0.391132844257866,-0.110496945715971,-0.00379205957514015,0.19613558536306,-0.166688951669374,-0.141442130259413,-0.0867963828629305,-0.185068436814559,-0.0641915431003687,-0.0215853442790513,-0.230230102000498,-0.160494238701554,0.166428275267884,-0.341846396780194,-0.233519470790387,-0.223958406251391,-0.14108475661678,-0.199468987800057,-0.362022739718966,0.325071868021808,0.0944875689824836,0.0481917718018722,-0.00417117594291115,-0.0583668684122033,-0.00551279748796499,-0.0601281625776123,0.310734467145537,-0.0967683425719094,-0.00619414886647814,0.230948136072705,-0.0950397555494182,0.253292715447961,0.348724165617747,0.0214895478348928,-0.00489758519693943,0.153893382939789
"Oleate",0.261746952561521,-0.0991903199116189,0.275388941209573,-0.0254801960085567,0.406098460090393,0.394557570590261,-0.16878627733126,0.382843274223134,-0.428372281022343,0.127010117005593,0.0387480542170115,-0.460907980282102,0.0304242395233506,0.361890800062034,-0.123452996559267,0.282641400561424,-0.182583736417741,-0.34457421371097,-0.112137587222079,0.00868324597867162,-0.32468576560375,0.0902169641943613,0.0256335046748855,-0.339208491243274,-0.0348387434814224,0.0854666310355614,0.230258005928288,0.340532376001347,0.485879065132096,-0.336952785489301,0.0273742993922056,0.116033209906268,0.0306233068415222,-0.505749193361947,0.109005851401106,0.570370132556496,-0.124034640836691,0.419498666894702,-0.25658277184562,-0.0681238673102306,0.0915817634038977,-0.117963224425512,-0.274068370269656,0.0680116629438533,-0.364525631198522,-0.355981630336385,-0.648778337892069,0.349579236390671,0.0346495800247276,-0.38996022009743,-0.0502672622919228,0.546862247870783,-0.206153146567461,-0.572345135447092,-0.400082507035606,0.378265832905178,0.389661268423614,-0.194549569409144,0.0206730072690098,-0.0115997196684588,0.0856111647169416,-0.273049094382866,-0.695624662243083,0.296874311877985,0.276258353316746,-0.447387429539163,0.00256279250696879,0.332253777963613,-0.392604187174374,0.306878871498339,-0.182354965765666,0.22678464919049,0.265082867839355,-0.209359652131552,-0.0100865766566427,-0.294815221169755,0.206979003193602,-0.533772974696213,0.035991456083357,0.181497143181881,-0.299350712914323,0.45755301786128,0.454958632705851,-0.118884328718863,0.197969689135418,0.175923230374433,0.198495841273977,0.19239164073686,-0.364707481447988,-0.134658295448937,0.0560744247725375,-0.611940556211163,0.458492459696832,0.437709393753548,-0.355363714921418,1,-0.0617270544248707,0.0443413507356739,-0.150190741979767,-0.00679665405324033,-0.549467263644185,-0.242496599277386,0.0797614224058292,0.00867995316894059,-0.0540649441993993,-0.393802833606711,-0.0861135064127498,-0.221408965176241,0.23951987286955,0.163595598438759,-0.325120759994002,0.104717880756002,-0.215520777805427,-0.432193676508836,-0.129571683426703,-0.418146373004561,-0.280798344284459,-0.350454231340679,-0.531139736373366,0.239456355769888,0.254657764941753,0.231241747125797,0.308258714378033,0.478997869116182,0.187179604930559,0.176594213331041,0.579887256645237,-0.163950037643833,0.203053995815593,0.38504305760284,0.207884605748791,0.404065117193658,0.353663518587308,-0.406014956210165,-0.0888966967013973,-0.013369103277706
"Linoleate",0.184063487315599,0.0433584160725846,0.165274283659655,0.076527015230594,-0.103701700196071,0.462185439856597,0.257067645259451,-0.152236340623781,0.0552172551923662,-0.0397762881292462,0.291618633978092,0.116451343720433,0.481717395071161,0.00918809112640104,-0.264680335937278,0.155495449026524,-0.369879587261238,-0.389402750753003,-0.407635526500895,0.473991770057614,-0.250523026802781,0.202227926885811,0.491111826846118,-0.148589268505556,-0.198057272885811,0.251791664629477,0.259908043893755,-0.0037205802773759,0.245623413689187,0.289875105679098,-0.16264972216003,-0.212616623882625,-0.0422254368353254,0.235693064687722,0.394851956943434,0.0989125398682745,-0.0988564478341078,0.070958391988438,-0.358921991654251,0.0305440343620363,0.18899047180355,-0.179476154348657,0.190808676074215,-0.126332367020206,-0.280770637982866,0.180253258525597,-0.0616074346087113,0.422125718829638,-0.0873197924095964,0.0671757525022874,-0.377697857626515,0.0212481658853616,0.0193263780563255,-0.36621110900803,-0.225839147578739,0.443975496596175,-0.25622629288592,0.10107391262146,0.0558388330427857,0.319760585643956,-0.180418330567824,-0.24662012221065,0.0178477444642308,0.1980304938985,0.269416500279164,-0.0923302496328543,-0.0896920266209685,-0.0733831680102513,-0.0846032138167112,-0.0250837703194237,-0.0602124581195778,0.0422396359053301,0.598855650012908,0.0721201952342564,0.2411240226194,0.20774171662698,0.0250920407016075,-0.21430649081998,0.262347832814772,0.0667602032811603,-0.0216115784551831,0.230502597679635,0.0609216545592949,-0.279637315656252,0.191156336357615,-0.313601613823586,0.394865290325663,-0.143978889879222,-0.168326076185679,0.294333983620033,-0.141364117316734,-0.333476816649942,0.327139305801662,0.196703660176415,-0.252601483443835,-0.0617270544248743,1,0.268850628407498,-0.352688101680039,-0.0571274558386217,-0.0564845480944816,-0.0171791429886934,0.0448744916640107,0.0842609964336283,0.382721538027542,0.245304721710714,-0.275535942374772,-0.355692055997215,0.231836864173723,0.133328620045104,-0.131892217998213,-0.221008803625574,0.151029642925619,-0.083360915557048,-0.0277005794402713,-0.178955687254707,-0.222888296630404,-0.226420598391462,-0.346476786899897,0.385754818616591,-0.0239666899277896,0.094973376793799,0.0225593226406315,-0.0744530014920524,0.0369342730567212,-0.0496252835301862,0.354094035331219,-0.438514986689978,0.145795352495616,0.0399610440355613,0.0150584498277813,-0.034669395506066,-0.00582474149597649,-0.000510698554003409,-0.141199839860696,0.218362794504749
"Arachidonate",-0.423540041413895,0.210899190859597,-0.135203143789803,-0.0393571061062951,0.0195199494426422,-0.060396385591602,-0.398105428079725,0.387003563600412,0.097968021773157,0.186404998185738,-0.305925377644331,-0.204723901836,-0.427893084700767,-0.160905933635161,0.440593758387938,-0.0781303037967368,0.105497616164936,0.165428591533666,0.218990719928112,-0.438516315336986,0.154519925647683,0.0183137594738592,-0.36642828379471,0.2709825481772,0.334200031197838,-0.110695296253652,-0.235996281518445,0.24969299531702,-0.338210457470305,-0.277896804273955,0.154750053916797,0.0828848685691414,0.113292525678155,-0.0224091151219422,-0.23747162246117,0.187060096090989,0.258581951743142,0.122175101520258,-0.0443888265303438,-0.325917457661068,0.143619152496093,-0.0952081618184503,-0.223618841768344,0.12515307892417,0.222693024309936,-0.00225635910698139,0.0329383542552248,-0.484167013520008,0.303241443556484,-0.134729311650967,0.302036481888444,0.183508953325496,0.0247102461673272,0.091562923117154,0.00226690525594414,-0.419220382257161,0.0723849761921011,0.188553079079572,-0.179664220696948,-0.320817678078684,0.0732446760663161,-0.0265951722148951,-0.0470433718283861,-0.0199636510638865,0.182102768004317,0.0202247156508544,-0.278073220073203,0.0613053771379425,-0.163115874854708,-0.0307165775694402,0.0494091920782949,0.0159304679920058,-0.297444405640481,-0.298190283843145,-0.272937466823622,0.0107269546252251,-0.139878495549554,0.221704608515803,-0.076618898785347,0.0944988262037146,0.234801505100376,-0.00643267891456187,0.0420762995341614,0.0825581289087996,0.0163675384169791,0.229778740010042,-0.318049969774026,0.156656798024902,-0.21057578057064,0.0162616582821935,-0.0192069334946995,0.00314815813057712,-0.0646812489204345,-0.220420639639824,0.0676120086569234,0.044341350735677,0.268850628407501,1,0.267252308706152,0.0559840438131581,-0.0591166552292661,0.217825055452481,-0.110016713960058,-0.0474830058771138,-0.238603239936142,-0.0585148054743532,0.169750817946963,0.276515494084225,0.0156262133406516,-0.259998741648381,-0.12023701852462,0.126816184385777,-0.0308619247338714,-0.128143234770754,0.172596353715001,-0.0596866568086337,-0.097840356408542,-0.0303894477948834,0.0772580939682553,-0.218448509325097,0.0286323887299034,-0.0168201644884822,-0.109041345937091,-0.0194702022409283,-0.121257705362908,-0.100981332507344,-0.191610070824801,-0.00599394220653411,-0.340193253436383,-0.178383107377907,0.0632502424505309,-0.0384387964552822,0.166441187115172,0.198967654863912,0.198721703937979,-0.400712656707199
"Docosahexaenoate",0.119033849418695,-0.0413137657323001,-0.0556601477210171,-0.145582396853421,-0.000223123744100702,0.10930631677499,0.161411942097822,0.00418716812636938,-0.187371220403673,-0.0631816976655952,0.0204893514014662,-0.120062343143313,0.257584172413198,0.0990247827140851,-0.28577829522192,0.161472134528273,-0.280292822553082,-0.192404766492839,-0.110775764545684,0.103651183494941,-0.0897579977868892,0.0350710451058201,0.188221354567087,-0.0627380839100466,0.159661903537895,0.143991235043059,0.12121803109471,0.185878837494669,0.206036476529377,0.177324521904731,-0.259700910845855,-0.0262681241212409,-0.0700929791789927,-0.115118402034256,0.3622875696415,0.1757293054957,-0.162218453365043,-0.180620333749262,-0.351193351627815,0.0587331814249101,-0.130960940333304,0.0458579392366407,0.123069001614162,-0.156927667546121,-0.406889215147601,0.21927690802938,0.000915812361010914,0.306704602275431,0.182746577307805,-0.00951699271457433,-0.424963033211754,0.0300595027276154,-0.297885005851222,-0.0838631581754719,-0.0962015802462845,0.380180003451949,0.0281847396069563,-0.166904071047742,-0.131909335009567,0.177953545628584,0.314203341221167,-0.323723250087091,-0.0957516683389482,0.160455974937368,0.160696206228663,-0.0705400707045542,0.112773459952539,0.299144356073741,0.0620164292741797,-0.254531206569071,-0.275390061189894,-0.0563670131600072,0.357644250185876,-0.210742310696906,-0.00814643431302612,0.225421668964987,0.0461646455492033,-0.231818245583598,0.0888487339951364,-0.00965328519832212,-0.109766075567113,0.0741061436296827,0.29049482321392,0.0311961120156492,-0.10597557342242,-0.0407002798431998,0.378171619560832,0.165625768100193,-0.0550278018816721,-0.0373821269792606,-0.122374963220543,-0.275372777644467,0.167114386478481,0.0545188796705064,-0.324374075117384,-0.150190741979768,-0.352688101680042,0.267252308706153,1,-0.162392527419743,-0.145611460568668,-0.00185009432399118,-0.151282555539327,-0.0682762206112234,0.0742988223902299,-0.118199704114386,0.0517368603405627,-0.00276422778106856,0.0431460805763724,0.130532289650199,-0.468519017359553,-0.0489657977628936,-0.0219258543110897,-0.113432650580423,-0.0931238517107594,-0.354675719554426,-0.29335261285403,-0.279762465691492,-0.255429884540394,0.0208097498035719,0.0922625832602334,0.073632742505548,0.0992274644861188,-0.0463769369589905,-0.148504853422317,-0.195117966210384,0.275373539002345,-0.254160564812585,0.267422477948917,0.030753486181965,0.034049351858186,0.196719973919203,0.212936572930989,-0.0331710416575141,0.0334125740241778,0.0173942205964867
"Eicosapentaenoate",-0.221636866345964,0.305103253015666,0.0238300605098301,0.333506771742244,0.326301237891207,-0.0374152074123267,-0.100064834816703,-0.000153292070387822,0.394879643395395,0.299618953437242,0.0692576859836441,0.25613605529014,0.125155833217386,-0.433706590632775,0.245393490767637,-0.393008513324078,-0.377626802120994,-0.228500234489387,-0.245479752305303,-0.104997262339353,0.164414154814849,0.120947695328859,-0.00489669888456089,0.374589683466014,-0.0356723522056913,-0.279329235522755,-0.133428978332693,-0.111027470984264,-0.0381482153956105,0.0693301245636634,0.173723110375925,0.174286796905436,0.4786921342336,-0.175091074045198,-0.175548338761614,0.193586082513869,0.340736060726184,0.0659732340319783,-0.0140955048020038,0.165355023216383,0.310456425861866,0.0772395432411221,-0.211276546298797,0.122935219753016,-0.00213519859374367,-0.0484262189783186,0.0436062512387412,0.16270079976473,0.104196932825581,-0.210413661066454,-0.00983211563916471,0.11387303191644,-0.125268879643816,-0.263745757058527,-0.316610162703175,-0.122211065878741,-0.297945969682122,0.136444796884531,-0.388865196840591,0.127224686303955,0.12017057768639,-0.235763723179983,0.0347659991341256,0.283926436402896,0.0806304666938462,0.0358593742699599,-0.0975559827159315,0.140871102916403,-0.0761018910672893,0.0835804815377818,0.108350088192098,-0.0459704632657926,0.091410095970486,0.182746190064256,0.160347097263973,-0.127028007643805,-0.0611323788998989,0.105502566700977,-0.190942724773579,0.274602979272294,0.44312143719276,0.217643773075305,0.0647388950863341,-0.184938399018036,-0.109358791087223,-0.199507069243583,0.367166879305556,0.00944480462816461,-0.249263793765106,0.044719291529995,-0.128095446293952,-0.178341058884822,0.391652763151863,-0.15536761431712,-0.0990837819017954,-0.00679665405323781,-0.0571274558386148,0.0559840438131532,-0.162392527419741,1,0.123744499172339,0.056688209284503,0.0733799359726127,0.281316851393313,0.0181290952323067,0.0596188475387543,-0.0217386357507411,-0.119275143749257,-0.229576515839676,-0.445205898710744,-0.0680392003057961,-0.322199280358449,0.00317770058305519,0.173972383453529,0.370919385202134,0.215870170002244,-0.336614436045056,-0.0126732663011551,-0.0295881004551696,-0.01373993958468,0.0363050813133377,0.253721609467885,-0.0640279106458918,-0.190214553064921,-0.147595963285594,0.0391203136101915,0.269461459089806,-0.032550996266666,-0.384163692924698,0.149943567574963,0.0943465754876291,-0.0239713655479852,0.314683898564156,0.211722152400335,0.217401930346749,-0.0211715102219259
"Myristate",0.173148777649319,0.00789587721043324,0.226257991464578,-0.0564064497977031,0.261882773405202,0.230909918685294,-0.196732163289718,0.100377184139094,-0.242600076674211,0.108158237801535,0.0836966506857124,-0.480535229624152,0.0388912269054486,0.218118186608312,-0.049662194449053,0.19868062558728,-0.268101806720759,-0.218472784671576,0.144115838590933,-0.260892316392765,0.0324944996020141,-0.152028918127755,-0.164464185586336,-0.140841901658858,-0.00454226970521172,-0.0961368275903723,0.378066756873298,0.51552134386995,0.281455030443431,-0.341541112548988,-0.0205373989862751,0.323695995873825,-0.0661350092903642,-0.320396575681656,0.286164557336034,0.444884333456577,0.07489805451627,0.00886595499811834,-0.373559372413748,-0.0142777692511742,-0.137998243100432,-0.0487589614103157,-0.163590417355797,0.173254562702153,-0.31633307781611,-0.349237072522906,-0.435482407043028,0.12975681308044,0.039794048112879,-0.332007744527161,0.00607185908515102,0.326490596963541,-0.227586170185205,-0.28779322224316,-0.149834214140599,0.242471268028486,0.21888533901732,-0.386966134116857,-0.114564339963295,-0.0582523697485776,0.352608950536272,-0.00176431091718644,-0.603844821713301,0.190507524982716,0.141792835418579,-0.134608507635697,-0.0203113403375319,0.452332000842003,-0.00947101550725522,0.168246304754141,-0.191506149990352,0.312206745147687,0.116319231854118,-0.21177878782209,-0.353958916613673,-0.0172673275065797,-0.14834271510626,-0.184797599331967,0.15219221292834,0.258723632535358,-0.187932741108852,-0.0245598438552131,0.619263380934139,0.0180730140488863,0.0859440705083464,0.286005503376043,0.122110525562419,0.124997095220533,-0.173049205676276,-0.112486313562515,-0.0698386937164597,-0.357493982346129,0.0309613044116553,-0.013062753946133,-0.391132844257866,-0.549467263644177,-0.0564845480944784,-0.0591166552292707,-0.145611460568663,0.123744499172338,1,-0.0629456127454386,-0.0485345466797043,-0.117922910348869,-0.2144265294655,-0.347373609618457,-0.147207015107533,0.119494200897255,-0.0721298242315667,-0.106054326222615,-0.291255026023298,-0.0994261688956314,0.00085756363043192,-0.470770903322389,-0.155931101048814,-0.322545357143975,-0.286454742246854,-0.218841397145101,-0.332562099059768,-0.0742053896125441,0.100194914355178,0.15269983393448,0.061996745739882,0.326389830946223,-0.0139946342941636,-0.262676507441828,0.378548178622354,-0.106397994958012,0.197251706723984,0.071861276811975,0.253290712771686,0.399080766200323,0.371796794587153,-0.2392829950341,0.154451876451736,-0.149787914404155
"Palmitoleate",0.348659958987074,-0.206993264555131,0.0129758859664184,-0.223334937896662,-0.0797242614374923,0.0536753909195298,0.289110508565114,-0.0427399111718265,-0.479207715521228,-0.15936119524596,0.153055150591333,0.0783142341741456,0.0889741085065839,0.1642638796852,-0.246598475742773,0.213907195907347,0.149616861234677,-0.0644818476411759,0.0308074428303857,0.183487378606607,-0.449928463663635,0.157567276608399,0.299473570614634,-0.325285343721325,0.0131833083480523,0.335164365369216,-0.0416510502235096,-0.0928822799935087,0.22099203566169,-0.0563888787191792,-0.0944620567039352,-0.215562435681068,-0.23647559867535,-0.107211885859488,0.0287544041697474,0.00367523434764767,-0.37947552271628,0.0279300014200399,0.12561600261346,0.0549232807185439,-0.34010474970032,0.0642839308633751,0.22084409084867,0.0499202177410083,-0.341429554509602,-0.0806521205704839,-0.360706391120965,0.394000488678059,-0.252975244265401,-0.274144630810793,0.0575398578664104,0.0624417334477739,-0.0463887826579414,-0.113301180975471,0.122330373196267,0.356380362029232,0.48923918706333,-0.142598536679005,0.487923537316424,-0.11499510314075,-0.107730363516343,-0.0381008217205033,-0.154702697581478,-0.222160463192742,-0.329874927537095,-0.0678731226061584,0.0726300239332847,0.154860953256921,-0.195037602592626,0.0489435532501929,-0.0684609355918072,0.0907492765010628,0.0904224118311652,-0.0400776070344896,0.139575096610032,-0.136848402784176,0.194484777494888,-0.187666381307053,0.371948629445939,-0.18928673307158,-0.34731316716351,0.0360014339421332,-0.190924878801529,-0.14614668903152,-0.00950294276762728,-0.028032254320518,0.114389540651003,-0.0418912285625183,0.0816676420500844,-0.0276940705410007,0.035674932379492,0.00186735009648738,-0.0461343415183192,0.394701099721397,-0.110496945715975,-0.242496599277386,-0.0171791429886968,0.21782505545248,-0.00185009432399255,0.0566882092844995,-0.062945612745444,1,0.179214220538087,-0.353609821530019,0.196067394485433,0.0138533202810598,0.113000818211505,-0.291394391683066,0.231872309140487,0.485210773739794,0.219802870940538,0.0455914313062479,-0.0168347950728368,0.0209194516930293,-0.213355209357268,-0.126193622863082,0.224045130322468,-0.150762141407619,-0.180236724503306,0.165097201557865,0.296864867231939,-0.241845109758843,0.0563026581631834,0.429428366111191,-0.0382485207077514,0.350168663440374,-0.00323157036265277,-0.0271830035634234,0.167252958840857,0.215071999114643,0.0339668057626079,0.411700890966415,-0.158839310930268,-0.0335107401670013,-0.227220806998826,0.114729819798176
"Carnitine",0.0409505638830958,0.080281611575779,-0.121926630720517,0.0651025168360397,-0.290732173353628,-0.231080616565722,-0.0437817659399927,0.00811636106297827,0.0213979979903552,-0.275318537238607,-0.0887123530900692,-0.123937647960622,-0.190697909757198,-0.00462537872314596,-0.0802686224396514,-0.107374521532205,0.0667530538584165,0.301971979944485,0.269331594863109,-0.171734391823313,0.0565232987502076,-0.320518809043455,-0.103959928131384,-0.119950214217152,0.194093761255234,-0.184691661596283,0.244425537551179,0.367178102943887,-0.205575296953264,0.0320638439641882,0.1707549320719,0.193294606051106,0.177541282231536,0.336192726656148,0.0240215309449596,-0.0180120808965417,-0.0667792512359894,-0.017747068648295,-0.13748709908409,0.0155013243290008,-0.252400974731822,0.174061941661115,0.0158310859214944,0.000391330251270192,0.164065965173495,-0.166497485576177,0.311976267658233,-0.264161906467361,0.19339894116594,0.148905606729502,-0.311968042818095,-0.0862380012863474,-0.295968236117278,0.269582473386848,0.293715280339417,-0.162555254634499,-0.0837522750702797,-0.238978625501337,-0.362029665636999,0.0298753067327974,0.420725599525131,0.0643247023890013,-0.00260175828321741,-0.199857969029834,0.173539734533183,0.25303452924084,-0.11271878336593,0.0093689545165315,0.156986795848905,-0.203399571410017,-0.347240744650126,-0.214340389602745,-0.209904106162305,-0.213042644508964,-0.163780174353681,0.321171931637619,-0.136837255860798,0.256164902121311,0.00352445300473316,0.327481678682352,0.0503393345462349,-0.099884882005843,0.0860902587964138,0.199717393806499,-0.0937046930871256,-0.0362243330226596,0.0128211504778637,-0.043828565671645,0.261378397194594,0.125135294579349,-0.0288677719745071,0.0477662710330516,-0.124583378025417,-0.281893993790769,-0.00379205957513621,0.0797614224058336,0.0448744916640074,-0.110016713960055,-0.151282555539325,0.073379935972611,-0.0485345466796998,0.179214220538094,1,0.201994753124555,-0.127564094557126,0.00257947261135007,0.265993033520036,0.458953566767535,-0.0810704134991637,-0.150338519930625,-0.071764355985176,-0.277509304308238,0.205465033551787,0.218648469014033,-0.144616608243204,-0.287067409511536,0.112296918648812,-0.417216843981627,-0.0574182244108712,-0.148296178674324,-0.101747433164866,0.0911213368713845,-0.0674450439940761,-0.135334891874299,0.0190751738702763,-0.447843949413256,-0.233317497801597,-0.331089620330178,0.150801742471611,-0.0607736837821023,-0.156712043718725,0.0402438848039392,0.246557558809036,0.0669016145913614,0.0367456983362497,-0.0189227915016558
"Acetylcarnitine",0.247217009293077,0.0168458586628689,0.10358146728454,-0.449869560077504,0.00324918916433205,-0.0668653802604117,0.262595728959107,-0.0482014442046073,-0.35847966201866,-0.196125448812123,0.198964233904654,-0.0168309128837253,0.0466430351990138,0.0582535872580863,-0.242647359257595,0.372338666101888,0.371942798693333,0.0820739470383588,0.08046564835733,-0.0792432101392063,-0.355042050694124,-0.0823021141113468,0.108978441121393,-0.138419450864726,0.120289064349525,0.101901476127404,-0.123943790701975,0.104065812858981,0.0238657994145253,-0.13144413349861,-0.0984437457051037,-0.186819458287455,-0.19588844629626,-0.133760683043222,0.230307567409816,0.0325376847321483,-0.225259237332641,-0.205160132748634,0.20342791321808,-0.0404365924122848,-0.319084671258888,0.156853801037143,0.270807987822799,-0.212232662482009,-0.256789075323416,0.134949858198407,-0.189517367229418,0.281683728510948,-0.00509622352412949,0.00664979862393288,-0.0093636013210338,-0.187121301892155,0.186393319964386,0.170412734992207,0.309871376589237,0.116346934257581,0.479346840718076,-0.164249826129833,0.374256881990521,-0.184110634632064,-0.107614680153451,0.0167578869060594,0.00776460105017585,-0.200711382194815,-0.233820971582273,-0.0895791995701313,0.0175761751362592,0.139566172239788,-0.236436991329541,-0.143580502127631,-0.0744506221161517,0.0767193489802418,-0.0481192393370058,-0.210171254651921,0.0255295352398591,-0.112200900155922,0.158914923792825,-0.208704337383504,0.222665324430765,-0.245212597949993,-0.223688849463839,-0.215762927454395,-0.102940830709089,-0.091671051706765,-0.305738610805336,0.185199235224536,-0.170753475187663,0.0843260922716289,0.15071502218732,-0.0949055896001113,-0.0396284520746226,0.135826340968684,-0.209878397030498,0.187611071959835,0.196135585363054,0.00867995316893609,0.0842609964336189,-0.0474830058771099,-0.0682762206112266,0.28131685139332,-0.117922910348876,-0.353609821530025,0.20199475312455,1,-0.0233217905579993,-0.172600556572937,0.056195278545716,0.0283246089264734,0.266003972117956,0.416245467195957,0.15636588876936,0.413613212429432,-0.293184214454838,-0.0328110079132366,-0.223169090934575,-0.124876452575098,0.0920184116920701,0.133576148028565,-0.0226731987673995,-0.235646505131166,-0.0634251566505877,-0.215572225878908,-0.0117605467018831,0.277724285478968,-0.126522038452031,0.271906444690911,-0.185717831588501,0.0863927505987269,0.309547538731937,0.0590659592831791,-0.0156230948319863,0.177184272542979,-0.416107328832094,0.0152781951290526,-0.173356754537031,-0.0311535110190722
"Propionylcarnitine",-0.397559837636962,0.0850666854278062,-0.114473788959536,-0.0908974676725205,0.0119396387768822,-0.214821358643316,-0.150061068103918,0.208982871594281,0.0246835331101864,0.116451850805386,-0.276880046889095,-0.330196618789782,-0.310646138106724,-0.0607064523774606,0.251040464063882,-0.0666582233446607,0.197585572446616,0.308580683422638,0.266720858902883,-0.466414127506826,0.317828561099796,-0.250065611235369,-0.393707795951228,0.165958843528206,0.232213560015758,-0.250399380341396,0.0188390740553723,0.230527604572236,-0.0557942701033843,-0.128323313624727,0.282841131101759,0.480303599217346,-0.0665675270914782,-0.231701996124536,-0.0137199137166224,0.145511846072773,0.121610331157846,-0.149826233096554,0.0209477938750489,-0.232375801488036,0.0518802123300176,0.2526983795796,-0.227215753648736,0.108798249704823,0.0255687922349616,-0.0766086446641193,0.156860184540242,-0.380026561172878,0.2796989654549,0.0413087014086726,0.0921723242306023,-0.0212200141022733,-0.0126412631792551,0.253881371650159,0.0147752462654405,-0.250164760133694,0.179478562434584,-0.0543105663690565,-0.252891225230263,-0.0762947513342725,0.455176783170739,0.0757462486581777,-0.310090571412056,-0.0280317648532209,0.0424280863912303,-0.0165269750908465,-0.0649981994869276,0.170626256362211,0.0998993444208056,-0.0942985126672559,0.0903138914627274,0.0835706363722456,-0.237198114292653,-0.320610328579936,-0.452604263639227,0.0795306851397856,0.0116947088137147,0.0375702810962566,-0.336484821018348,0.0654104549599685,0.00459213663080141,-0.24128720056505,0.281659567544881,0.165756269626243,-0.149846941156766,0.344018505696353,-0.213569776510327,0.298679009188135,0.0908308806334181,-0.195067529945546,-0.0363303442849674,-0.00671210465361498,-0.259278369894288,-0.349000065163231,-0.166688951669367,-0.0540649441993922,0.38272153802754,-0.238603239936139,0.0742988223902301,0.0181290952323141,-0.214426529465493,0.196067394485431,-0.127564094557129,-0.023321790558006,1,-0.40877756289772,0.196724919068367,0.336287029052428,-0.274980576271183,-0.279838804276899,-0.210992964078237,0.095761055355093,-0.25802336382667,-0.204054392507381,-0.21413236599209,0.0470007936574932,-0.157119133787574,0.165541756579277,0.110959618764886,-0.0893476202995187,-0.0257768579613189,-0.0596620325878559,0.0536480859031619,-0.190078591360784,-0.129827757654539,-0.271212888044305,-0.107311455662081,0.120330175247577,-0.0992367412857968,-0.0853811619576613,-0.0183325625095654,0.0264615558017209,0.143113061173171,0.0233367917973445,0.329290369188422,-0.181205010789709
"Cholate",-0.0554138571570658,0.00458109941432241,0.114337061870427,-0.198147420304304,0.354799895029227,-0.102927759814634,-0.152848497175266,0.356500096177432,-0.22954639566282,0.153059196536104,-0.0143179997174687,-0.586115255249108,0.0520190660069118,0.228274495770258,0.121257245325858,0.17483534884355,0.0613318592159646,-0.0261394686032061,0.0223777899881007,-0.167869303007016,-0.0494009561755416,-0.169423581753952,-0.21258807356734,-0.0819557264569693,0.0266758638597934,-0.169104441264375,-0.0512381598815832,0.397727502801905,0.422626551884715,-0.205251621812198,0.177962312574252,0.0571098691534357,0.0162161274421724,-0.447411429409204,0.20440749263186,0.331996085212895,0.0826803598224557,0.154495917220158,0.0424776672649766,-0.180587066174558,0.0788266150331061,0.316406218521635,-0.25401731964207,0.0738430152237224,-0.0867054231271557,-0.112282235913978,-0.347397386091425,0.116294414749222,0.222555128879749,-0.280435784968331,-0.164394462546002,0.218257177994436,0.0372925352919857,-0.144644603101697,-0.140443242196561,0.207240485507959,0.345076808387199,-0.138332038645318,-0.0282943597343969,-0.262749253897476,0.156252216191798,-0.228748242828633,-0.461060961994564,0.139597689603296,0.0333193692267641,-0.433927867517441,0.137488166687322,0.26492996882386,-0.180768081147507,0.167277565473901,0.0338135103531399,0.308499049066918,-0.0965513991434302,-0.188679012159613,-0.133918521028597,-0.26611804370049,0.197762019967213,-0.423462719747553,-0.250198090636721,0.0402943589069926,-0.262885018351987,0.141546372242435,0.345874252378647,-0.0589064591895312,-0.157965103836872,0.546079365504237,-0.0963024534493541,0.46411076795913,-0.109996345944676,-0.495473853410228,0.0799234842570661,-0.21648512175295,0.00326182901348318,0.0550322805241878,-0.141442130259417,-0.393802833606713,0.245304721710713,-0.0585148054743492,-0.118199704114387,0.0596188475387619,-0.347373609618462,0.0138533202810494,0.00257947261135022,-0.172600556572944,-0.408777562897721,1,0.179274575898808,0.0317976507918746,0.0922147881229925,-0.0935154577585504,-0.401342899293867,0.277500049780667,-0.263451725276174,-0.307202499859502,-0.193343096761963,-0.174285720942606,-0.16095278852221,0.0557239355208627,-0.1424188581544,-0.187527848566688,0.0843550979243463,0.255439504988374,0.131456082092816,0.0830817626118273,0.086633658808336,0.00838224479568693,0.232432569663068,0.145724527182794,0.125226404335308,0.116595255654583,0.119730065912774,0.135685175342343,0.0787676849728639,-0.174102568124388,0.0106111999954459,0.00397226901729177
"Deoxycholate",0.2057461497525,0.194187369647571,0.488037265230657,0.386333728297687,0.361379442237665,0.564549700747019,0.0786645162580205,-0.218738430933436,0.347610176945516,0.355802430071172,0.36273380870611,0.229777630734002,0.316785559795872,-0.204545338754876,-0.139933127054204,-0.0602163591054214,-0.26014236652765,-0.420382032247246,-0.54452766100791,0.219175510510764,-0.0244230147578954,-0.0345762284220667,0.057437716230999,0.0999705881319004,-0.572641574141836,-0.308273385310199,0.220634237545064,-0.0549091220948392,0.323873324091256,-0.303564953092374,-0.0407587956830735,-0.0286356752852903,0.32089938767844,-0.073399287427182,0.149827081397471,-0.017531501459785,0.440234228798762,0.0143838608378636,-0.176969208712032,0.186683553514417,0.194704973099161,-0.288419516145274,-0.202124764675385,0.0637751339096058,0.151983327435693,-0.117961521747032,-0.266336020049229,0.253084052780008,-0.0608273276844175,0.129723017115349,0.0313478787794373,0.153920934399422,0.105177872440203,-0.400795109931596,-0.146778591146748,0.0740290296427662,-0.300972234933365,-0.086592191256753,-0.108818327221224,-0.0500190720164983,-0.105779527054122,0.351640985310619,-0.119782165283626,0.251393804746848,0.235388144339809,0.122905020325779,-0.0719740958965879,0.0731483112177349,0.176566289529484,0.325623368614717,0.21262464428133,0.192637294942165,0.35039985929204,0.282222542737466,0.136531885300691,-0.263832610571649,-0.184958490183937,-0.113968295725812,0.0819681743177467,0.215432873774806,0.160141677804554,0.153833466086431,0.198360487228899,-0.033311936770625,0.277590180558933,-0.208614898092461,0.29940889541034,-0.311433379937992,-0.33236961492134,0.383402109133401,0.117523345324214,-0.156514928205721,0.219396172320051,0.179595921539755,-0.086796382862932,-0.0861135064127544,-0.275535942374761,0.169750817946957,0.0517368603405666,-0.0217386357507424,-0.147207015107533,0.113000818211503,0.265993033520043,0.0561952785457156,0.196724919068361,0.179274575898801,1,-0.18144777427458,-0.11000234353903,-0.134371577285859,0.215847324884354,-0.240852179044231,0.113179265716094,-0.104737566179251,0.0377450547756102,-0.0178939928487387,-0.123719065070892,0.189352024446536,-0.0814203915089012,0.122876252853524,-0.152140187226162,0.325331216393921,-0.016718611695597,0.123099004374257,0.23129237726539,0.117774619756384,0.364103134587877,0.133404954748114,0.128064111586287,0.15466534839249,0.0999197595673726,0.134780549695361,0.165842740239892,-0.231721009934061,-0.160695415088175,0.124277365261819
"Glycocholate",0.160051318401924,-0.0617270406242549,0.15073451556153,0.109848984296195,0.0570070766144108,0.257594944218222,0.133868610909857,0.0410915106813541,-0.070007441400493,0.165448720766666,0.17502733525141,0.114159403930668,0.410084674144589,0.125472564836682,-0.0769837329364361,0.130024744573212,-0.19083136267556,-0.465197594213761,-0.435897816526557,0.56976159541768,-0.31918194776873,0.399513140862485,0.396851922231541,-0.0877427211998357,-0.346841192190977,0.216590118648803,-0.130210758860133,-0.27697785818365,0.435338876314231,0.0537225946922177,-0.130856149223962,-0.328604586868935,-0.075910910879619,-0.192561896551877,0.0970547363938467,0.099007097381438,-0.0948172922194833,0.207418224178466,-0.0305789214950046,0.179199684901705,0.299632106005376,-0.0881687402280523,0.15981300616794,0.088395422563329,-0.29592114973152,0.111341223843904,-0.332901149143835,0.553809398835947,-0.196879740724521,-0.170158858403904,-0.073938004244265,0.100635909969136,0.0827553691321465,-0.40620922888179,-0.40029186294801,0.508242184386863,0.00448873822814083,0.251881089260198,0.345431589329903,0.112176486953716,-0.508747794119505,-0.133073074631244,-0.069874191337259,0.198048106190137,-0.0475246220667241,-0.308729261595097,0.021357333538111,-0.0926135383398051,-0.181447591652628,0.313221835987112,0.072115617579686,0.00449675041439357,0.438905192104024,0.358527332275326,0.388946897275718,-0.225593929338873,0.189525108024331,-0.3927637543487,0.127927138400504,-0.169207563774506,-0.172381933531904,0.372426208954529,-0.149315857886968,-0.38295928857117,0.211579633414331,-0.0761272175936652,0.243521304912441,-0.150239713951519,-0.181141613482652,-0.0737376565635562,0.1912452536242,-0.168893339905032,0.248644542854887,0.391422474039461,-0.185068436814568,-0.221408965176246,-0.355692055997212,0.276515494084221,-0.0027642277810691,-0.119275143749264,0.119494200897247,-0.291394391683069,0.458953566767538,0.0283246089264765,0.336287029052426,0.0317976507918759,-0.181447774274579,1,0.136129099989665,0.334947864898665,0.109432955523266,-0.0186312828803494,-0.048382736932725,-0.168858798761808,0.00507484687785014,0.159035867989295,0.00541513142022895,0.181444459431224,-0.300493073066356,0.360775852490552,0.0474658516842983,0.0547331942176125,0.0585894402806922,0.0389613577091207,0.0963679751336083,0.511493833300839,0.373654840178975,-0.0608683939083776,-0.0731094773035441,0.36251049035298,-0.0723183651280295,-0.0617026509292566,-0.222154631133365,0.0147215068529914,-0.30463527472094,0.144713092765425
"Taurocholate",-0.258515194184472,0.240557599441928,0.00517290684160468,0.390690464391487,0.014358961466479,-0.176228321699535,-0.0706793378740418,-0.2394723602425,0.41544329861907,0.217512225236611,-0.16250474553821,0.134182371337105,-0.062563017537469,-0.245128522239794,0.200593129173749,-0.342311418852768,-0.152718844542085,0.0978534796731711,0.0293278216278001,-0.211002875734872,0.474400440402716,-0.184133134416114,-0.203249824079875,0.378590525280342,-0.178225481542366,-0.466230170157332,0.0862355359340835,-0.176680860766938,-0.0888585786359324,-0.101057675283487,0.123741214728276,0.326551473512599,0.173536251971545,-0.0839679831036978,-0.0666322989690147,-0.198958649567535,0.41602117632381,-0.212917701827961,-0.0678185927955228,0.330189005059895,-0.00894433230832201,0.168879264723867,-0.0996558000393943,0.181586384864271,0.221765258593084,-0.147578122149684,0.280205359827907,-0.27996322203908,0.023938644338047,0.0495321822356588,0.118961989301405,-0.211153966715656,-0.1909995076542,0.255641468411504,-0.0685886250444387,-0.310361706592278,-0.255087577228723,-0.0171480341029796,-0.416199384278768,0.0389826944295919,0.274161314403288,0.326894096682044,0.00601215793273335,0.0505504537099962,-0.153341000501301,0.439865638439247,0.0230895167649679,0.0751592404783196,0.529316622888132,-0.0343143671502528,0.0758857728062965,-0.0952999265885054,-0.172949367832272,0.259445743153233,-0.240683758684022,0.181738513694774,-0.300403801614895,0.410511350096347,-0.0968654425959477,0.186194716461068,0.26350924500712,-0.306113377802742,0.186977502893547,0.238381275964417,0.0194999832564298,-0.105545818399135,0.0976813106351179,-0.261629275380878,0.0676369580732762,0.0297757400570839,0.0447751403163379,0.319246098945312,-0.196548901160851,-0.487082099240516,-0.0641915431003596,0.239519872869561,0.231836864173728,0.0156262133406491,0.0431460805763761,-0.229576515839676,-0.0721298242315564,0.231872309140493,-0.0810704134991598,0.266003972117952,-0.274980576271187,0.0922147881229915,-0.110002343539032,0.136129099989669,1,-0.32776117215058,0.105965793424496,-0.396129865123961,0.145546622055248,0.0874430110420891,0.0986642844641663,0.33260113121022,-0.00669392349168687,0.251929604982858,0.307109654978914,-0.0984462267999644,-0.241870242431655,-0.0669388743361055,0.00319098894430817,-0.341000400137202,-0.267486184676169,-0.316020402641676,-0.0695293228853324,0.237991148214229,-0.321257874617976,-0.0714068164943122,-0.178096565144967,-0.147945290219207,0.195705219597285,0.251933106484543,0.281955430356308,-0.198993824803537
"Adenosine",-0.435230623065867,0.214990710117783,0.0554773609047997,0.404755900044565,0.282325798404439,-0.0694553060992366,-0.432521473473657,0.0344769992643673,0.58687943171954,0.365203399322961,-0.0153440077726002,-0.0294842129420394,-0.0962600169798142,-0.431121879284049,0.498846929140418,-0.513863887797888,-0.298691078522747,0.0384017245607792,-0.0559583885518172,-0.37587757821682,0.512064570733405,-0.11826748084945,-0.348720089495466,0.46247101473412,-0.0792259410724635,-0.515210952820849,0.0429693877304193,0.210464771392015,-0.152136803219363,-0.0840147608633125,0.289990753542627,0.283016363719665,0.474118223989461,-0.0421968227740804,-0.177941561189375,0.103712839353255,0.577914361676077,-0.0512898950491605,-0.0527592005976397,0.0435240309352024,0.370746934971433,0.108062855180665,-0.442984054783194,0.157828827477612,0.413361613049272,-0.17786823642687,0.249201915040197,-0.30416847830188,0.214139354628055,0.0152627327487008,0.0967022843799992,0.149604480223066,-0.0214918064727132,-0.0739407418735024,-0.172989262252727,-0.413608433051916,-0.450648087477771,0.0872513393283124,-0.583326504092486,-0.0675933539386079,0.262535170857862,0.0481283050575745,-0.0248182729955228,0.219721719617644,0.174855668901083,0.220671168820468,-0.13191320555646,0.0433864131240777,0.171215551527772,0.144596297200603,0.134540427762092,0.105991578709801,-0.282402853821186,0.0952798778028184,-0.119590409370428,-0.0938713516385315,-0.354368538228723,0.347674540400261,-0.411719337674501,0.386067521459772,0.484705554004444,-0.0242197533973165,0.262929967655531,0.0640432595923023,-0.121827119000149,0.0633039420984547,0.0444306799298211,0.0663565078642021,-0.180413195338842,0.0523853859607178,-0.110977260929004,-0.0718683174281984,0.0741891199511515,-0.468902295942065,-0.0215853442790414,0.163595598438768,0.133328620045114,-0.259998741648385,0.130532289650203,-0.44520589871074,-0.106054326222604,0.485210773739797,-0.150338519930619,0.416245467195949,-0.279838804276907,-0.0935154577585599,-0.134371577285856,0.33494786489867,-0.327761172150577,1,-0.115980387010028,-0.349236555393091,0.12729012313854,0.061701731065878,0.306463352464772,0.192925498528293,-0.229262977304686,0.0285833732552161,0.184433327537702,-0.26456685128719,-0.135422741371503,0.336208592820506,-0.0520256830958788,-0.312584288903192,0.0105350148297409,-0.380878495040579,0.0494326138503124,0.127666030728186,-0.463757167592814,-0.144848207017387,0.139826068190042,-0.152616087829892,0.410003626913215,0.116448152194491,0.252739337091572,-0.10703894318864
"Guanosine",-0.213779305648591,0.0131740719687605,-0.157871520909722,-0.142823272401215,0.0950551901908702,0.060612837417607,-0.315074301127894,0.382890070444142,-0.221055500833278,0.091952008507767,-0.256943163298007,-0.395700876092846,-0.0368058763254881,0.0907670194261881,0.0541298764952596,0.13151697862638,-0.253559004670107,-0.0739964761419936,0.0717480736983968,-0.224902670937178,0.166672549695627,0.0541563441539417,-0.11038039991381,0.065692713837659,0.27673444565446,0.126903116364328,0.0252009216302378,0.326337638410994,0.0653902686067626,0.0978779261239152,-0.0832880274710696,0.226198225580067,-0.093200422027105,-0.269406277333662,0.176277456656456,0.324512542613332,-0.0623104327051213,0.0725555118634562,-0.21025083183963,-0.305394751839572,0.233911620321658,-0.0637961645925087,-0.167347500528901,-0.131677151006507,-0.263222003057889,0.0999509778446242,-0.0537300301734281,-0.0853743232057164,0.275168884813883,-0.157834818191805,-0.121661337069204,0.257886347072095,-0.111717392631615,-0.152053229217388,-0.312628545830635,0.110636873064078,0.0671539202177076,-0.0215886540571867,-0.293510676249973,0.105362251794405,0.33224085074105,-0.478183811705278,-0.239580316311617,0.2972299932155,0.337397894316364,-0.27535592476218,-0.064546892753096,0.177771465244524,-0.159862723122889,-0.19013494498186,-0.0995658735197212,0.163453665225196,0.198328102007366,-0.410821525825115,-0.308570190807609,0.238085827615665,0.167229733985134,-0.212507851074738,-0.242269712304043,0.0538258800882043,-0.103279732853357,0.181465544749193,0.411861063162615,-0.0718781078655623,0.0174460654236218,0.144132077159272,0.0837651888949092,0.460101865346927,-0.262897684021896,-0.163714543400718,-0.285299359033185,-0.446850448511671,0.210281422071347,-0.0934846025450323,-0.230230102000499,-0.325120759994002,-0.131892217998216,-0.120237018524616,-0.468519017359555,-0.068039200305794,-0.2912550260233,0.219802870940536,-0.0717643559851789,0.156365888769357,-0.210992964078239,-0.401342899293869,0.215847324884355,0.109432955523266,0.105965793424495,-0.115980387010026,1,0.186347863479362,-0.202954013319226,-0.395783227209406,0.0219327172084473,-0.25570298654065,-0.519322746842855,-0.20727043749857,-0.159613644914657,0.0509535391779141,0.135384774393675,0.097141880154741,0.218249035780953,-0.0378766031794214,-0.139407469676599,-0.339657070882184,0.293219363981893,-0.239091611676793,0.0409909950315035,-0.171576686806136,0.256216299680926,0.0152757760514929,0.275798382373111,-0.150315967821347,0.406612656835086,-0.234168617894105
"Uridine",-0.0524447304533337,0.2531250876116,0.000263846085887564,0.540605742443715,-0.0149198195908954,0.0713209386558804,0.0825165584958119,-0.152089587431524,0.413157548795368,0.10722803206336,0.229151825361241,0.180908589632085,0.219182708744972,-0.28297180170496,0.105699610855563,-0.430724124062153,-0.454602994708969,-0.282636855845047,-0.198025957768143,0.0566360259594798,0.199671382706657,-0.0734339512623901,-0.00418611602659535,0.130324961437965,-0.154304473402269,-0.281715873450706,0.305427205551812,0.00988172451683136,-0.0092681575086087,-0.00833688077266459,0.00812055055262513,0.145350519368398,0.38075278579219,0.203736961093588,0.193074642812301,-0.110448578373304,0.407441650230879,-0.00960489351518848,-0.277323024754389,0.369111636580301,-0.0271680246458246,0.153793028145646,-0.0857945374937729,0.347763904066754,0.118518069656684,-0.306862897625511,0.104891503520419,-0.00892438006247305,0.00301145587290936,-0.0174755805805826,-0.25716753993686,0.119093929326147,-0.288153225969239,-0.142121986448589,-0.0532952399379445,0.0172959535754419,-0.371639221256145,-0.112450469117718,-0.348240057623864,0.186751481607761,0.115058002827923,0.235494133330346,-0.0981827037035455,0.00237284122921844,0.114583587547359,0.373628766745659,-0.154772658500562,0.13715462790801,0.433638837315903,0.0816321364674517,-0.213681467583226,-0.0902016597183798,0.126259785137036,0.406845928745225,0.0622909803828672,0.118360619288186,-0.505915098693723,0.410616927218426,0.175750315022369,0.420829018723297,0.345266241503028,-0.0834738413147483,0.126463151297328,0.0564207406012478,-0.000874487372960092,-0.195478532564986,0.281263857517181,-0.443057701563246,-0.0188250235849857,0.315430618552282,0.175233535164462,0.0786856459534503,0.0362950068269815,-0.222844726943782,-0.160494238701547,0.104717880756011,-0.221008803625563,0.126816184385767,-0.0489657977628842,-0.322199280358454,-0.0994261688956246,0.04559143130626,-0.277509304308234,0.413613212429437,0.0957610553550861,0.277500049780666,-0.240852179044239,-0.0186312828803412,-0.396129865123968,-0.349236555393107,0.186347863479365,1,0.496724628112368,0.160803264137781,0.188364925377427,0.0533127501712953,0.00804313453208039,-0.16712867505272,-0.0635649181835554,0.052815757044831,0.0198155307489774,0.191779564947609,-0.148407731143668,-0.0985364429225372,-0.160787097260258,-0.263324949533416,0.212925395217758,-0.079305282351479,-0.277437528048015,-0.0401541163525507,-0.0663461848307012,-0.0785365120963757,0.313425117192218,0.159011855159145,-0.032718195984196,-0.0977691374640001
"Cytidine",0.0043824536110631,-0.00574026411055757,0.132253915705468,-0.206235167169234,0.219148455968923,-0.0351445434193472,-0.0640247522349471,0.275992750008336,-0.221550223270681,0.0561742483326864,-0.18615751910898,-0.0808052511246678,-0.258495804238433,-0.0121271932562474,-0.0200386700115906,0.129073245940748,0.21265097094972,0.139929373088337,0.0344303493590111,-0.236851415755464,-0.0789880447695025,-0.0441182858157841,0.114128474953009,0.0767255825048525,0.0209102912907416,0.0337160813496317,-0.213794128073323,0.039035087812332,0.0565093281908264,-0.114216608472823,0.124919326788172,0.127984393287689,-0.0727113861229703,-0.3871842649673,-0.00771564628050496,0.288699855251551,-0.105684968723086,0.0105053662761055,0.176847391118815,-0.154025669889639,0.161680492177701,-0.00196939313573333,-0.177462102386821,-0.258327544484071,-0.203986818761034,0.115921516506766,-0.16777683542159,0.155366451816572,0.00311246901224195,0.00231327830286492,0.202794404283875,-0.121177360780719,0.165339433884492,-0.0469811172905195,-0.149916908714008,-0.138851662124043,0.318918883020872,-0.00777287401388625,0.0665078962128266,0.041879384364484,0.0414602320590316,-0.175847677135739,-0.145813089818781,0.196788607052441,0.0457643122203985,-0.182644414698146,-0.217197087025414,0.0548802607132438,-0.379778659033478,0.0805158322441568,0.10030182139004,0.133706354725866,0.0725364643327777,-0.207618750094019,0.0261538809103537,-0.103501228318281,0.349748070175036,-0.398251015630488,-0.145781928035729,-0.136937995215514,-0.159627774202102,0.0926474719499073,0.0585565299513451,-0.185544480257648,-0.166316050629508,0.0676299198189967,-0.0728207279386471,0.359072823019322,-0.0410398723538508,-0.12858058979181,-0.120129971790508,-0.14094424356392,0.0160282605251274,0.183742618978943,0.166428275267883,-0.21552077780543,0.151029642925613,-0.0308619247338644,-0.0219258543110929,0.00317770058306227,0.00085756363042977,-0.0168347950728452,0.205465033551784,-0.293184214454845,-0.258023363826666,-0.263451725276173,0.1131792657161,-0.0483827369327284,0.145546622055254,0.127290123138552,-0.202954013319224,0.496724628112369,1,-0.135894008277206,-0.107568747649035,0.130431079539607,-0.243439254993543,0.245291779820696,-0.053636727975144,0.0428778706632878,0.0679378036103879,-0.0503484775821649,0.35967369626565,0.0623219234109742,-0.0158143697170313,0.179996436966414,0.0032735670535752,0.0434191321023608,0.142841378464876,0.258662290941404,0.179938717954111,0.00570133826249404,-0.188872243994902,-0.130060817879505,0.038182323910975,-0.0159939599074127
"Hypoxanthine",-0.107023287378722,-0.134735269570117,0.0734960756395846,-0.0578891588931302,0.129374664660996,0.259998094135163,-0.255833927064512,0.248077750311985,-0.247196658525376,0.317320708005782,-0.166703653257973,-0.377918967618787,0.0505454317597934,0.201710340124145,0.12523761562131,0.309744488990778,-0.197703106507335,-0.319891989536549,-0.0566113395630781,-0.0524115495018758,0.0418128399632423,0.0192014720965946,-0.299823537365669,0.0544082032253741,0.079778202032474,0.147803490761005,0.0940912786348155,0.205367828612338,0.187736315854765,-0.281096206425644,-0.163726233749168,0.166135158078459,-0.363555192933955,-0.431715530572153,0.200512217011375,0.323735023670407,0.0869647748754434,0.128452605719094,-0.213983369058778,-0.156793215109502,0.174442513768432,-0.142882548830236,-0.219693568169173,0.198308227865583,-0.377154487235529,0.0241929655757706,-0.388122407875905,0.00109605113870458,0.168807214324436,-0.250806985592594,0.0465317822695242,0.253354407708963,0.0812843831867962,-0.245961556629136,-0.238738092105905,0.260031803709367,0.178000204035413,-0.0372066747624903,0.0603303571825417,-0.0586178546132769,0.083965830810296,-0.161389001902704,-0.428403103264991,0.296788964452865,0.302248873838901,-0.371786996711109,0.0588074473800709,0.281084527311436,-0.0588352341782307,0.218954380054054,-0.0597287080309894,0.227127194303185,0.217215026860629,-0.276158687576411,-0.431318968920399,-0.037591845897787,0.105139038072841,-0.338086515446053,-0.0379965712228321,-0.0335609945620036,-0.129080108265419,0.13754176615911,0.432912147417622,-0.139569351242146,0.366958490739586,0.343822457283484,-0.12696841668203,0.319883125532878,-0.331462050421346,-0.199388870291099,0.0088216694465492,-0.314080163856235,0.000554040328491194,0.013181014870531,-0.341846396780197,-0.432193676508835,-0.083360915557045,-0.128143234770756,-0.113432650580423,0.173972383453527,-0.470770903322391,0.0209194516930269,0.21864846901403,-0.032811007913236,-0.204054392507387,-0.3072024998595,-0.104737566179247,-0.168858798761804,0.0874430110420844,0.0617017310658754,-0.395783227209407,0.160803264137779,-0.135894008277209,1,-0.0454184344743242,-0.187901223096481,-0.361300110281967,0.128706762297116,-0.185015888717171,-0.0287643741146645,0.101356457936565,0.0530147519194956,0.195400089659914,0.158611691168193,-0.0124402237188132,-0.0901717684234343,0.437531221276676,0.0540403522221849,-0.0166147340784375,-0.0822389688645402,0.254773669479447,0.132730653538756,0.185992454588848,-0.336551706001978,0.186378920307887,-0.24896228890131
"Xanthosine",0.179593380601793,-0.342876129903048,-0.0691652286901096,-0.381635569102453,-0.261368915709518,-0.0142309650500072,0.199531681120189,-0.0917187555696063,-0.391852325783392,-0.25545249838389,0.0748058387960047,-0.313142431064819,0.0628622963369656,0.365559894025611,-0.230557242707368,0.154360456671586,0.229635826468004,0.164777618142697,0.222460150117361,0.0560282344621132,-0.202550514942951,-0.109507513888922,0.0470808298831412,-0.304718506463869,-0.0916373026346313,0.0354663690623831,0.117059345922996,0.140947264593511,0.276478914829875,0.0937561549658964,0.208110817890223,-0.0593737628325156,-0.33686822996713,0.126024395723867,0.149499999972125,0.0406024656250756,-0.338315130174799,-0.150674387004677,-0.0762549214540328,-0.24318715246265,-0.257454540565475,0.197868096147578,0.204995895076348,0.0485223225607516,-0.249805432993535,0.0573623868585893,-0.0537822427745124,0.221994913927721,-0.132851106064985,0.198073605437376,-0.10029611469527,-0.0682232652175881,0.148864554905281,0.0797826640655566,0.0983634927073013,0.257918624531483,0.27319014628207,-0.073033158883594,0.301051489898599,0.0817195839342641,0.199320170011312,0.0152407978459585,-0.165955381742031,-0.257525325193467,-0.125384398428758,-0.0627668851456921,0.125794270838826,0.0986967980611692,0.00477910162159758,-0.00744395444943252,0.103568975668283,0.14189689470083,0.00506790492866054,-0.0697452173035549,-0.0620130043281457,0.0546671202875389,0.291948110553683,-0.22454244351719,0.0129569867009689,-0.194819493852882,-0.372996973479004,-0.192109882284868,0.0304387344254622,0.157794158941489,-0.140054264890089,0.224377633388925,0.00715353860107064,0.160536745144405,0.257693519325315,-0.074893907621433,0.170940898875006,0.123127541665636,-0.23942023577344,0.0941440576578044,-0.233519470790388,-0.129571683426698,-0.0277005794402774,0.172596353715003,-0.0931238517107587,0.370919385202133,-0.155931101048813,-0.213355209357268,-0.144616608243209,-0.223169090934568,-0.214132365992085,-0.193343096761951,0.0377450547756112,0.00507484687784912,0.0986642844641622,0.306463352464772,0.0219327172084518,0.188364925377416,-0.107568747649026,-0.0454184344743189,1,-0.0920556153102736,0.28704596470083,0.0141771212293397,-0.228353763255827,0.24394156526198,-0.014656356154134,-0.125996712074314,0.161864629491962,-0.0704732800148362,0.114644449033471,0.0454786668599685,-0.0901153434830455,-0.108506407617117,0.384650646519629,0.226689109949884,-0.202094066185774,0.192301318204121,-0.102340449243079,-0.0329599604508587,-0.262683254605724,0.212998551984465
"Uric_acid",0.351667863695046,-0.0052284266056295,0.134053900975136,-0.0957195657225274,-0.0055014420843484,0.313153532027419,0.135745064208427,0.167944781120946,-0.380406883948765,-0.171106741029543,0.224236868036217,-0.247278737459466,0.0128502884967056,0.283752017757728,-0.338259855784593,0.430531684550112,-0.0280370518489991,-0.220434101427293,-0.0153112752597177,-0.0524281472272176,-0.319609921369932,0.0249465118647141,0.00185128894014869,-0.39649575344123,0.212066863650673,0.140113163890614,0.249380018603365,0.354728833409107,0.126253836801478,-0.188184174274933,-0.197517938994936,0.0593107837572832,-0.0173715157405925,0.038186435325997,0.326426400652585,0.235694723803249,-0.258530952536493,0.126624678438175,-0.275578558832599,-0.159253592519637,-0.248304245677437,-0.144487611725415,-0.0482118632109966,-0.118133051879269,-0.21641078417489,-0.1821517586883,-0.301703661420658,0.0536369288662038,0.2648016336562,-0.139539223248949,-0.309085800069451,0.323886026700964,-0.338975633642765,-0.104945951492003,0.0179689477844449,0.252217617295458,0.240586872408237,-0.303945616131309,-0.0229546024313431,-0.146782705660973,0.262798458206316,-0.111004775581628,-0.312792529385499,-0.0175169870076928,0.250304093727445,-0.173532912642564,0.0665652832921989,0.303476023872318,-0.109693786138375,-0.122160529397752,-0.395443611182247,0.0437863612785024,0.121375097165385,-0.404336955030066,-0.160376748692015,0.021784955738782,-0.104779580752052,-0.231562955464647,0.133899966386131,0.12676671874934,-0.328388136580636,0.201023501783905,0.31860148902127,0.0581094312612168,0.0812861079523055,0.0939504983425313,0.128305208676402,0.0868461923155278,-0.0630815830054498,-0.0844697838501583,-0.0944808889724749,-0.384792722970965,0.160666828131571,0.231997196468226,-0.223958406251397,-0.418146373004566,-0.178955687254708,-0.0596866568086346,-0.354675719554425,0.215870170002241,-0.322545357143983,-0.12619362286308,-0.28706740951154,-0.124876452575088,0.0470007936574924,-0.174285720942605,-0.0178939928487427,0.159035867989295,0.332601131210213,0.192925498528284,-0.255702986540649,0.0533127501712843,0.130431079539611,-0.187901223096483,-0.092055615310274,1,-0.150606503392807,-0.569582470580246,-0.280847274370061,-0.0573992753730221,0.126669614691122,0.0683619521243938,0.0210358446508677,0.434223895257396,0.0919332639626577,-0.134166888743554,0.210015079961569,-0.277454927414175,0.443464324435856,-0.0299790182159064,0.149620041170416,0.471539504727517,0.30326545018418,-0.320053583307648,-0.0310441658418772,-0.0109413061936472
"Allantoin",-0.154034393518538,0.239283342316721,0.127719274956284,0.217132762518643,0.38043604974875,0.311813055201932,-0.17096478830802,0.184062684436124,0.0535699999057111,0.257711472135604,-0.151792268478291,-0.0269046701078341,-0.0158667048900784,-0.185316592282291,0.043568441158548,0.041595900743141,-0.339566686520148,-0.243109058244858,-0.252558618427095,-0.230043573722909,0.171644428843959,0.0461163286934283,-0.0639341850370169,0.284125107848116,0.0486264261666627,-0.0233473707629988,0.0997338113956378,0.152519223697768,0.00222786057905911,-0.0601795247287102,-0.134878445591094,0.342727841781814,0.131263559233172,-0.354565275934791,0.188918407347649,0.303466702728486,0.315120500305002,0.0985305144645408,-0.16192838008608,-0.0425544307572336,0.299194132531617,-0.229440855125315,-0.342932867131929,-0.110755107324664,-0.245762776984454,-0.0750338271377665,-0.179262915657584,0.0680557857353677,0.188190547776422,-0.247154425709371,-0.0528710783677431,0.188302646651405,-0.106024292614791,-0.23396283377679,-0.364602493781857,-0.0365668581956516,-0.0550343120879028,-0.111393598250517,-0.373960381175445,0.125226044210213,0.226689552235311,-0.226347222130529,-0.262516607072672,0.531488611480016,0.389009167452255,-0.135653898157252,-0.148706315874485,0.218054128763639,-0.160200920951758,-0.0355628226795559,-0.141600966225892,0.0827292241014103,0.288567374273733,-0.210008388146935,-0.262863659499092,0.148671581411605,-0.0446867811807709,-0.176430182940239,-0.0512360955969856,0.237809324837224,0.122366606990956,0.225775830573878,0.477390023514939,-0.393054223649357,0.0656889087399463,0.0076160750695673,0.120872746028712,0.215081810952077,-0.381428595977822,-0.0103107045312307,-0.360831087245556,-0.47477044311523,0.260346598557539,-0.0205661554764432,-0.14108475661678,-0.280798344284462,-0.222888296630403,-0.0978403564085422,-0.293352612854029,-0.336614436045055,-0.286454742246857,0.224045130322467,0.112296918648812,0.0920184116920667,-0.157119133787578,-0.160952788522215,-0.123719065070895,0.00541513142023053,-0.00669392349168689,-0.229262977304689,-0.519322746842855,0.00804313453208027,-0.243439254993548,-0.361300110281968,0.287045964700827,-0.150606503392807,1,-0.0091756467886299,-0.0375730683600808,0.0124314316001329,0.0607178524763623,0.119374343608185,0.132624643015862,0.0535185526509403,-0.182589676466497,-0.226631355621709,0.439262089274233,-0.0742782554337807,-0.0516675220189358,-0.109957311379149,0.442298488503838,0.0983028464859392,0.320744516230313,-0.222434788475601,0.442774855671491,-0.207734931333552
"Nicotinamide",0.247486658643173,-0.11797777379459,0.0334386096054156,-0.111802967268942,-0.0981149845685938,0.113690419835845,0.00727169718746002,0.170110802068063,-0.273544486097873,-0.205837953348835,0.0979040271203647,-0.277470030066538,-0.0319552749646262,0.187254850029093,-0.218107726937346,0.0731516341700467,-0.13222973452005,-0.0996436853093719,0.0651115899946674,0.0136057205846214,-0.271766765902595,0.0824202696860247,0.155429333618381,-0.405401724768112,0.26778858311136,0.165631715501556,0.284713470267113,0.380239012372763,0.0443022068128903,0.045947868082159,0.00397674222432594,-0.0168671269066199,0.116723885682918,0.15611295274233,0.0827668828826308,0.179845809762805,-0.294772588530955,0.154851103069045,-0.180528577250546,0.0230237094717969,-0.164101250232604,0.0210933897862333,0.02641904324694,-0.165284318260149,-0.0822553687991513,-0.199792388543629,-0.0574215531680682,0.0715794815425529,0.0892149916408624,-0.19053934012042,-0.275507931308319,0.305139720078784,-0.299482029386267,-0.186178311519603,0.0114075070651511,0.139079410407255,0.121376586243189,-0.228546290282879,-0.0784479931627735,0.0232862581307867,0.186170235691919,-0.258188886687385,-0.215048803071033,0.00300139123956442,0.145260723102866,-0.0597031796596056,-0.0771247963179036,0.0906661173301802,-0.152647000099656,-0.103959893050259,-0.350246910098774,-0.0391146666855711,0.0677017049318756,-0.279026075790114,0.104370523625627,0.0664292857463772,-0.153190825062406,-0.0860334442444643,0.153744667500498,0.252504631907397,-0.137475684772179,0.179561811258093,0.160607150886828,0.0985444014786274,-0.128568016017352,-0.0417145233793068,0.226164793766642,-0.00151576909952367,-0.000988072071525373,0.0631184697882016,-0.0981597979097552,-0.381267993577659,0.337648822547841,0.121233907998053,-0.199468987800059,-0.350454231340678,-0.226420598391463,-0.0303894477948847,-0.279762465691491,-0.0126732663011571,-0.218841397145104,-0.150762141407611,-0.417216843981632,0.133576148028574,0.165541756579275,0.0557239355208653,0.189352024446534,0.181444459431228,0.25192960498285,0.0285833732552059,-0.20727043749857,-0.167128675052731,0.245291779820702,0.128706762297116,0.0141771212293427,-0.569582470580243,-0.00917564678863008,1,-0.332166342134656,0.129452040074293,0.204637337762561,0.125579589421817,0.0369278473869636,0.27280950087038,0.0603524075252834,-0.0879083074323009,0.107413763766998,-0.470334537700186,0.171337182676481,0.0627336520457774,-0.0352135471251532,0.363695056418393,0.304668901094208,-0.0553273248463716,-0.122296846320455,0.0918255553699946
"Pantothenate",0.35609200799696,-0.0274734781859278,0.120273067218356,-0.150554477926818,0.0694190818759087,0.257801041604575,-0.066931963541653,0.210195089454912,-0.254443511128341,-0.00426648757349657,0.231557311972679,-0.252750023685797,0.175628980588883,0.219067200032201,-0.164782114843839,0.214871053573532,-0.249020448273901,-0.401811084484336,-0.0574435815348839,0.176856402009489,-0.363143786042287,0.18050011281628,0.212246840226592,-0.26379870175913,-0.0239372965747644,0.189142557161795,0.150416435968177,0.224269116158631,0.389863109063218,-0.0227595457666349,0.0843332545939434,-0.0622299627310858,0.013611832559184,-0.0653556801406595,0.198686326643004,0.500146906711377,-0.239440933825447,0.208720527259098,-0.467433075784813,-0.0467142181925175,0.138081393674731,-0.0612186948578232,0.153692071881429,0.0975799215254346,-0.431548796028682,-0.0589798196704036,-0.393536347285284,0.443116786107877,0.0983737653124237,-0.0883351642276328,-0.173889584661674,0.280124745385702,-0.183639605272119,-0.51851556198986,-0.33039345819487,0.387717573732096,0.108392554270396,0.0241558404290745,0.12426178601837,0.233181846627684,0.10667665505271,-0.261213660651157,-0.377315338902665,0.0238677093580581,0.307195059192494,-0.304565723649895,-0.130288240570895,0.297164842366399,-0.30435275669405,0.256751527593079,-0.161824548115302,0.0361271607862445,0.483865832204924,-0.0720308259201294,0.232579866439851,-0.0930884043344403,0.174336956055332,-0.420798685870871,0.189540112158752,0.173868547534072,-0.196254636929867,0.264201212461048,0.200987579700968,-0.0578514199444087,0.114979716134528,-0.0523746363574174,0.406174000582489,0.0393733761451025,-0.141552915053393,-0.0240777301350345,0.193480628766789,-0.42268167011496,0.425538913443813,0.229859950111858,-0.36202273971897,-0.531139736373362,-0.346476786899894,0.0772580939682493,-0.255429884540389,-0.0295881004551757,-0.332562099059773,-0.180236724503299,-0.0574182244108758,-0.0226731987673885,0.110959618764881,-0.142418858154395,-0.0814203915089021,-0.300493073066349,0.307109654978902,0.184433327537686,-0.159613644914655,-0.0635649181835697,-0.0536367279751365,-0.185015888717169,-0.228353763255824,-0.280847274370054,-0.0375730683600804,-0.332166342134657,1,0.320523219838345,0.178530586139079,0.190026111458337,0.0440551833015664,0.235992763809262,0.20476260168806,0.108170365000526,0.454159432360363,-0.411755090193763,0.221412258354432,0.459955935767391,-0.0303001450238837,0.212348374645716,0.250980580541236,-0.128198714586342,-0.25712691241541,0.0430385608409894
"Riboflavin",-0.0767909597434398,0.0943978622137233,0.0647607288275917,0.063293173234703,0.139388719707962,-0.272979303393,-0.140423701737266,-0.111953954334296,0.137050790501155,0.0827896107709291,0.0588830835727597,-0.012325301140094,-0.147391497669748,-0.210096826468451,0.140447757041321,-0.0243638658307525,0.0674955929530084,0.11490450783273,0.202939543076373,-0.327199477473226,0.242554586406325,-0.160063883746418,-0.33604137995056,0.211306551966081,0.120945533909741,-0.300596265361203,-0.133094857834601,0.128469012131053,-0.274911623947679,-0.180268478808992,-0.0897081412040732,0.106875813822338,0.113473718058974,-0.123253082232215,-0.0252115319836273,-0.0695271580359258,0.195263848154032,-0.283351207888536,0.265603253380768,0.0566243082125438,-0.145736510531136,0.119705683264341,-0.152239612817456,0.0669345058911971,0.215273072372951,-0.0629512784560598,0.119177943561344,-0.227711017518459,0.157522412675378,-0.0352415891479491,0.0405267022509899,-0.0935109546769901,-0.147634497100072,0.254243067467027,0.269389132505153,-0.236917872719375,-0.0464763520151765,-0.161749354656113,-0.140457122869314,-0.335064340889111,0.105442419291449,0.212363909073121,0.153268393099959,-0.100028100499697,-0.206333735601107,0.135152679467741,0.141921689129564,0.0464534833062572,0.146503312406853,-0.0193924211582176,-0.174686241224319,0.0324802456219676,-0.421215928203791,-0.0382055396819681,-0.237364566419722,-0.119052967268365,-0.324872494830992,0.246373505211107,-0.143444730503757,0.0315259511095176,0.10442140760854,-0.198118728370816,0.0837469721263948,0.091670839041194,-0.181424530998007,0.238142738980693,-0.187999750088966,0.0914307990402234,0.113814590730574,-0.231889647364179,-0.0659890831405316,0.213985499813224,-0.223556088541708,-0.262657669978282,0.32507186802181,0.23945635576989,0.385754818616591,-0.218448509325096,0.0208097498035703,-0.0137399395846757,-0.0742053896125422,0.165097201557865,-0.148296178674321,-0.235646505131171,-0.0893476202995204,-0.187527848566692,0.122876252853525,0.360775852490552,-0.0984462267999607,-0.264566851287187,0.0509535391779115,0.05281575704484,0.0428778706632824,-0.0287643741146666,0.243941565261976,-0.0573992753730209,0.0124314316001329,0.129452040074296,0.320523219838348,1,-0.0667467331739046,0.084353435734614,-0.180086695222134,0.0462527959802523,-0.0363672532057317,-0.208279156367964,-0.202916556809359,0.271947080807346,-0.0302573599966816,-0.198756193560957,0.159929501035828,0.0558466189706381,0.0626263994804119,-0.0792015553831775,0.139328105884535,-0.211631006340332
"Pyridoxal",0.0771378924646573,0.145150056170602,0.220487432092468,0.177804611732263,-0.102403523636722,-0.0559686838522501,0.0712711644398735,-0.265809372390085,0.277257157850376,-0.00577691118727397,0.0777991219503986,0.0991792224781244,0.0185264932468783,-0.192189257237418,0.0237673237236147,0.0325780370095541,0.153598611874236,0.117964550062345,-0.0884560848109375,0.0294511233757438,0.0701988748820988,-0.2542032550204,-0.0287093259428929,0.0827573048976318,-0.181351375164931,-0.387184682879811,-0.00148440492151898,-0.0049231185014908,-0.089757290421743,-0.0322054410129406,0.0564877710586667,-0.0179126015365199,0.177062073181451,0.110312666725772,-0.128036613511386,-0.112795805738714,0.123725280204518,-0.0694555242842457,0.00732021630030922,0.258663867609434,-0.00220787329967282,0.0130050473294257,0.0670887001099082,-0.110645815578579,0.156096406638137,0.111500113134555,0.222273636024821,-0.0730290668257655,-0.0479616429998628,0.267237638393199,-0.05237078813472,-0.278071785736315,0.0630354351472168,0.20444969513126,0.0828568322214539,-0.171856983304444,-0.279321314783997,0.0201499942449818,-0.132473497093501,-0.0419027297290316,0.0346947077401803,0.130222719081558,0.227492081960131,0.180281276515749,-0.0339623060644803,0.159238130267998,0.143176281600891,-0.154379673775267,0.152657949025478,-0.0274606351010866,0.125785255435868,-0.249774594556079,-0.0993588459314164,0.0719776295633033,0.00142249819167947,0.0163842789516835,-0.0908505443384807,0.106950994848093,-0.0877155315465081,0.109074127129251,0.152604341791591,-0.102741140456091,-0.0117630590673995,-0.00520607025547647,-0.0423371951997894,-0.148648505490736,0.023433427409262,-0.22704435283799,0.124225903420533,0.0574621382674716,0.0176041857733862,0.215440521356034,-0.125378775899095,-0.264156085240752,0.0944875689824852,0.254657764941752,-0.0239666899277866,0.0286323887299019,0.0922625832602347,0.0363050813133386,0.100194914355181,0.29686486723194,-0.101747433164862,-0.0634251566505893,-0.0257768579613194,0.084355097924341,-0.152140187226162,0.0474658516842974,-0.241870242431651,-0.135422741371502,0.135384774393673,0.0198155307489846,0.0679378036103842,0.101356457936563,-0.0146563561541338,0.126669614691124,0.060717852476363,0.204637337762563,0.178530586139081,-0.0667467331739055,1,-0.0642992081180043,0.0776171902988859,-0.221348697685522,0.122210027759108,-0.0378502450694496,-0.253990614519196,0.0637719716258786,0.0109995446274109,-0.00339961947061032,-0.312203608470221,-0.187923867950146,-0.1433332205715,0.156463849224449,-0.114049589841293,0.0649980561876371
"Thiamine",-0.0321155232038532,-0.160433336440095,-0.364210654460333,-0.23072697283789,-0.35906641463908,-0.198691004078382,0.15920225085181,-0.155744845362848,-0.388403047015047,-0.472540020383915,-0.295615256051681,0.16286277411717,-0.346452229298412,0.214413268604795,-0.163422898542806,0.183818618185675,0.268252947933491,0.335594414767541,0.346215432427129,-0.158685842149026,0.100822862766636,0.143198439374732,0.124144820545127,-0.0675052044662193,0.208927485781705,0.336996253435042,-0.0337918126257016,-0.219771416307691,-0.295111276884302,0.282439567038083,-0.186165193461211,0.0453106497880207,-0.446850437207059,0.224815724241519,-0.0152673246048925,-0.355215446561454,-0.361290607863475,-0.178980821139263,0.106878797403898,-0.00948733037114116,-0.318899789141076,-0.038029242714539,0.344755903304379,-0.178556334209804,-0.155392415090725,0.0863274560419657,0.222950383113424,-0.232250699874308,-0.208247274401266,0.112484233425588,0.206524545229409,-0.306051697927855,-0.0108102316320171,0.491665298774693,0.22672733737824,-0.0990623858033325,0.343167216979058,-0.00469862652012603,0.264538227293409,0.116409434180331,0.053052806218225,0.157216729364057,0.189312859715808,-0.239960334198166,-0.303976839772997,0.249916472610504,0.0242579458536488,-0.0506625966098081,0.127820197988348,-0.41989559766049,-0.157054256972273,-0.265884708142241,-0.145872134013253,-0.127208512728177,-0.30718961666726,0.39104718607954,0.0156819028037162,0.261915654669978,0.253699071493204,-0.338465883477528,-0.174118411796246,-0.390133295524515,-0.181769202348997,0.036214879154187,-0.113283804280928,-0.021500951514925,-0.274671504910607,-0.102273119942902,0.293934626459995,-0.110799569206519,-0.27113568188696,0.345556281440371,-0.406134643415247,-0.153172371966728,0.0481917718018726,0.231241747125798,0.0949733767937869,-0.0168201644884768,0.073632742505543,0.253721609467883,0.15269983393448,-0.241845109758839,0.0911213368713765,-0.215572225878902,-0.0596620325878483,0.255439504988384,0.325331216393915,0.0547331942176123,-0.0669388743361066,0.336208592820506,0.0971418801547406,0.1917795649476,-0.0503484775821567,0.0530147519194985,-0.125996712074308,0.0683619521243858,0.11937434360818,0.125579589421812,0.190026111458333,0.0843534357346151,-0.0642992081180071,1,0.0855629246630799,0.0791981569802532,-0.334185486270245,-0.123772087129018,-0.398214330427814,0.0660003609316904,0.0452848687608107,-0.212382281891888,-0.116293090099146,-0.0424364295393598,-0.364713157773842,0.0770768547741187,0.187794607066004,-0.0844529445511485
"Ascorbate",0.0192540242528432,0.186727878076419,-0.119585790197944,0.00394345893950266,-0.14036958618758,-0.151043273714071,0.193181012346175,-0.149349386338811,0.21294473303441,-0.0207325054140783,0.11704945750072,0.195842261191179,0.157589659923506,-0.158795142518886,0.029728137676632,-0.0906461218930348,0.0326307376990497,-0.0916368279643308,0.0245370112829368,0.0548954393095508,-0.0381748253027446,0.0221611997067228,-0.101591305561601,0.0341410103840966,0.0385458063458418,0.0158010986548151,-0.0866991658467937,-0.153782063777856,-0.15486549630791,0.0576946407043996,-0.0489455587232942,-0.0406702023485314,0.00922586005802754,0.221415919407233,0.0423363457475089,-0.0595710967212388,0.0982519427283089,-0.221634798854091,0.0281817990578921,-0.00682699984691333,-0.0536212692682751,0.0227019509454456,0.114214995055485,0.287031687076886,0.0400931274458118,0.184749436741336,0.0959683523263564,-0.0828475342448782,0.14017767605251,-0.0245444633243564,-0.0885374345660241,-0.15096265072605,-0.0963107744967019,0.125568393988341,0.216349111119995,-0.00535150437158081,-0.166160564148766,-0.0108682736654786,0.0985786483448611,-0.138857453886361,-0.0562248369696394,0.0793640196714958,0.212815074628216,-0.138297037198697,-0.150799460679746,0.0273282007569381,0.014454261512717,0.0177415127116414,0.13789019390847,-0.0798404219168741,0.0225073801417359,-0.0578855153504673,-0.0541645863479801,0.126602678409339,0.0275781247571092,0.0365688667196961,-0.215380928185698,0.220581297890259,0.120583854496911,0.0188394173508742,0.16289588802505,-0.0774160389195575,-0.232096763805843,-0.0248085131905913,-0.0154657643061403,0.108555911874757,0.0283521782012429,-0.183066576343815,0.0850079568622481,-0.0630702018606771,0.0482591855118837,0.0937864726651089,-0.167526116793152,-0.127596790063204,-0.00417117594291058,0.308258714378032,0.0225593226406325,-0.109041345937094,0.09922746448612,-0.0640279106458929,0.061996745739882,0.0563026581631852,-0.0674450439940743,-0.0117605467018826,0.0536480859031625,0.131456082092815,-0.0167186116956005,0.0585894402806924,0.00319098894430965,-0.0520256830958812,0.218249035780953,-0.148407731143666,0.359673696265649,0.195400089659913,0.161864629491966,0.0210358446508667,0.132624643015859,0.0369278473869643,0.0440551833015683,-0.180086695222136,0.0776171902988849,0.085562924663083,1,-0.109620475082829,-0.0836867892405393,-0.0101215542723811,-0.0730627203114714,-0.00283168833712583,-0.0123285749937845,-0.0955347130379911,0.0178785678780874,0.0506598972925611,0.0639210409880414,0.183312601233807,0.0736740138682428,-0.0190032623703607
"Alpha_tocopherol",-0.459754713567531,-0.00188817776153973,-0.172280867424485,0.0281717008380914,-0.263387304096501,-0.271967644753326,0.0122090270970212,-0.133282745871046,0.476826312364455,0.198495594271039,-0.149815374671222,0.0463061249754475,0.172196334791266,-0.308745079437349,0.314265395059696,-0.289396984735927,0.0283420361403557,0.23389809474571,0.0155607822934185,0.0470948454508142,0.330441351610478,-0.182228695840278,-0.0332417086529072,0.327321803306879,0.00155727700768966,-0.244935275774528,-0.205716686700152,-0.171884075969433,-0.120370013019688,0.292417058505225,0.339114642959283,-0.0112554776964291,-0.00207918496643645,0.156674760577528,-0.0927460843438354,-0.0716745023501446,0.168122780993868,-0.239949859043638,-0.0289517884838822,-0.0518989387976701,0.300349821133977,0.295935090317526,0.0666687801592961,0.0542316435081293,0.102446929000103,0.424733937175643,0.569788221267782,-0.187475963172125,0.194051486957352,0.358824709271689,-0.130116454423511,-0.377024770723683,0.16744529296575,0.263138108063468,0.0460510660623474,-0.156120026299295,-0.453003954598945,0.317379762331452,-0.167592334067906,0.115842320059017,0.0879217562621472,-0.1406941981825,0.292939558574083,-0.00631557741354266,-0.0347638087495508,0.0669906638073528,-0.00887541474898846,-0.219055387397903,0.292486455843141,-0.0934613230131851,0.303390520583175,-0.168737062648437,-0.0433321806018177,0.0988106578531421,0.0263721264412526,0.224541597023159,0.0652333563329681,0.215409642342793,-0.338787074968023,-0.0887207592633251,0.336619599915287,-0.216430549294601,-0.160225716134401,0.0778095166865084,-0.0845725195055065,0.0281479709888624,0.0132635320352976,0.052087757957219,0.237784132194803,0.0135148573571651,0.0938144447147869,0.206286247894281,-0.181365407730571,-0.436745545389131,-0.0583668684121978,0.478997869116185,-0.0744530014920516,-0.0194702022409268,-0.0463769369589902,-0.190214553064918,0.326389830946232,0.429428366111188,-0.135334891874294,0.277724285478961,-0.190078591360782,0.083081762611824,0.123099004374258,0.0389613577091186,-0.341000400137195,-0.312584288903183,-0.0378766031794206,-0.0985364429225273,0.0623219234109688,0.158611691168196,-0.0704732800148348,0.434223895257396,0.0535185526509399,0.272809500870384,0.235992763809269,0.0462527959802543,-0.221348697685521,0.0791981569802501,-0.109620475082831,1,-0.118460259880722,-0.202276710768595,-0.245763154825164,-0.0314639560703493,-0.299263008643217,-0.0817103964250957,-0.307023255941098,-0.393525563840824,-0.0667091132190842,0.475046284045236,0.0480821116650272,0.106008418731536
"Gamma_glutamylalanine",-0.37137211970199,0.369851492321597,-0.377656389534361,-0.109102480600932,-0.0791648036886018,-0.247264443480696,0.0205028455902703,0.108530495561634,-0.0725849443308142,-0.0241402754733501,-0.272061149212217,0.134577816344132,-0.0214462527114048,-0.155496432380806,0.204341156372926,-0.141718885018236,-0.0407773187665193,-0.0134136652062868,0.136722782476741,-0.306571323187957,0.214922791810735,0.0353281611029785,-0.118336487171159,0.322648680449942,0.224451862606217,0.124942050626246,-0.0979012873515383,-0.109409057180697,-0.228983288843898,0.125865508775532,-0.0343601283869677,0.0738567553330968,-0.125077733827741,0.025331288497531,0.223585501426431,-0.176544796092838,0.129062830448916,-0.118670075522949,-0.042232107646073,-0.0450784982389476,-0.100807891674039,0.220590140523995,0.225918279060623,-0.0257661780721615,-0.203390810051706,0.0403127310819108,0.12531508543436,-0.239552586432586,0.173976100686977,-0.24384964827867,0.00906550896138113,-0.0897079186140038,0.0101518983521429,0.234090769707414,0.00757922473114424,-0.198347191053673,0.193058243800495,0.000813665607114174,-0.127175999283576,0.148915874424824,0.0979504485253676,-0.0842272683646059,0.0585832227994936,-0.114541417425502,-0.0341541648817331,0.198378103919043,-0.195147010868591,0.202100201739052,0.168302762941763,-0.492431320503081,-0.0819002400953963,-0.0704672773090089,0.0346799354700975,-0.101194998264994,-0.205379381367819,0.426367586266548,-0.0895615906678696,0.219019781816287,0.194273099299767,0.0171820296080639,0.229966078419097,-0.326328385413947,-0.0352982788231544,-0.150342866627774,-0.261931400919267,-0.0268938111637132,-0.10465030821721,-0.0185063066486144,-0.00166306607284682,0.059151137290084,-0.106187947390222,0.22790389596763,-0.180963861017799,-0.285641968806338,-0.00551279748796118,0.187179604930562,0.0369342730567138,-0.121257705362903,-0.148504853422319,-0.147595963285589,-0.0139946342941639,-0.0382485207077501,0.019075173870271,-0.126522038452034,-0.129827757654536,0.086633658808341,0.231292377265385,0.0963679751336119,-0.267486184676168,0.0105350148297448,-0.139407469676598,-0.16078709726026,-0.0158143697170293,-0.0124402237188095,0.114644449033473,0.0919332639626498,-0.1825896764665,0.0603524075252804,0.204762601688062,-0.0363672532057316,0.122210027759106,-0.334185486270248,-0.0836867892405418,-0.118460259880718,1,-0.140608316655331,0.0257760391697709,0.0780413011510955,-0.354719265570344,-0.251375886535352,-0.0836088067491203,-0.135185071508558,-0.119988723197814,0.35592251416388,0.415426238482801,-0.34396326900873
"Gamma_glutamylglutamate",-0.191832836618956,0.118564986323749,-0.103846634136638,0.0970682248809967,-0.197648145025589,-0.027845949177648,-0.207650580880208,-0.126755056200199,0.152257871003482,-0.134294819412446,-0.189032707179958,-0.0767779734378362,-0.217663195118581,-0.0723661779505091,0.0137230403901895,-0.0580459969934196,-0.185005302451662,0.20413244366132,0.230959716935651,-0.342789979153648,0.415402906978273,-0.177071052510619,-0.166969682773817,0.199243792893889,0.188780290303852,-0.0883032675127307,0.37628695113288,0.253637526653395,-0.321549211199337,0.142514763830409,-0.0734649617316,0.483445410607609,0.00477959637968258,0.188911952196351,0.122710682265645,-0.0528956826757119,0.0822436840970357,-0.220945232786358,-0.31510747400215,-0.100438914469607,-0.0397011814553948,-0.0338472663933788,-0.102393854577622,-0.0815640562147357,0.102786655736221,-0.0564906182016229,0.427171288142205,-0.391523410561439,0.186437762992671,0.252132911357094,-0.0993949756867348,-0.203762089797776,-0.296585780384102,0.316299477623833,0.172848137118984,-0.209125231537017,-0.251858756636466,-0.22966383257503,-0.504019862514589,0.206081718276345,0.574874978988533,0.0541006179616557,-0.0541039699125187,-0.033428362309652,0.194583572950065,0.356863840205939,-0.0817788525700884,0.0859298826922049,0.368469615730295,-0.221867093565194,-0.3070193996929,-0.108516321300311,-0.0696606677122487,-0.257069609338611,-0.477361411925599,0.599262879383477,-0.237481755165719,0.4515117000136,-0.154600176235479,0.238560990326178,0.120238994074255,-0.283692060123127,0.421054646315595,0.200107081755254,0.00390466735761457,0.0244683450905399,-0.033240181376173,-0.0329356533488422,0.11599944885916,0.0764614592179788,-0.317812657976021,0.0188804472795896,-0.239870637164171,-0.534097082099707,-0.0601281625776057,0.176594213331048,-0.0496252835301904,-0.10098133250734,-0.195117966210381,0.0391203136101886,-0.262676507441819,0.350168663440383,-0.447843949413255,0.271906444690916,-0.271212888044302,0.008382244795687,0.117774619756371,0.511493833300838,-0.316020402641678,-0.380878495040586,-0.339657070882182,-0.263324949533417,0.179996436966413,-0.0901717684234297,0.0454786668599753,-0.134166888743548,-0.226631355621711,-0.0879083074322927,0.108170365000534,-0.208279156367965,-0.0378502450694558,-0.123772087129005,-0.0101215542723829,-0.202276710768603,-0.140608316655322,1,-0.129789429554748,-0.155226811370497,0.0738937989138749,-0.386452100184381,0.159414057737641,-0.0471431131325629,0.276543444310229,-0.142681501095134,0.452122653994776,-0.169440389927962
"Cysteinylglycine",-0.0779571514403625,-0.109449665092443,-0.211817852360842,-0.242237809926333,-0.476311647223836,-0.384550082382938,0.129433449952789,-0.287475070486943,0.0402278363126519,-0.379294515263857,-0.171120211858939,0.143496041167483,-0.397559505385697,-0.0841013030992326,0.00476782482828414,-0.0125670167523584,0.597829735102877,0.627048456148948,0.421922400601738,-0.151753900734469,0.0491913364554114,-0.181315487935764,-0.0523202723768012,-0.0319720989695451,0.275673993455442,-0.0690052503104618,-0.179330526209336,-0.0934788930791055,-0.473115540496575,0.163525583874513,0.100874999009303,-0.0369433128192272,-0.104916011671793,0.372809577620349,-0.311544548557482,-0.396091398812142,-0.266537039302064,-0.366107567183727,0.360480889932363,-0.0941835306323641,-0.318413316332562,0.150801014111734,0.192335734688505,-0.196301016484563,0.337165566140063,0.266693089579039,0.571045995696247,-0.389650189483143,-0.0628509007651085,0.420076989386006,0.174359922502593,-0.517520816341899,0.136611908819383,0.65464218980844,0.575384362460321,-0.336264651019046,0.0279317583959859,-0.00111211113996939,0.141234709063175,-0.193283179586888,0.0880352785562578,0.165703111329429,0.443299191951335,-0.38913536755214,-0.42288081209581,0.358831183412384,0.0152528538794618,-0.344540743311518,0.175733695110382,-0.310311043794463,0.0472182371382117,-0.254155187071153,-0.480254951803734,-0.121652820672931,-0.0519946496557724,0.215371807508336,0.0134214242696982,0.455060268989744,-0.105691920687353,-0.332362391093296,-0.00434911680466133,-0.46376077115486,-0.378693988542048,0.261443899387949,-0.25306231762937,-0.00934769020158834,-0.358036643288904,-0.0656939237257668,0.512542922205867,0.0139058461329686,-0.124397327028652,0.502806596685879,-0.515056835497226,-0.281388233478288,0.310734467145543,0.579887256645237,0.354094035331212,-0.191610070824795,0.275373539002342,0.269461459089809,0.378548178622361,-0.00323157036265317,-0.233317497801597,-0.185717831588502,-0.107311455662072,0.23243256966307,0.364103134587878,0.373654840178969,-0.0695293228853243,0.049432613850322,0.293219363981893,0.212925395217765,0.00327356705357542,0.437531221276678,-0.0901153434830434,0.210015079961565,0.439262089274232,0.107413763766997,0.454159432360363,-0.202916556809357,-0.253990614519196,-0.398214330427817,-0.0730627203114719,-0.245763154825161,0.0257760391697732,-0.129789429554747,1,0.091962325080623,0.0516176400826912,-0.219665587952191,-0.262477306327488,-0.170820272629525,-0.372752707185811,0.239689960079293,-0.0615484469304802,0.0935080980454787
"Caffeine",0.143078549441024,-0.0107772851793541,0.0283586708316839,-0.0797175838265932,-0.323675985526469,0.0862040379096639,0.105817818034662,0.123948145224676,-0.140644964651502,-0.212643399474798,0.0197969068899496,-0.164237552675039,0.00405639213442335,0.0335769769742634,-0.264723153671602,0.0220498469505727,-0.0899995041188643,-0.0556751879959798,0.0593154113582321,0.107884241992516,-0.18231869840234,0.141760979389673,0.265580621888989,-0.287507523376784,0.171230922027062,0.226270731567206,0.0657211231292421,0.204291730729779,-0.0495917030971468,0.252030012501612,0.0358311604691579,0.0817168893380388,0.00282656225865427,0.215836205023921,0.167288536518397,0.270760203035368,-0.371406174180754,0.0259120357440124,-0.369105848401668,-0.132193909061109,-0.0026292665670878,-0.185955229944151,0.178643436110675,-0.247847924919582,-0.269611762344976,-0.0118597402751053,0.0550476412449189,0.156081530474755,0.0877492647532719,0.0700550034013184,-0.200136006866183,0.0905180603683721,-0.231429104374188,-0.134320188691703,-0.116289441315367,0.227336708326878,-0.0532616595460902,0.0205352206160794,-0.107215973857225,0.2387831978114,0.128166148371578,-0.284814902473049,-0.0246465448413975,-0.0628164500805741,0.260012558923747,-0.0762288842370673,-0.132440370004199,-0.0715476641731179,-0.191023867698837,-0.135804302095827,-0.230847718428472,-0.210333766885845,0.282764623092737,-0.19426352052251,0.0545520919411751,0.265377674502762,0.0792003738273493,-0.126245445283483,0.190980519830912,0.193300133317599,-0.155051394442997,0.212972259460864,-0.00815982268008508,-0.0820742211695185,0.049744162165899,-0.285262612559105,0.31940644462728,0.0257661405516338,0.0664279966111126,0.0934105333474947,-0.124836314784161,-0.283704223234326,0.290177602060908,0.0275901602887795,-0.0967683425719128,-0.163950037643836,-0.438514986689981,-0.0059939422065358,-0.254160564812583,-0.0325509962666728,-0.106397994958017,-0.0271830035634148,-0.331089620330181,0.0863927505987387,0.120330175247578,0.145724527182795,0.133404954748109,-0.0608683939083766,0.237991148214222,0.127666030728173,-0.239091611676794,-0.0793052823514919,0.0434191321023678,0.0540403522221847,-0.10850640761711,-0.277454927414175,-0.0742782554337844,-0.470334537700189,-0.411755090193766,0.271947080807344,0.0637719716258763,0.0660003609317011,-0.00283168833712732,-0.0314639560703517,0.0780413011511003,-0.155226811370503,0.0919623250806292,1,0.256178689752231,0.0335164162524459,-0.0638956554542372,0.0807472443746208,0.117565003298048,0.0450506613275053,-0.0516911768916846,0.000867076084135754
"Paraxanthine",-0.64284928621001,0.203452444863652,-0.331820727151998,0.267391094091129,0.087525479521753,-0.234881490505412,-0.354586450504634,0.194033861333077,0.410485153797328,0.436535377952026,-0.175921395125992,0.0947117590935376,-0.0206074529608833,-0.370448754105785,0.690191164016664,-0.436283031433386,-0.210503356402974,-0.002621047627198,-0.0112847765422687,-0.134959489223408,0.401876987385987,0.0748701155991114,-0.28404283229078,0.483789606628848,0.0499279486442022,-0.157984463564229,-0.281203446072684,-0.163955926833024,-0.159091488743162,-0.0230907164282473,0.252927886340451,-0.0658418506909569,0.15267457656947,-0.0368578777020069,-0.278195585112175,-0.0214183762529663,0.476577063215306,0.154396386836363,0.0771101418853807,0.0404845214503373,0.36891127216067,0.213002406029299,-0.0659160900877468,0.311901178521034,0.221418685908847,-0.0194956745329051,0.151068997242847,-0.371364589479878,0.111403797510399,-0.236552338828832,0.214176203631958,0.179651631831502,0.179220462520792,-0.0661701014538139,-0.232094105706058,-0.336897611131046,-0.224573860522632,0.48709666993942,-0.204716614679319,-0.0379542801152216,-0.174223089497984,-0.0315734879990196,0.0805640517199541,0.0475685765947318,0.0062200335633565,0.0714984009396823,-0.148360994440521,-0.0409407671761744,0.108689147433157,0.0559066697991607,0.298312747533511,-0.0168980400203634,-0.206551242410408,0.179828535426612,0.00061706590050715,-0.0747055559293072,-0.136023148358943,0.296395941887421,-0.139064581843296,0.0687303218868073,0.509011838977347,-0.0479439073686402,-0.162341897975943,-0.0796671010612343,0.011815169607393,-0.0283211408758537,-0.129894114933383,-0.00474554564372335,-0.20710236430973,0.0627979784475791,0.13789293961871,0.145189616235642,0.0617954103966889,-0.321157854908928,-0.00619414886646868,0.203053995815602,0.145795352495624,-0.340193253436386,0.267422477948919,-0.384163692924693,0.197251706723993,0.167252958840857,0.150801742471613,0.309547538731927,-0.0992367412858031,0.125226404335304,0.128064111586294,-0.0731094773035362,-0.321257874617974,-0.46375716759281,0.0409909950315017,-0.277437528048003,0.142841378464868,-0.016614734078434,0.38465064651963,0.443464324435858,-0.0516675220189355,0.171337182676486,0.221412258354446,-0.030257359996685,0.0109995446274117,0.0452848687608014,-0.0123285749937846,-0.29926300864322,-0.354719265570355,0.0738937989138745,0.051617640082681,0.256178689752238,1,-0.125126462083357,-0.102834226555603,-0.344249760155088,0.0658476878463333,0.480707252250813,0.20081314188362,-0.250919038205589
"Theobromine",-0.335465583927349,0.0425419807018246,-0.259070246954252,0.00939817466218495,-0.302554425307069,-0.148606873186783,-0.0654639405242202,-0.125468151078931,0.00257636706464801,-0.13615542854037,-0.250445496609966,0.105937279764671,-0.188818756067873,-0.132144282625702,0.0261081712530076,-0.0779134666196686,0.062615675082933,0.223532240708382,0.174511551777236,-0.181642834386241,0.406235599629256,0.0572837801026147,-0.228516227470588,0.224610375795648,0.267325950621825,0.153408713859022,0.095301297830458,-0.0178353542409396,-0.435084893069914,0.189683105989192,-0.306491978868388,0.103980073115105,-0.214600264906694,0.178477584101977,0.097716849369749,-0.421093727432515,0.0506649381990402,-0.249046520493519,0.0878571541688834,-0.154588970545489,-0.134933761225557,-0.0879773724505439,0.0333908381341922,-0.188742788613786,0.175936389159681,0.0488392040226198,0.35851202196637,-0.50728867294022,0.190195581337358,0.0590191591517389,0.0838126979660324,-0.13622633747434,0.00152081115974897,0.447585443249806,0.273237713518932,-0.183021118354533,-0.132913815974531,0.0531873821545665,-0.175131015811456,0.0819525551935817,0.087478537458453,0.120179538999129,0.329512534008461,-0.0779212799959428,0.0396770517055731,0.260481394444406,0.0849079670531018,-0.217545513782888,0.296151017671244,-0.46632648459627,-0.110263204313297,-0.0251446048382583,-0.220454597122686,-0.154756811368246,-0.48828189024885,0.35337240791697,-0.221017328873569,0.416102246548318,-0.093429035283325,-0.0941505232851585,0.0282474841734717,-0.217405201702329,0.0231470946556696,0.115649291430346,0.0305113486480799,0.0111700023547565,-0.234242015218099,0.0924115552892662,0.0585744055532655,0.00864309911618737,-0.410345628071574,0.242885382180246,-0.229037726024267,-0.382715374379754,0.230948136072706,0.385043057602839,0.0399610440355554,-0.178383107377902,0.0307534861819614,0.149943567574966,0.0718612768119792,0.215071999114642,-0.060773683782101,0.0590659592831768,-0.0853811619576563,0.116595255654581,0.154665348392485,0.362510490352974,-0.0714068164943057,-0.144848207017381,-0.171576686806138,-0.0401541163525448,0.258662290941401,-0.0822389688645416,0.226689109949885,-0.0299790182159112,-0.109957311379152,0.0627336520457793,0.459955935767392,-0.198756193560954,-0.00339961947061024,-0.212382281891885,-0.0955347130379914,-0.0817103964250937,-0.251375886535346,-0.386452100184379,-0.219665587952188,0.0335164162524442,-0.125126462083347,1,0.174223869829507,-0.236135441153036,-0.0960144938667771,-0.0576240045422908,0.455426684891667,-0.336564606286874
"Hippurate",0.0309595380116805,0.0246400818859675,-0.0378180167487138,-0.0902470123735535,-0.311456889322068,-0.209180437687829,0.156370754030504,-0.11412143768182,0.0624440640954926,-0.132545318775404,-0.0735116366268301,-0.0892792386267917,0.0875539594169447,-0.0187498888338503,0.0258576225065641,-0.0211364464358848,0.320146703356152,0.131858799179391,0.0661664013344605,0.143562357658342,-0.0830729417723385,-0.209495106730741,0.0931123833027108,-0.149898610128402,0.0217466017637673,-0.116992262357925,-0.0710743298643416,-0.169743888324439,0.103413911546396,0.0743408316138502,0.296037511982544,-0.158661354587146,0.0412424513713616,0.233439636174455,-0.109105023907404,-0.171017533142069,-0.105374223467172,-0.0241836704052597,-0.0645871520485789,0.197841728588297,-0.0820398849680219,0.359926501010594,0.376496280650486,-0.0317082616983638,0.0623089692793192,0.107584585075584,0.278334357709759,-0.0749503960554539,-0.0294853110964303,0.23087039538273,-0.205921987397301,-0.202182904817991,0.0187871323097957,0.207830979184419,0.152974022960562,-0.00888568882933573,-0.0325690038150266,0.135878814838848,0.0402526515670241,-0.027791840066335,-0.0650535675037434,0.0792025533042454,0.123062361493634,-0.198214024964667,-0.224195477660037,0.0484148454802734,0.116551109695548,-0.155764334177524,0.244378275543098,-0.0954952714850695,0.11553778134129,-0.315813879947094,-0.0527149345072798,0.0854468883216364,0.169037060064418,0.0836408756743403,0.0275045762618932,0.0926306852953918,0.0799559057775739,-0.0588075712123642,0.180342574197969,-0.133231917293791,-0.266923676511135,0.165389458617331,-0.0853295262207903,-0.0818149386688028,0.042370722546731,-0.29891095537666,0.325801721477052,0.123125182771442,0.372390672060025,0.265071971025088,-0.123309052032664,-0.140677198380088,-0.0950397555494172,0.207884605748792,0.0150584498277823,0.0632502424505306,0.0340493518581859,0.0943465754876304,0.253290712771687,0.0339668057626069,-0.156712043718725,-0.0156230948319864,-0.0183325625095634,0.119730065912775,0.0999197595673749,-0.0723183651280279,-0.178096565144966,0.139826068190045,0.256216299680927,-0.0663461848307003,0.179938717954114,0.254773669479447,-0.202094066185773,0.149620041170414,0.442298488503839,-0.0352135471251545,-0.0303001450238824,0.159929501035827,-0.31220360847022,-0.116293090099149,0.0178785678780854,-0.307023255941095,-0.083608806749122,0.15941405773764,-0.26247730632749,-0.0638956554542384,-0.102834226555601,0.174223869829505,1,-0.264815457061034,-0.245940122217747,0.371941018403032,-0.332626271501763,0.164823506266274
"Salicylate",-0.30530350036448,0.220077105255601,-0.183192494794397,0.0876995430279252,-0.147067058892632,-0.209465373204284,-0.139425503256145,-0.0555142660890278,0.344032180795868,-0.040348454027408,-0.175730521819355,0.160001722897626,0.053195220401965,-0.162973961329433,0.232532334991293,-0.206730679330951,0.00321349780558946,0.0966057757036147,-0.0022268862996949,0.0992536661235536,0.22754723814604,-0.0207147729661049,-0.00187236134683314,0.307218160345775,-0.0389982054701271,-0.0281652433233469,-0.165268111375835,-0.242619108393459,-0.20752644083392,0.317064095130321,0.0287124299210457,-0.139257455325809,0.101117084846229,0.155442828711993,-0.0728426708019028,-0.261469867760465,0.192679891427657,0.0606476234044009,0.0448635028536941,0.0232505059365787,0.306442139086925,0.109307018493636,0.120384662873616,0.0217808398011983,0.325296111045317,0.172699782346141,0.374157784332146,-0.248432148853831,-0.0502029932151176,0.246589981270955,-0.0416882665918001,-0.227880187706861,0.26782179502918,0.14435084003614,-0.0553021642763984,-0.183001050661992,-0.268027345521513,0.392699869463386,-0.139924238126276,0.256346209587005,-0.306058778517879,-0.0149240012556956,0.324158238201485,-0.0690947571678586,0.0478193688439772,0.0668737387575552,-0.105571711836418,-0.436096274009074,0.0547013471453876,-0.0925122608780906,0.102487809165494,-0.202970532548073,-0.0467494839625459,0.338524813990399,0.13872579184954,0.199593472189035,0.0737972721907674,0.242580784313296,-0.223682048751677,-0.132075086727627,0.320747572957764,-0.10801229061573,-0.231131555249525,-0.0501507292756622,-0.0526460942573862,-0.104169445289194,-0.230069044382783,-0.117643185173905,0.0770175533261055,0.117156281138075,0.0846756712912702,0.354510211952138,-0.0433131367098105,-0.233443204970927,0.253292715447961,0.404065117193656,-0.0346693955060688,-0.0384387964552771,0.196719973919201,-0.0239713655479823,0.399080766200324,0.411700890966412,0.0402438848039454,0.177184272542973,0.0264615558017247,0.135685175342338,0.134780549695355,-0.0617026509292622,-0.147945290219202,-0.152616087829884,0.015275776051494,-0.0785365120963706,0.00570133826249335,0.132730653538753,0.192301318204121,0.471539504727514,0.0983028464859383,0.363695056418395,0.212348374645717,0.0558466189706398,-0.187923867950146,-0.0424364295393577,0.0506598972925594,-0.393525563840822,-0.135185071508558,-0.0471431131325556,-0.17082027262952,0.0807472443746224,-0.344249760155083,-0.236135441153035,-0.264815457061036,1,-0.33569742089675,0.22191697339187,0.0766276627163334,-0.132032076985671
"Citrate",0.0601495525431888,-0.078115463735853,-0.122963455522126,-0.257095831596381,-0.285919185371853,-0.218963072773763,0.30358569589466,-0.140652490643315,-0.185729796174825,-0.307595690967419,-0.0103429687504044,0.171402825669198,0.0225175833157868,0.0716483454003987,-0.208383638072067,0.179617000771685,0.388073911329859,0.236062984542677,0.0189159254053059,0.221380919643044,-0.156757562508663,0.0181495943551975,0.327633891537932,-0.0475672101659783,-0.0395120886765368,0.263696542192333,-0.207823872331714,-0.261912947025111,-0.037573678357517,0.259445964888308,-0.0844912252048985,-0.394937085351417,-0.252865940195158,0.163045079140083,0.0441141633719976,-0.365012696286921,-0.247452243939029,-0.0766797748935633,0.399302991315471,0.0381370416034781,-0.0735707554073945,0.1254139153583,0.366687420870307,-0.334881126107861,0.062810223716587,0.220086165079708,0.146904812549193,0.0737689536059257,-0.233534851664293,0.200607518185418,0.00778136806404312,-0.434601551775939,0.395207623145965,0.306666348290456,0.281301242109049,0.114828110458216,0.167708332208862,0.149711741199232,0.415778535665842,0.0312787808405999,-0.467480989070179,0.0385279186700816,0.338081672090404,-0.180303257377293,-0.378454665330104,0.00970899722441387,0.0264894667724276,-0.412579293771962,-0.0672563028784166,-0.24514278569826,0.100150555077606,-0.126128651068361,-0.0234213425960226,0.0910458562428335,0.184513316113857,0.0743783833977795,0.205488482618846,-0.0312273958842281,0.126989598426809,-0.445160690644349,-0.204554022635746,-0.187184329424354,-0.404650010713397,-0.162561214780008,-0.223756741437081,-0.00867087895656669,-0.255347130761878,-0.14322414970787,0.304996959033654,-0.0123085365429838,-0.0244854134974218,0.373148999248577,-0.287667937925882,0.128635011415716,0.34872416561774,0.3536635185873,-0.00582474149598702,0.166441187115179,0.212936572930983,0.314683898564159,0.371796794587149,-0.158839310930276,0.246557558809037,-0.416107328832096,0.143113061173182,0.0787676849728678,0.16584274023989,-0.222154631133374,0.195705219597293,0.410003626913228,0.275798382373113,0.313425117192216,-0.188872243994894,0.185992454588845,-0.102340449243081,0.303265450184169,0.320744516230313,0.3046689010942,0.250980580541225,0.0626263994804172,-0.143333220571497,-0.364713157773846,0.0639210409880396,-0.0667091132190733,-0.119988723197811,0.276543444310231,-0.372752707185803,0.117565003298036,0.0658476878463452,-0.0960144938667732,-0.245940122217746,-0.335697420896745,1,0.14379263653248,-0.189353907447667,0.127474004478693
"Succinate",0.355953662363149,-0.206830753357867,0.33671151286448,0.0919773212794938,0.155297632782572,0.454148204776566,-0.0831909792017397,-0.0747119077548064,-0.275468432221819,-0.137104288099956,0.025716816580728,-0.113008963168682,-0.153450537045509,0.279639331661334,-0.390731126797888,0.314236762399918,0.00169369680391052,-0.19147972702245,-0.148154474882656,0.0349968602707112,-0.148197549565529,0.0679025579754223,-0.00130070606532339,-0.198404134391485,-0.0641400680517616,0.120760232046015,0.418768318985881,0.15021595645714,0.137414267217544,-0.159062031094258,-0.333654317497094,0.193159998036499,0.00980038092574933,-0.255611512807174,0.14436460041328,0.00654858365847213,-0.10132894429164,0.0819322978246989,0.0173163104122187,-0.0270226216284297,-0.0202789444183429,-0.304716458971841,-0.336147570538404,-0.159995017165629,-0.0542910227545811,-0.238980359504611,-0.24957672854649,0.169745385763911,-0.0304741506344927,0.0291361102364648,-0.03962364626003,0.133805481968237,-0.138704923042934,-0.115010969770701,0.0325146901222212,0.17510369858477,0.0848540477744832,-0.344986358024016,-0.0116273409653044,0.0692106859031087,0.129537467939004,0.110114440944991,-0.282871396065236,0.194468121242812,0.258755710599263,-0.106377685764737,0.0523210840348217,-0.00619984279693179,-0.0858553330211403,0.236602919288974,-0.341969894959859,0.0863676668972801,0.154469133062072,-0.135115879147388,-0.206628804357829,-0.102034298845944,-0.00217661258484533,-0.199037550838195,-0.151224255507632,0.0251891597224691,-0.300100300658659,0.306778187537985,0.428085677394603,0.0369176693964873,0.250079784787193,0.117647385480864,-0.010193548330132,0.11905494614992,-0.168127782694625,-0.0433452770589568,-0.225097597530463,-0.270139432679441,0.127962549784832,0.287782114283304,0.0214895478348862,-0.406014956210173,-0.000510698554005247,0.198967654863914,-0.0331710416575151,0.211722152400331,-0.239282995034105,-0.0335107401670041,0.0669016145913635,0.0152781951290555,0.0233367917973452,-0.174102568124391,-0.231721009934064,0.0147215068529846,0.251933106484542,0.116448152194489,-0.150315967821348,0.159011855159143,-0.130060817879506,-0.336551706001983,-0.032959960450863,-0.320053583307645,-0.222434788475599,-0.0553273248463712,-0.12819871458635,-0.0792015553831752,0.156463849224448,0.0770768547741266,0.183312601233809,0.475046284045235,0.355922514163888,-0.142681501095128,0.2396899600793,0.0450506613275052,0.480707252250811,-0.0576240045422811,0.371941018403032,0.221916973391874,0.143792636532486,1,0.0253444385654258,-0.042180284243272
"Fumarate",0.450312804578523,-0.271495916851962,0.308611431329298,-0.0837488670638684,-0.00613760479808644,0.124186722639617,0.330765949485948,-0.0695548579457575,-0.0580803719928989,-0.0584540511002854,0.413907758912692,-0.0832993638510556,0.257912825490949,0.129964373986552,-0.151969757919331,0.124333757623711,0.171392677264647,-0.17034072911582,-0.214968225790028,0.469317502407757,-0.488811391887326,-0.0566351307692939,0.309513562115329,-0.431243645996998,-0.239362852445947,-0.0681634843211378,-0.0371937365526196,-0.0359825959399749,0.358671672607977,-0.100932471079338,0.110865284676081,-0.502528982657135,0.112989606797839,0.0820155169252447,0.0553250478232399,0.0883136375660751,-0.14024043845475,0.0856778725009191,0.00690845093040229,0.194179653825054,-0.0894791715593278,0.209691931114141,0.0963878181100755,0.0202380931583022,-0.0422675085557355,0.0338859657012488,-0.19351345514745,0.465975995092013,-0.159274946080377,0.177175096247662,-0.282159770810257,0.00600217046485335,0.13899269362262,-0.209641315226392,0.0998404521960415,0.29911236564276,0.0613595108402796,0.00424773749117483,0.444913535885354,-0.166487278760396,-0.33347742035121,-0.00304139373382323,-0.0208499630663676,-0.0943335937565643,-0.160720020271086,-0.142299252830814,0.142165049174532,-0.0673783490556187,-0.0905492873667629,0.335497697676823,0.0190437605111544,-0.0953097178487453,0.104491027806323,0.239833586950582,0.549536046368652,-0.407722457706966,0.0225954802022933,-0.28314330132823,0.180800498591347,-0.164944117449412,-0.110265448578086,0.104726522960987,-0.281903998216788,0.0292431751125954,-0.109464014660694,0.0513974960691207,0.0826889143480138,-0.162408410810444,0.169449587697634,0.0483014378829878,0.483017894061864,0.0734979814568763,0.0438296298299095,0.399645354914597,-0.00489758519694402,-0.0888966967013998,-0.14119983986069,0.198721703937973,0.0334125740241808,0.217401930346748,0.154451876451732,-0.227220806998829,0.0367456983362521,-0.173356754537026,0.329290369188421,0.0106111999954489,-0.16069541508817,-0.30463527472094,0.281955430356306,0.25273933709157,0.406612656835087,-0.0327181959841982,0.0381823239109795,0.186378920307883,-0.262683254605725,-0.0310441658418751,0.442774855671494,-0.122296846320456,-0.257126912415413,0.139328105884535,-0.11404958984129,0.187794607066,0.0736740138682433,0.0480821116650292,0.415426238482799,0.452122653994779,-0.0615484469304797,-0.0516911768916847,0.200813141883613,0.455426684891669,-0.332626271501763,0.0766276627163378,-0.189353907447662,0.025344438565432,1,0.436111419796215
"Alpha_ketoglutarate",-0.232317938187904,0.300606254197629,-0.255063550013412,0.174520584062105,-0.0661289362755541,-0.0980535062288883,-0.271232011724554,0.226345317005996,-0.00172741180716914,0.128799861586062,-0.238564915526637,-0.0480447391728757,-0.306291928826455,-0.227676370696674,0.165534210774371,-0.122938442009196,-0.135920633519703,-0.0211428632423332,0.244794319041024,-0.354641571420684,0.296993089917143,0.167093007234054,-0.340956509971696,0.388192248766369,0.240378157952827,0.00681492664213668,-0.115051972051863,0.0263794910362171,-0.274643480243232,-0.183750219384439,-0.211191698718096,0.238169691603614,0.0290112984667233,-0.21358255020678,0.0799563201438467,-0.0544949789682709,0.163678123769814,-0.0104776605296823,-0.0618327907329594,-0.105991406952791,0.0466665105105275,-0.185762530452315,-0.036169930646895,0.115235701434878,-0.0312937754220291,-0.216943700584967,-0.0241309334296231,-0.369117186869101,0.350871302849213,-0.17762756201136,0.276285277918438,0.193362398688764,-0.221285672624122,0.107552352512105,-0.154751479884916,-0.231648412033913,0.00447993565785791,0.141114954823552,-0.298577978561897,0.0312913714496482,0.168595336994908,0.0358233819880248,0.0255285610938963,-0.108053571237065,0.17084894074461,0.182336760201326,-0.107900396932,0.0696770600387441,0.0140632668139382,-0.237485357305502,-0.12650597753996,0.00934875753711131,-0.103138048285016,-0.0972697981424242,-0.35681124335216,0.134188036545914,-0.190380738703918,0.246278548562946,-0.0347075381330599,0.135073097856069,0.0202269979469474,-0.0583805300035444,0.15156560717481,0.0993204741043889,0.104700181317498,-0.0644270291511479,-0.0106503753524428,0.0171506590780588,-0.205546108086279,-0.0206621842645817,-0.1067388594107,0.12217987306113,0.0249923069726304,-0.325348745663388,0.153893382939793,-0.0133691032777011,0.218362794504751,-0.400712656707201,0.017394220596488,-0.0211715102219267,-0.149787914404155,0.114729819798183,-0.0189227915016592,-0.031153511019072,-0.181205010789716,0.0039722690172885,0.12427736526182,0.144713092765431,-0.19899382480354,-0.107038943188647,-0.234168617894108,-0.0977691374639977,-0.0159939599074167,-0.248962288901309,0.212998551984467,-0.0109413061936445,-0.207734931333555,0.091825555369998,0.0430385608409948,-0.211631006340336,0.064998056187635,-0.0844529445511467,-0.0190032623703614,0.10600841873153,-0.343963269008732,-0.169440389927968,0.0935080980454752,0.000867076084138843,-0.250919038205591,-0.336564606286879,0.164823506266275,-0.132032076985676,0.127474004478693,-0.0421802842432724,0.436111419796222,1
