"SNP","CHR","BP","Metabolite","Beta","SE","P","Covariates"
"rs10112030",8,6668233,"Glycochenodeoxycholate",2133.09838128116,246.722592329717,6.5052728234081e-15,"None"
"rs7722362",5,51408289,"Hippurate",457.819970949064,66.8134954781303,1.64191683796489e-10,"None"
"rs16930873",9,13763241,"alpha.Hydroxybutyrate",419.825804714153,61.3223384966702,1.69549426356508e-10,"None"
"rs10506868",10,114309370,"Uridine",2251.56227649285,337.019405348179,4.08924432730863e-10,"None"
"rs1453505",16,16878868,"alpha.Hydroxybutyrate",391.988480871159,60.7034007270459,1.31923777505612e-09,"None"
"rs34919777",18,50571002,"Tyrosine",284.770526115956,44.3501597281406,1.59416301300849e-09,"None"
"rs9443050",6,63554706,"alpha.Hydroxybutyrate",389.822006457724,60.7670757427593,1.64396043339681e-09,"None"
"rs6966547",7,41541216,"Hippurate",492.76761414007,76.8579376514042,1.67499329942228e-09,"None"
"rs13434465",4,8441848,"alpha.Hydroxybutyrate",372.056354019468,58.2688684544593,1.91845406151221e-09,"None"
"rs10936743",3,174256037,"Propionylcarnitine..C3.",1574.73626464608,247.326007388841,2.10652776606779e-09,"None"
"rs2275753",1,203894696,"Glycine",885.913535112253,143.53544773224,5.70955373912866e-09,"None"
"rs12438191",15,76990629,"Isovalerylcarnitine..C5.",538.588865238458,88.1235096174641,7.74657617328259e-09,"None"
"rs1215411",5,3204931,"alpha.Hydroxybutyrate",333.433699726112,54.9663867085227,9.74517476140865e-09,"None"
"rs8059887",16,85652900,"alpha.Hydroxybutyrate",372.660229061992,61.4887996993933,1.00189268342665e-08,"None"
"rs2487372",6,40587968,"alpha.Hydroxybutyrate",333.03348265073,54.9821397439254,1.01963663423215e-08,"None"
"rs17801149",20,58286392,"Isovalerylcarnitine..C5.",513.343990307455,84.8607853482494,1.06070048688896e-08,"None"
"rs13116847",4,189922979,"alpha.Hydroxybutyrate",325.592944108092,54.1332371971705,1.2611986708321e-08,"None"
"rs6729316",2,216441026,"Hexanoylcarnitine..C6.",346.930974005858,57.7479461644393,1.30596483729521e-08,"None"
"rs6509019",19,47782093,"alpha.Hydroxybutyrate",369.452803072861,61.6143555044299,1.38286368772133e-08,"None"
"rs291799",5,96767581,"alpha.Hydroxybutyrate",349.428591406833,58.2903395584546,1.39387723579311e-08,"None"
"rs16834635",1,163006475,"Hippurate",494.241153131646,82.5388238311073,1.44078756119125e-08,"None"
"rs7203791",16,50593116,"alpha.Hydroxybutyrate",319.968509732204,53.5927337367511,1.57287544344373e-08,"None"
"rs12327670",19,37494099,"Paraxanthine",584.507641321127,97.9583722988699,1.60028775014669e-08,"None"
"rs9875609",3,117385410,"Paraxanthine",633.185266332885,106.896949498248,1.98670835704586e-08,"None"
"rs13438707",7,77491157,"alpha.Hydroxybutyrate",353.039594484008,59.6763482849561,2.06105007024862e-08,"None"
"rs2678298",2,153100954,"alpha.Hydroxybutyrate",345.505593078892,58.4419921782317,2.10188141102371e-08,"None"
"rs16989065",23,30393173,"Glycochenodeoxycholate",1441.51011676924,244.586518745436,2.30065588107359e-08,"None"
"rs958535",5,82639636,"Isovalerylcarnitine..C5.",685.252657329968,116.589542441169,2.49191290300155e-08,"None"
"rs9808399",2,178404874,"Oleate..18.1.",776.867557738488,132.606980602954,2.73720788345793e-08,"None"
"rs9468645",6,29940846,"Glycochenodeoxycholate",1065.34802398953,182.185796794708,2.88698475905931e-08,"None"
"rs41488847",14,71550353,"alpha.Hydroxybutyrate",346.214505142446,59.2940967344599,3.01240660387468e-08,"None"
"rs6035924",20,21610517,"alpha.Hydroxybutyrate",361.21110216775,61.9045091257666,3.07163696856389e-08,"None"
"rs2824011",21,17035528,"alpha.Hydroxybutyrate",271.810134819453,46.6314684728954,3.1645822309004e-08,"None"
"rs2451374",6,34067974,"alpha.Hydroxybutyrate",322.585120960988,56.2491660106029,5.00748328393676e-08,"None"
"rs17121392",14,85178188,"Uridine",2187.48669005218,381.654710048898,5.08956447426809e-08,"None"
"rs9630111",10,89834492,"alpha.Hydroxybutyrate",363.870396317514,63.626717350042,5.41473249795393e-08,"None"
"rs6985032",8,130740930,"Linoleate..18.2.",961.454250809033,168.459502021435,5.72522351093396e-08,"None"
"rs3758245",9,4669078,"alpha.Hydroxybutyrate",297.689531358933,52.1818151550732,5.79443016268119e-08,"None"
"rs6006951",22,43961771,"alpha.Hydroxybutyrate",342.016023371856,60.1127411758029,6.23917582913823e-08,"None"
"rs396662",13,39545834,"alpha.Hydroxybutyrate",334.312174543162,58.8854494131513,6.61965562972567e-08,"None"
"rs10969339",9,29723159,"Hexanoylcarnitine..C6.",330.79811795979,58.3366035615189,6.84143007125219e-08,"None"
"rs519413",11,125074856,"alpha.Hydroxybutyrate",344.261983535773,60.8876498409012,7.40651105758312e-08,"None"
"rs10494137",1,111928822,"Glycine",728.668735981416,129.104930448472,7.77379858591869e-08,"None"
"rs17067210",13,76584034,"Xanthine",1093.92748904043,193.828678899849,7.78197689212831e-08,"None"
"rs300122",6,166324325,"alpha.Hydroxybutyrate",359.642456466713,63.7826198478611,7.97995627541149e-08,"None"
"rs1867027",9,32866777,"alpha.Hydroxybutyrate",330.793776058466,59.0143343398936,9.36171692086178e-08,"None"
"rs7341232",6,11999623,"alpha.Hydroxybutyrate",341.453218326202,60.9902654616912,9.67297219362487e-08,"None"
"rs1256717",18,70224932,"alpha.Hydroxybutyrate",357.003393764153,63.8539516490456,1.00290978555431e-07,"None"
"rs12461154",19,9934324,"Tyrosine",193.737413007813,34.6583486606138,1.00779899257307e-07,"None"
"rs12776610",10,108854723,"Pyridoxate",793.104876835322,141.944403274362,1.01986552089588e-07,"None"
"rs17817461",8,13314065,"Gulono.1.4.lactone",835.766070764239,149.580285870669,1.01998917585456e-07,"None"
"rs13029887",2,237423445,"Erythritol",860.655507477867,154.328441158358,1.0731738985608e-07,"None"
"rs11101349",10,49385114,"Hexanoylcarnitine..C6.",254.374898365437,45.6855220679467,1.1193751919075e-07,"None"
"rs848519",2,36605505,"Glycochenodeoxycholate",1320.05470646931,237.480889224592,1.17062875812149e-07,"None"
"rs6903596",6,89690059,"alpha.Hydroxybutyrate",300.957371789407,54.3031652488115,1.26579712225331e-07,"None"
"rs12881307",14,99539809,"Hexanoylcarnitine..C6.",294.09559475386,53.0890259597283,1.28096106117771e-07,"None"
"rs1702405",21,30914735,"alpha.Hydroxybutyrate",321.023861862645,57.9506488802538,1.28133053238359e-07,"None"
"rs201363",12,97768957,"Hexanoylcarnitine..C6.",309.142531935971,56.0085942893878,1.409499009087e-07,"None"
"rs11640087",16,76899423,"alpha.Hydroxybutyrate",297.998472835246,54.1079047434597,1.49259741902355e-07,"None"
"rs4468012",9,85127575,"X1.oleoyl.GPC..18.1.",145.480262825702,26.4310041112628,1.51637445939569e-07,"None"
"rs6086545",20,863863,"Glycochenodeoxycholate",1205.76437310132,219.081378034129,1.51942327974209e-07,"None"
"rs16914496",9,100078523,"Uridine",1589.72517253635,288.993752793435,1.53994355740177e-07,"None"
"rs2826175",21,20620980,"Linoleate..18.2.",1003.67914667355,182.570080383788,1.56493334030498e-07,"None"
"rs11701620",21,43474442,"Tyrosine",211.893302819197,38.5996903261897,1.62529817680502e-07,"None"
"rs7584378",2,49889892,"alpha.Hydroxybutyrate",314.728854935939,57.4463682310994,1.71091078962418e-07,"None"
"rs1425124",7,37414730,"Hippurate",459.420422231736,83.8673219162377,1.71668084314078e-07,"None"
"rs10413542",19,17649940,"alpha.Hydroxybutyrate",335.232598795386,61.2139386076013,1.7291696112612e-07,"None"
"rs17085776",13,69428901,"alpha.Hydroxybutyrate",221.957589259456,40.613767818547,1.82419859121392e-07,"None"
"rs7170706",15,64707615,"alpha.Hydroxybutyrate",295.126952132469,54.210007505632,2.01348501222869e-07,"None"
"rs7849557",9,134071192,"alpha.Hydroxybutyrate",294.752556244283,54.2232329789155,2.09303547003498e-07,"None"
"rs3808368",8,32622618,"alpha.Hydroxybutyrate",326.079666420854,60.0307378235992,2.13309241819395e-07,"None"
"rs307238",11,13451340,"Glycine",780.858234210142,143.90989610365,2.19263293184116e-07,"None"
"rs10507319",13,22462568,"alpha.Hydroxybutyrate",346.986273968981,64.2115177889349,2.43364236404045e-07,"None"
"rs17108004",14,78180904,"Isovalerylcarnitine..C5.",599.892629703404,111.112236244511,2.48925938286232e-07,"None"
"rs17034099",3,11195006,"alpha.Hydroxybutyrate",323.74043586316,60.112894845984,2.65087533781882e-07,"None"
"rs2077733",10,95371358,"X1.linoleoyl.GPC..18.2.",82.1576941435982,15.2599900406959,2.6717570426655e-07,"None"
"rs9311665",3,58015066,"alpha.Hydroxybutyrate",319.496025605333,59.3951240802518,2.73111846519381e-07,"None"
"rs4635207",13,31290752,"Linoleate..18.2.",1222.6708822712,227.407093805543,2.76436689160075e-07,"None"
"rs12325384",16,55011612,"alpha.Hydroxybutyrate",319.169146232893,59.4065349178083,2.81579986362444e-07,"None"
"rs7354853",1,168393347,"Erythritol",855.602351558671,159.39292251079,2.87888117728042e-07,"None"
"rs13148238",4,144067928,"Glutamine",172.168835692673,32.1127106413236,2.96738663257403e-07,"None"
"rs669733",1,78639573,"Propionylcarnitine..C3.",1459.80188989832,272.392909654415,2.99819696918081e-07,"None"
"rs16953594",15,44383081,"alpha.Hydroxybutyrate",302.910289606332,56.5551872736156,3.04276217298651e-07,"None"
"rs7265548",20,13211291,"alpha.Hydroxybutyrate",344.073443793668,64.3132183389606,3.12972907100995e-07,"None"
"rs647575",13,51371717,"alpha.Hydroxybutyrate",335.986500502688,62.8201122937822,3.15275730966691e-07,"None"
"rs877316",5,19400480,"Oleate..18.1.",697.368777103299,130.528931746351,3.23834038106459e-07,"None"
"rs11173546",12,38461138,"Paraxanthine",533.503732816994,99.8791637584596,3.2556538785983e-07,"None"
"rs12053941",3,191164935,"Uridine",2106.08415972779,395.686584905541,3.55435356259063e-07,"None"
"rs6659942",1,93076039,"Hippurate",383.866148056828,72.1271151226318,3.56308935730031e-07,"None"
"rs9986893",7,12930530,"Propionylcarnitine..C3.",806.509661523496,151.653461101864,3.62933983262902e-07,"None"
"rs135290",22,46851964,"Hypoxanthine",900.9059840895,169.477154718705,3.6685024437049e-07,"None"
"rs17074712",13,30025975,"alpha.Hydroxybutyrate",334.014128964909,62.8883742325675,3.74715509912247e-07,"None"
"rs10509798",10,107493731,"alpha.Hydroxybutyrate",293.07128362039,55.3268166622485,4.00064729080513e-07,"None"
"rs967877",2,192933592,"alpha.Hydroxybutyrate",308.893585375579,58.3771792867752,4.1085499970369e-07,"None"
"rs17084735",13,26309121,"Phenylalanine",1582.32187395316,299.163154375953,4.15020702161172e-07,"None"
"rs10499663",7,47608445,"alpha.Hydroxybutyrate",331.882163940011,62.9616250936875,4.50961754513473e-07,"None"
"rs7624884",3,169372993,"alpha.Hydroxybutyrate",306.022918833502,58.0779247323712,4.55150419523865e-07,"None"
"rs10177433",2,190608119,"alpha.Hydroxybutyrate",252.031621652528,47.8773577562411,4.65916852120332e-07,"None"
"rs1153014",7,62910986,"alpha.Hydroxybutyrate",339.138454214953,64.483205896605,4.76293842563149e-07,"None"
"rs4499454",2,49698,"alpha.Hydroxybutyrate",305.113691638618,58.0780011678648,4.89222678912942e-07,"None"
"rs9883552",3,167403252,"alpha.Hydroxybutyrate",319.721426275936,60.8836559608299,4.94123841352758e-07,"None"
"rs17196097",3,137090597,"Hypoxanthine",641.336212316521,122.168551952729,4.98118391463807e-07,"None"
"rs2322732",11,126661942,"Isovalerylcarnitine..C5.",510.026405403038,97.1668541407522,4.99556330631914e-07,"None"
"rs704525",6,65993936,"alpha.Hydroxybutyrate",295.752067223648,56.3494149870977,5.00561556747764e-07,"None"
"rs3898982",8,17905246,"Gulono.1.4.lactone",797.027159742946,151.920424837251,5.05636114886624e-07,"None"
"rs7195194",16,27176280,"alpha.Hydroxybutyrate",266.753994701959,50.8722281671306,5.12046878492347e-07,"None"
"rs9827966",3,8871114,"alpha.Hydroxybutyrate",290.645860497367,55.4367111206717,5.138550806668e-07,"None"
"rs17056800",6,97179958,"alpha.Hydroxybutyrate",316.38664140178,60.366608474241,5.18016527135753e-07,"None"
"rs2682594",19,48632616,"alpha.Hydroxybutyrate",298.509007342583,57.105775007708,5.51888328241862e-07,"None"
"rs11260666",1,5622221,"alpha.Hydroxybutyrate",280.468687566127,53.6620220886005,5.53722523705912e-07,"None"
"rs4725805",7,148650645,"Paraxanthine",595.233480078512,113.91344181141,5.56941839293128e-07,"None"
"rs12571935",10,98498311,"Hippurate",427.48773100775,81.8134509707476,5.57355100139009e-07,"None"
"rs9947634",18,10545576,"alpha.Hydroxybutyrate",315.33713016705,60.4022567562715,5.69069456986215e-07,"None"
"rs12955010",18,24964220,"Leucine",828.407398729489,158.781128337992,5.77817928156622e-07,"None"
"rs10960416",9,11978659,"Oleate..18.1.",758.763501667767,145.528857052438,5.87043848801269e-07,"None"
"rs7952054",11,96490299,"alpha.Hydroxybutyrate",238.476580606581,45.7473709989828,5.89558933438899e-07,"None"
"rs2616879",15,52002772,"Uridine",2068.02662024856,396.836792311868,5.93964661580905e-07,"None"
"rs7297442",12,95996436,"Paraxanthine",593.560075493615,113.97012753081,6.02859860261694e-07,"None"
"rs17158863",7,111246371,"alpha.Hydroxybutyrate",335.780392411411,64.5972201452347,6.31003300873815e-07,"None"
"rs9466768",6,10674064,"alpha.Hydroxybutyrate",275.994608058385,53.1483995360489,6.46059616017274e-07,"None"
"rs4140759",12,16505113,"alpha.Hydroxybutyrate",316.650140382318,60.987793740527,6.48664899094619e-07,"None"
"rs17694832",14,38929777,"Glycochenodeoxycholate",1063.62823532792,204.876930663272,6.50082759477255e-07,"None"
"rs17000668",21,41509081,"Pyridoxate",922.674926596838,177.904125779413,6.65671104446826e-07,"None"
"rs11847415",14,94953269,"Hexanoylcarnitine..C6.",262.787135564683,50.6785004570028,6.68667384512098e-07,"None"
"rs17132870",11,73638172,"Glutamine",193.768877831196,37.4642038622135,7.10405818611818e-07,"None"
"rs16991180",20,10096468,"Glycine",594.896838787401,115.075965909109,7.18567989260764e-07,"None"
"rs16891511",6,160711970,"alpha.Hydroxybutyrate",333.541992079796,64.6724786617482,7.59619237777238e-07,"None"
"rs11225166",11,101595677,"alpha.Hydroxybutyrate",286.390316132932,55.5535360706523,7.67224061628936e-07,"None"
"rs10099720",8,79571990,"alpha.Hydroxybutyrate",305.463722252691,59.3509094912935,7.97359896008669e-07,"None"
"rs10895178",11,101089600,"alpha.Hydroxybutyrate",259.164086630875,50.3837489133055,8.08073334387576e-07,"None"
"rs2823907",21,16900890,"alpha.Hydroxybutyrate",307.367932389198,59.831147237658,8.32459347929636e-07,"None"
"rs12514249",5,31738040,"Paraxanthine",534.111685119523,103.977306526215,8.34146541490714e-07,"None"
"rs4840096",6,100434037,"Isovalerylcarnitine..C5.",635.303999600522,123.697589757639,8.37429162732844e-07,"None"
"rs17103589",10,86269854,"X1.linoleoyl.GPC..18.2.",100.974953345367,19.6917077611534,8.68986373714538e-07,"None"
"rs11600901",11,117537196,"Palmitoylcarnitine..C16.",1137.50754510578,222.208740067752,9.03913866265901e-07,"None"
"rs2822704",21,14789617,"alpha.Hydroxybutyrate",309.595674717671,60.623140414032,9.55246496296221e-07,"None"
"rs2032155",21,19562828,"alpha.Hydroxybutyrate",305.513533484503,59.8709341796475,9.72768015078481e-07,"None"
"rs11176449",12,65527920,"Oleate..18.1.",805.342783117958,157.966667652759,9.93590092116194e-07,"None"
"rs16878863",6,88039784,"Hippurate",332.186878984277,65.1889365217274,1.00453793441177e-06,"None"
"rs4754276",11,107311199,"Taurocholate",146.214273553556,28.71333438352,1.02075549669188e-06,"None"
"rs2812343",9,34719805,"alpha.Hydroxybutyrate",329.862181264822,64.8194253713038,1.03592019760688e-06,"None"
"rs4745218",9,74961755,"Paraxanthine",569.119998045193,111.859656976348,1.04124455874905e-06,"None"
"rs16901935",8,128145727,"Oleate..18.1.",587.358042660749,115.528175430408,1.05873311119901e-06,"None"
"rs30401",16,78175230,"alpha.Hydroxybutyrate",321.709409758957,63.3035578141694,1.06880100800597e-06,"None"
"rs12111171",6,36192743,"Linoleate..18.2.",826.027655300181,162.558379855518,1.07164710758214e-06,"None"
"rs881186",18,31004956,"Uridine",1706.61139534183,335.984273893552,1.0812687696755e-06,"None"
"rs10494813",1,198624737,"Glycine",629.466641396428,123.986327898834,1.09368793801348e-06,"None"
"rs17091674",14,94508853,"Hexanoylcarnitine..C6.",250.671683561942,49.4209317889356,1.11722159117514e-06,"None"
"rs17198823",6,21922476,"Glycochenodeoxycholate",1010.49328058477,199.496459644783,1.15275409257509e-06,"None"
"rs9806181",15,23591163,"Hippurate",325.315949408443,64.2389351650181,1.15828268849809e-06,"None"
"rs919840",12,20962189,"alpha.Hydroxybutyrate",290.40341623938,57.3765299059087,1.17292128356041e-06,"None"
"rs288650",16,61152892,"Hexanoylcarnitine..C6.",236.97864187631,46.833539447642,1.18002207001315e-06,"None"
"rs6494571",15,64481612,"alpha.Hydroxybutyrate",283.233296536789,56.0280252924211,1.20581885963279e-06,"None"
"rs10513388",9,123856819,"Hexanoylcarnitine..C6.",304.454823993318,60.2328774760697,1.20895912523278e-06,"None"
"rs12004211",9,134081399,"alpha.Hydroxybutyrate",255.995812660522,50.6801106455853,1.22767117452682e-06,"None"
"rs871915",12,37785319,"alpha.Hydroxybutyrate",300.549651156412,59.513595699156,1.23379332385307e-06,"None"
"rs1397310",8,90690540,"alpha.Hydroxybutyrate",233.222779561683,46.2205189972042,1.25743885794629e-06,"None"
"rs17031482",12,100420774,"Hippurate",342.156282078722,67.8141009937663,1.25951454507351e-06,"None"
"rs11913160",22,45484501,"alpha.Hydroxybutyrate",269.257915645656,53.3723178418494,1.26293899538091e-06,"None"
"rs7236890",18,35771719,"Hippurate",387.86633334971,76.9381020274357,1.28361673819714e-06,"None"
"rs7359590",17,68798755,"Palmitoylcarnitine..C16.",876.050429199324,173.789950029086,1.2860354902274e-06,"None"
"rs2725663",8,5505734,"Hippurate",361.742487428505,71.7690768842517,1.28886890595918e-06,"None"
"rs6094023",20,42769634,"alpha.Hydroxybutyrate",235.330290808395,46.8648752642707,1.4027276227428e-06,"None"
"rs7052616",23,43228260,"Hexanoylcarnitine..C6.",250.939228519918,49.9989444680964,1.41896564153971e-06,"None"
"rs16863008",3,174508668,"alpha.Hydroxybutyrate",295.254554116544,58.833676791906,1.42168888270972e-06,"None"
"rs6462122",7,29104156,"alpha.Hydroxybutyrate",304.957783445401,60.7755967016235,1.42611149681862e-06,"None"
"rs1976131",7,3060662,"Glycine",674.267755827281,134.378990606733,1.42680952307593e-06,"None"
"rs4900116",14,91898133,"Hexanoylcarnitine..C6.",291.299048381925,58.0823974951485,1.44210245283656e-06,"None"
"rs9837304",3,14598564,"Glutamine",140.286462060625,27.9823830658378,1.45431673106749e-06,"None"
"rs10483185",22,33604183,"alpha.Hydroxybutyrate",310.826511760365,62.0446164339787,1.4782853951184e-06,"None"
"rs17350827",15,80037058,"alpha.Hydroxybutyrate",304.217177007036,60.7714495588463,1.50360164624849e-06,"None"
"rs17126801",1,64870751,"Hippurate",367.504292817,73.4180232297779,1.50549096997865e-06,"None"
"rs7586519",2,115319473,"alpha.Hydroxybutyrate",267.363634483365,53.4341186854662,1.51918362089569e-06,"None"
"rs246219",16,15993136,"Propionylcarnitine..C3.",917.94592915172,183.729617047013,1.57040367543747e-06,"None"
"rs2018964",4,156526894,"alpha.Hydroxybutyrate",297.778261739604,59.6039898262583,1.57203718355735e-06,"None"
"rs2897275",12,85250259,"Hippurate",309.284914738377,61.9195502480758,1.57904235366563e-06,"None"
"rs1388136",5,107061430,"Glycine",829.811738605536,166.151346312994,1.58351959497128e-06,"None"
"rs2653828",4,174087663,"alpha.Hydroxybutyrate",316.908256787608,63.4606191222703,1.58729459728315e-06,"None"
"rs10132191",14,47691249,"alpha.Hydroxybutyrate",293.968980538282,58.8754642651576,1.59235248202368e-06,"None"
"rs10138605",14,100205718,"alpha.Hydroxybutyrate",282.267273763723,56.5321906097014,1.59255215830647e-06,"None"
"rs17019986",3,82771929,"alpha.Hydroxybutyrate",243.887117780259,48.8487152915449,1.59491989472244e-06,"None"
"rs35976042",2,45185408,"X1.linoleoyl.GPC..18.2.",105.334586148918,21.0986852044871,1.59656409113597e-06,"None"
"rs9504407",6,5426832,"alpha.Hydroxybutyrate",286.905088213454,57.490699804824,1.61093106671861e-06,"None"
"rs739150",22,41058112,"Propionylcarnitine..C3.",639.709286921807,128.246584716371,1.62781918226203e-06,"None"
"rs4145933",7,17212387,"alpha.Hydroxybutyrate",305.958898212025,61.3411344662247,1.62994889643223e-06,"None"
"rs1548984",14,86487768,"Hexanoylcarnitine..C6.",208.482026262061,41.8087815491547,1.63915762237682e-06,"None"
"rs16919152",10,19938668,"Hippurate",322.689695383665,64.7360103504384,1.65278045083573e-06,"None"
"rs261565",8,97088752,"alpha.Hydroxybutyrate",287.998924455814,57.7958702897405,1.66507614322638e-06,"None"
"rs10969339",9,29723159,"Taurocholate",204.553658060787,41.0631472346744,1.67693699029188e-06,"None"
"rs17322855",8,3368396,"Propionylcarnitine..C3.",1370.17238241643,275.399654971935,1.7240281827956e-06,"None"
"rs1353302",8,108878544,"Linoleate..18.2.",784.446714898938,157.985704079647,1.80165453482807e-06,"None"
"rs6454677",6,88935925,"alpha.Hydroxybutyrate",335.503877703495,67.6054799614846,1.8228052485801e-06,"None"
"rs10517287",4,33301097,"Propionylcarnitine..C3.",1081.65512023555,218.196927518554,1.867255739233e-06,"None"
"rs631618",13,97485325,"Glycochenodeoxycholate",1259.70948382086,254.258177930702,1.89052210921457e-06,"None"
"rs16970894",18,34582919,"alpha.Hydroxybutyrate",295.599385465963,59.6743750271109,1.89816903186889e-06,"None"
"rs16856020",2,10301740,"Hippurate",231.675872345534,46.773097647299,1.90114401214956e-06,"None"
"rs6592552",11,69901479,"N.acetylglycine",334.430559581875,67.6522108019493,1.98555929677837e-06,"None"
"rs11648527",16,83651414,"alpha.Hydroxybutyrate",275.524212435518,55.7481045792325,1.99501530996035e-06,"None"
"rs11115091",12,80837812,"alpha.Hydroxybutyrate",314.05826708114,63.5525539619309,2.00029201879573e-06,"None"
"rs12573171",10,7088489,"Hippurate",331.438775587896,67.1233338235832,2.03557715343994e-06,"None"
"rs17025274",12,95087342,"alpha.Hydroxybutyrate",294.763619881504,59.7012140913526,2.03958189688165e-06,"None"
"rs16860177",1,166429684,"alpha.Hydroxybutyrate",296.796708792986,60.1549763549941,2.07090116974556e-06,"None"
"rs6495739",15,33108035,"X1.oleoyl.GPC..18.1.",161.160439394769,32.6646241240802,2.07160267563933e-06,"None"
"rs2825326",21,19344445,"alpha.Hydroxybutyrate",277.227157183175,56.2227541394081,2.09851850237903e-06,"None"
"rs4700416",5,60638441,"alpha.Hydroxybutyrate",279.160793352166,56.6322670783782,2.11258646441136e-06,"None"
"rs16934193",8,69203675,"Glycochenodeoxycholate",1293.76990196638,262.62302276759,2.14097026479286e-06,"None"
"rs12101556",15,96774822,"alpha.Hydroxybutyrate",285.072773372082,57.8899952239312,2.15949706115921e-06,"None"
"rs4940481",18,55807441,"X1.linoleoyl.GPC..18.2.",86.721577738709,17.611849531538,2.16274570803312e-06,"None"
"rs1367",11,8999145,"Glycine",667.930856011703,135.714175521059,2.18624157419715e-06,"None"
"rs7831965",8,108892450,"alpha.Hydroxybutyrate",299.600161141142,60.9202093000417,2.22212459837367e-06,"None"
"rs2047365",18,28954365,"Oleate..18.1.",762.308228715853,155.024153523067,2.22761726193175e-06,"None"
"rs41402144",21,31693750,"Taurocholate",202.132697452118,41.1563277624906,2.28746669870068e-06,"None"
"rs16909955",9,97333029,"alpha.Hydroxybutyrate",295.539749925547,60.195148245069,2.3041191273779e-06,"None"
"rs17490586",7,104104341,"Isoleucine",186.556790986601,37.9989038074544,2.30577495337886e-06,"None"
"rs1016892",7,10568402,"Pyridoxate",467.058164714101,95.1421238959037,2.31058926827087e-06,"None"
"rs6555013",5,1886627,"alpha.Hydroxybutyrate",293.232657394789,59.7501499588398,2.32499364944909e-06,"None"
"rs2727184",15,98393341,"alpha.Hydroxybutyrate",299.047028466865,60.9378544465063,2.32742630077668e-06,"None"
"rs583326",11,35513412,"Glycine",604.531560692302,123.233471614594,2.34627192883232e-06,"None"
"rs16883548",5,9852238,"Linoleate..18.2.",859.631910987657,175.335312934034,2.37528927510058e-06,"None"
"rs7977312",12,23941586,"Palmitoylcarnitine..C16.",841.382475165895,171.63458577687,2.38172982907032e-06,"None"
"rs2532750",10,29508235,"alpha.Hydroxybutyrate",295.133069242467,60.2081033696707,2.38477695506062e-06,"None"
"rs6956660",7,152589890,"alpha.Hydroxybutyrate",319.204535065486,65.1406205035932,2.40210891275733e-06,"None"
"rs11083366",18,25587760,"Glycochenodeoxycholate",1401.79420889879,286.491867340279,2.4802298834877e-06,"None"
"rs733075",8,27581324,"Glycine",461.327670950498,94.2878883128079,2.48248780620868e-06,"None"
"rs7633584",3,120139205,"X1.oleoyl.GPC..18.1.",237.312057359305,48.5315306516126,2.51437701197748e-06,"None"
"rs12646976",4,186627136,"alpha.Hydroxybutyrate",192.439134931595,39.3573888042636,2.51795027962192e-06,"None"
"rs9959280",18,26628993,"alpha.Hydroxybutyrate",318.587938390335,65.1845881306165,2.54081177890541e-06,"None"
"rs17820108",12,12637140,"Glutamate",953.028697351707,195.061296619527,2.55966375221137e-06,"None"
"rs16873193",5,35284302,"Phenylalanine",1430.83965931232,292.896311619043,2.56698591364786e-06,"None"
"rs406069",21,27465586,"Phenylalanine",1590.48400973176,325.640746531397,2.57797909751434e-06,"None"
"rs17589427",13,66604419,"alpha.Hydroxybutyrate",291.758941590594,59.7969777317294,2.63530381651207e-06,"None"
"rs7402701",15,89944570,"Hypoxanthine",553.053507755472,113.377609326896,2.64899199386278e-06,"None"
"rs17078383",6,117230654,"Propionylcarnitine..C3.",1098.44393194665,225.218358604679,2.65758994331625e-06,"None"
"rs10513793",3,184706797,"Tyrosine",139.503786362473,28.6186179598764,2.6887645636999e-06,"None"
"rs41504448",5,59606386,"X1.linoleoyl.GPC..18.2.",75.1757685002731,15.4409634361236,2.76029777179943e-06,"None"
"rs11525821",7,9681283,"Glycochenodeoxycholate",950.136175741064,195.248689768108,2.78833316191588e-06,"None"
"rs8140669",22,34109844,"alpha.Hydroxybutyrate",256.425890751836,52.7582700178587,2.86125717333566e-06,"None"
"rs7597841",2,227948442,"Caffeine",168.078735113826,34.5926860152198,2.88134642838129e-06,"None"
"rs4143068",5,164980640,"alpha.Hydroxybutyrate",231.779731424915,47.7321067329601,2.91876604225532e-06,"None"
"rs484717",11,34790216,"Isoleucine",213.575871187931,44.0160998569845,2.96539969033677e-06,"None"
"rs7090588",10,85707536,"alpha.Hydroxybutyrate",292.482333370475,60.2920399636181,2.98006165442439e-06,"None"
"rs2120992",12,52561392,"Uridine",2075.13050105627,427.891410934264,2.99871810636513e-06,"None"
"rs11203910",8,17656736,"alpha.Hydroxybutyrate",284.845845444948,58.7426457947447,3.00684651866513e-06,"None"
"rs17063760",9,79377780,"Paraxanthine",508.118166699244,104.819832526875,3.02673642684947e-06,"None"
"rs1256505",14,64799959,"Propionylcarnitine..C3.",1096.29485870991,226.301845529548,3.06863375572857e-06,"None"
"rs819348",5,89104246,"Oleate..18.1.",649.885619377307,134.205313978319,3.09446183295119e-06,"None"
"rs6594612",5,111923278,"Hexanoylcarnitine..C6.",230.90541109974,47.7045016766987,3.12358934636253e-06,"None"
"rs4981696",14,28781556,"alpha.Hydroxybutyrate",275.992395318705,57.0219942395001,3.12663555854214e-06,"None"
"rs2059867",5,31801547,"Isoleucine",193.325243147544,39.9636103181497,3.16193866634294e-06,"None"
"rs938070",4,23854677,"alpha.Hydroxybutyrate",284.258475375167,58.7611185295266,3.16201263722383e-06,"None"
"rs1574468",5,159723912,"Tyrosine",167.259945851387,34.5833924628001,3.17726543409373e-06,"None"
"rs11200847",10,85845432,"Paraxanthine",481.906766773684,99.662349990526,3.19157001090632e-06,"None"
"rs1348036",3,34176979,"Glycochenodeoxycholate",974.286641934053,201.519733111396,3.20130940406927e-06,"None"
"rs6774838",3,12122403,"Taurocholate",199.304588917103,41.2304197707229,3.212151257616e-06,"None"
"rs17709142",1,212041357,"Palmitoylcarnitine..C16.",1021.11136666254,211.338799688204,3.24437428019993e-06,"None"
"rs12328314",2,115615372,"Hippurate",294.884328633159,61.0443443009161,3.25819147742152e-06,"None"
"rs2281789",9,113843154,"Theobromine",1000.35139149506,207.090702360054,3.26044866926594e-06,"None"
"rs6123272",20,51321745,"alpha.Hydroxybutyrate",283.707064652231,58.7784203774526,3.31457576310464e-06,"None"
"rs17156078",7,27955214,"alpha.Hydroxybutyrate",307.716545609753,63.7536807393226,3.3156441897972e-06,"None"
"rs7899419",10,16751463,"Hippurate",338.886341440008,70.2718342630194,3.37600915848787e-06,"None"
"rs12524781",6,154933088,"Tyrosine",161.873326838931,33.5776546468276,3.40022634749002e-06,"None"
"rs17066914",13,45037445,"alpha.Hydroxybutyrate",283.399356422908,58.7880586553297,3.40272419348875e-06,"None"
"rs11595146",10,21594563,"alpha.Hydroxybutyrate",265.957643545179,55.1815237308649,3.41771229302572e-06,"None"
"rs3847464",10,131978731,"Isovalerylcarnitine..C5.",448.668524061062,93.1368582511289,3.4533454195503e-06,"None"
"rs260091",15,97425292,"alpha.Hydroxybutyrate",307.148322141342,63.7714709985303,3.46709165553726e-06,"None"
"rs7464123",8,66654097,"Hypoxanthine",686.762459922316,142.781832268781,3.56678944774619e-06,"None"
"rs830504",8,73478558,"Glycochenodeoxycholate",1088.39810798076,226.368257177288,3.59459840598986e-06,"None"
"rs16936772",10,80478713,"Taurocholate",193.755807635294,40.2999230047837,3.59836037476119e-06,"None"
"rs17054589",6,156649416,"Hippurate",329.43307084498,68.5344239009566,3.61433634855539e-06,"None"
"rs12951810",17,8840537,"Hexanoylcarnitine..C6.",251.208772461861,52.2692022585277,3.62643706094788e-06,"None"
"rs9314355",8,27755087,"Glycine",519.630579431465,108.189415474427,3.67539165232668e-06,"None"
"rs740588",19,48888729,"X1.oleoyl.GPC..18.1.",175.44046669991,36.5287816935918,3.67810083799413e-06,"None"
"rs4811725",20,54689293,"alpha.Hydroxybutyrate",289.915189235705,60.3724979940466,3.68920423639141e-06,"None"
"rs10142529",14,69687081,"Erythritol",918.016702076029,191.242650157883,3.71871941900395e-06,"None"
"rs17759655",2,28240704,"Palmitoylcarnitine..C16.",1237.03351625635,257.708921887902,3.72118593726129e-06,"None"
"rs2079511",5,130588027,"Hexanoylcarnitine..C6.",218.162118328945,45.460381408017,3.74011304577958e-06,"None"
"rs6583138",1,105585495,"alpha.Hydroxybutyrate",260.929571720095,54.3745235625895,3.74342082659941e-06,"None"
"rs2245003",20,18207392,"Hippurate",319.239399007833,66.5719450938148,3.79811687880074e-06,"None"
"rs2236030",22,49246176,"Uridine",1579.25997155047,329.35931225837,3.80568574894503e-06,"None"
"rs16977597",15,55632176,"alpha.Hydroxybutyrate",283.815084933649,59.1981091812737,3.81591448088851e-06,"None"
"rs7297806",12,59247296,"X1.linoleoyl.GPC..18.2.",93.0325633383036,19.4137817262108,3.85314053830669e-06,"None"
"rs2783614",10,29383978,"Glutamate",673.165798814335,140.51570584165,3.87674758391458e-06,"None"
"rs9680927",3,152097970,"Tyrosine",204.680283093885,42.7402703064174,3.90622683679412e-06,"None"
"rs4402787",2,105697937,"Hippurate",391.056617936159,81.6877334061744,3.93544606714796e-06,"None"
"rs2032312",21,34276082,"alpha.Hydroxybutyrate",253.009306232865,52.8886497265256,3.99389316871085e-06,"None"
"rs1569467",1,166593947,"Glycine",532.683385692701,111.380855504626,4.01594353951616e-06,"None"
"rs9830446",3,2719503,"alpha.Hydroxybutyrate",267.637236818896,55.9626981283149,4.01799532089139e-06,"None"
"rs5961111",23,54676264,"alpha.Hydroxybutyrate",193.65764332668,40.5029195373052,4.03711919937255e-06,"None"
"rs7629864",3,190577002,"Uridine",1740.50010649321,364.06281017302,4.04686420348688e-06,"None"
"rs670754",7,51897517,"Phenylalanine",1007.47196113302,210.747978279496,4.0523044722785e-06,"None"
"rs12097373",1,113187470,"alpha.Hydroxybutyrate",200.491391994516,41.958602297649,4.09009390821402e-06,"None"
"rs17348756",2,73266690,"Linoleate..18.2.",1068.5466550167,223.784593734427,4.1511684631638e-06,"None"
"rs10939916",5,61169949,"Linoleate..18.2.",936.89910627586,196.254592863392,4.16903604639013e-06,"None"
"rs9291708",5,60560342,"Paraxanthine",534.598934235661,112.066638328897,4.23316995113226e-06,"None"
"rs9948238",18,63803894,"alpha.Hydroxybutyrate",226.629986089594,47.5079540681243,4.23331065024669e-06,"None"
"rs578786",18,24782107,"Xanthine",752.178541392034,157.695693305727,4.24336142308097e-06,"None"
"rs17763929",9,103024721,"Glutamate",811.763454479789,170.228051268862,4.26410826745907e-06,"None"
"rs2953452",17,10011497,"Glycine",501.733408263024,105.264406913528,4.30617166812342e-06,"None"
"rs3863354",12,25535924,"alpha.Hydroxybutyrate",294.079898805209,61.7172551733699,4.33335792932284e-06,"None"
"rs7618768",3,80355420,"Hippurate",381.331900008811,80.0911477669669,4.40374108077446e-06,"None"
"rs6679348",1,41830316,"Valine",589.023467903436,123.714628505916,4.40521665158527e-06,"None"
"rs481818",1,232492929,"Xanthine",948.189887719828,199.294599230888,4.47067131478576e-06,"None"
"rs1910300",4,79194300,"X1.oleoyl.GPC..18.1.",205.917760207032,43.3037915344337,4.5199399518335e-06,"None"
"rs17037046",3,1292631,"Paraxanthine",505.87378137123,106.41381465715,4.54642839424159e-06,"None"
"rs6908944",6,162072709,"alpha.Hydroxybutyrate",290.890422400559,61.1936935195101,4.55102536225324e-06,"None"
"rs16823258",2,227718789,"alpha.Hydroxybutyrate",281.719519082398,59.285936206135,4.58498291030117e-06,"None"
"rs742813",6,169988320,"alpha.Hydroxybutyrate",225.786576317285,47.5340240624488,4.62227145430814e-06,"None"
"rs2806867",1,117274226,"alpha.Hydroxybutyrate",258.548963095365,54.448316505868,4.6518239666796e-06,"None"
"rs7206844",16,85243457,"Paraxanthine",482.001202505481,101.517185541349,4.66275177537853e-06,"None"
"rs1982654",15,93008720,"Pyridoxate",610.314143659954,128.580212703453,4.69123049825123e-06,"None"
"rs1010786",3,129588973,"Paraxanthine",372.234929938834,78.4358129081349,4.70817652803351e-06,"None"
"rs3790861",1,63860032,"Leucine",559.467111568302,117.893858106602,4.71246573911725e-06,"None"
"rs3844213",12,102659213,"Leucine",488.156368728387,102.87737426068,4.72230188877072e-06,"None"
"rs9409657",9,93586135,"Valine",679.173841434816,143.209200735253,4.77347086206187e-06,"None"
"rs783718",16,69560288,"alpha.Hydroxybutyrate",232.612542906375,49.0543444432992,4.78569253932854e-06,"None"
"rs7119414",11,132213585,"Erythritol",531.670013018065,112.133217287852,4.79645286249933e-06,"None"
"rs3845368",1,174399939,"Gulono.1.4.lactone",726.302142884902,153.246818533083,4.83765870695499e-06,"None"
"rs11125098",2,46948511,"Glutamine",106.236823201957,22.4163748505197,4.84133331140815e-06,"None"
"rs10075474",5,129583658,"Hexanoylcarnitine..C6.",183.549224658784,38.7334541537292,4.85120563134628e-06,"None"
"rs4462702",18,59357480,"Pyridoxate",846.498861016912,178.633486145514,4.85184866989401e-06,"None"
"rs7422960",2,178591439,"Glycochenodeoxycholate",1074.22204508912,226.712621102369,4.86214539673334e-06,"None"
"rs16971597",16,19036276,"alpha.Hydroxybutyrate",266.125500594302,56.204099198897,4.93105452282219e-06,"None"
"rs10880385",12,41580708,"Glutamine",115.864270811488,24.475957635346,4.95624524113091e-06,"None"
"rs636283",11,118437655,"Glutamine",105.532493930259,22.3089163112187,5.02690641696485e-06,"None"
"rs16838492",2,207246867,"alpha.Hydroxybutyrate",302.319807297768,63.921121489459,5.04707382622112e-06,"None"
"rs1323497",9,10280234,"Hypoxanthine",915.58851366911,193.662690513701,5.08687455385754e-06,"None"
"rs6552256",4,178845786,"alpha.Hydroxybutyrate",257.536808383489,54.4794558487747,5.09826838396747e-06,"None"
"rs2617921",18,26432008,"Glycochenodeoxycholate",1033.43675889899,218.629352954514,5.10569295977396e-06,"None"
"rs12286699",11,33871577,"Hippurate",404.586499904232,85.6500478470544,5.17577740437843e-06,"None"
"rs7708999",5,170641783,"Pyridoxate",534.962836916412,113.411060463825,5.32660440130684e-06,"None"
"rs16961883",17,42454424,"Linoleate..18.2.",1116.61080448389,236.861483675413,5.39171789844416e-06,"None"
"rs9992098",4,35691913,"alpha.Hydroxybutyrate",240.469829013767,51.017185747672,5.40762626960746e-06,"None"
"rs6469678",8,118238134,"alpha.Hydroxybutyrate",253.038705562373,53.7143342056072,5.47021568680979e-06,"None"
"rs1653782",2,23623270,"Oleate..18.1.",532.671663605825,113.083745068819,5.47972447142287e-06,"None"
"rs12626903",21,32046986,"alpha.Hydroxybutyrate",229.838407031838,48.8148409369584,5.52799523565466e-06,"None"
"rs658432",3,61745347,"alpha.Hydroxybutyrate",194.146092416545,41.236472735482,5.53405498761535e-06,"None"
"rs10822862",10,68064911,"alpha.Hydroxybutyrate",282.446149122586,60.0866230172277,5.71390369698091e-06,"None"
"rs17065063",6,136248995,"alpha.Hydroxybutyrate",263.494681522034,56.0902030325014,5.78661014148716e-06,"None"
"rs901029",3,10920374,"alpha.Hydroxybutyrate",293.956891648948,62.576227190383,5.78944210953613e-06,"None"
"rs16907591",9,23669042,"alpha.Hydroxybutyrate",278.609997576892,59.3584508477204,5.88668788489916e-06,"None"
"rs17102438",12,65064196,"Hexanoylcarnitine..C6.",281.495320708779,59.9931984126063,5.92625590674469e-06,"None"
"rs244692",5,133480434,"Glycine",521.618720529445,111.20494516126,5.96472351210591e-06,"None"
"rs2516422",6,31557248,"Glycochenodeoxycholate",845.576519073622,180.438662642293,6.07743155621661e-06,"None"
"rs12454775",18,71210571,"alpha.Hydroxybutyrate",263.63542420294,56.2802509278263,6.12680387355682e-06,"None"
"rs10233124",7,13408151,"alpha.Hydroxybutyrate",223.042324814603,47.6180794607778,6.13593581484914e-06,"None"
"rs9483720",6,134896383,"X1.palmitoyl.GPC..16.0.",107.269194198449,22.9139067081805,6.20397810867204e-06,"None"
"rs7990571",13,112784127,"Uridine",1303.12455207831,278.396892211778,6.21950816359509e-06,"None"
"rs17699946",3,63727226,"Linoleate..18.2.",578.881606962231,123.692044935122,6.24059152111306e-06,"None"
"rs6949521",7,138681864,"alpha.Hydroxybutyrate",271.307619000497,57.9803209101797,6.25973736337072e-06,"None"
"rs10220616",14,37780249,"Hexanoylcarnitine..C6.",191.246036837617,40.8854014431324,6.30513721509919e-06,"None"
"rs9366301",6,10294561,"Hypoxanthine",559.982574203622,119.76724924741,6.35975314781579e-06,"None"
"rs2810569",1,41668084,"Linoleate..18.2.",957.25309394886,204.759702982435,6.37558632253148e-06,"None"
"rs1502644",5,3724006,"alpha.Hydroxybutyrate",277.636392369479,59.3880656266179,6.37707210058548e-06,"None"
"rs12214674",6,170663151,"Hippurate",308.347002392447,66.0237250137743,6.50635472904421e-06,"None"
"rs2829934",21,26127411,"alpha.Hydroxybutyrate",306.07715474826,65.5484641882217,6.52765360091806e-06,"None"
"rs6539009",12,100613223,"Hippurate",342.945514341379,73.4537131021437,6.54473044655182e-06,"None"
"rs1357068",3,36566875,"Uridine",1836.72361258825,393.479593328041,6.57169932586264e-06,"None"
"rs6660968",1,93947107,"Phenylalanine",1209.19799468582,259.15925979337,6.629386376356e-06,"None"
"rs9463121",6,45880375,"alpha.Hydroxybutyrate",259.599400175934,55.6720388148073,6.70996343625147e-06,"None"
"rs10275294",7,126709396,"Hippurate",400.032704708072,85.7888300740836,6.71051718151781e-06,"None"
"rs11769541",7,154004091,"Isoleucine",203.810345568555,43.7196288523118,6.7458802011532e-06,"None"
"rs17533645",4,22082575,"Gulono.1.4.lactone",601.661641504701,129.090148371125,6.77384130301808e-06,"None"
"rs2390850",7,23901655,"Paraxanthine",472.781531740379,101.447555075538,6.78632360496234e-06,"None"
"rs2822704",21,14789617,"Gulono.1.4.lactone",757.011716361195,162.473842760036,6.81731193105862e-06,"None"
"rs5761891",22,25710713,"Hypoxanthine",956.547668710894,205.317363097684,6.82921392356279e-06,"None"
"rs6966547",7,41541216,"Phenylalanine",1558.69614002218,334.591635718816,6.83999551209622e-06,"None"
"rs9324704",5,151056988,"alpha.Hydroxybutyrate",247.143253609858,53.0764749769264,6.90259896629014e-06,"None"
"rs10777902",12,97022354,"Threonate",-221.057598791799,47.5471299807361,7.11505402235609e-06,"None"
"rs12289513",11,7942015,"Glycine",661.956952350869,142.385509708787,7.12061895479773e-06,"None"
"rs790606",6,91163036,"Hexanoylcarnitine..C6.",189.012961322373,40.6725776420277,7.17720241334246e-06,"None"
"rs624751",18,2958636,"alpha.Hydroxybutyrate",271.077494333146,58.3489092061848,7.21945715023378e-06,"None"
"rs11887237",2,212013815,"alpha.Hydroxybutyrate",284.951528680806,61.3748730068274,7.31194739097121e-06,"None"
"rs12897422",14,23102867,"Hexanoylcarnitine..C6.",231.843398541155,49.9446993590487,7.33689277866591e-06,"None"
"rs920331",2,119384990,"Linoleate..18.2.",924.445477764652,199.346764538561,7.48240930633599e-06,"None"
"rs1869369",2,169137481,"alpha.Hydroxybutyrate",233.919356305843,50.4471625023248,7.49689207958758e-06,"None"
"rs11601290",11,1622874,"Linoleate..18.2.",980.712816387977,211.543594487057,7.52663534736811e-06,"None"
"rs11225302",11,96555001,"Oleate..18.1.",507.980497201822,109.589834646304,7.54888384385569e-06,"None"
"rs151468",6,1134178,"alpha.Hydroxybutyrate",270.314173032114,58.3478970685798,7.6289333087097e-06,"None"
"rs10091938",8,127723574,"Isovalerylcarnitine..C5.",441.22925997985,95.2472887399129,7.63995466411528e-06,"None"
"rs7513022",1,239568815,"Hippurate",413.277109822526,89.2274775709247,7.66380570033774e-06,"None"
"rs4669198",2,5329230,"Gulono.1.4.lactone",668.746914129789,144.420334608764,7.7017529449491e-06,"None"
"rs11711828",3,188201492,"Propionylcarnitine..C3.",748.721379999335,161.704547631408,7.71409603970074e-06,"None"
"rs17474534",11,18075466,"Hexanoylcarnitine..C6.",214.164873877125,46.2563078611609,7.7213215427916e-06,"None"
"rs7595282",2,113745190,"alpha.Hydroxybutyrate",303.729440744483,65.6193385797305,7.76406536900515e-06,"None"
"rs2783239",14,57519279,"Paraxanthine",512.7806432106,110.958186701688,8.00682535807468e-06,"None"
"rs17112591",1,55890693,"Hexanoylcarnitine..C6.",224.718105165434,48.6275013887259,8.01265518317552e-06,"None"
"rs10953450",7,104190506,"Oleate..18.1.",396.100948190861,85.7150082449005,8.01521681852591e-06,"None"
"rs910311",14,85120613,"Hexanoylcarnitine..C6.",213.577546106518,46.2189848043402,8.02020632262649e-06,"None"
"rs16981123",21,28039454,"Gulono.1.4.lactone",710.238434821025,153.734942808283,8.05770275379028e-06,"None"
"rs6822325",4,157149577,"Paraxanthine",390.460460083727,84.5402224237589,8.10056705031533e-06,"None"
"rs17322855",8,3368396,"Taurocholate",204.431858755718,44.2629742737933,8.10264142546171e-06,"None"
"rs560632",1,199790687,"Hexanoylcarnitine..C6.",221.872632279994,48.0435598929319,8.11702541794355e-06,"None"
"rs1456882",4,61905023,"alpha.Hydroxybutyrate",253.279935695193,54.8602709969749,8.16304484981011e-06,"None"
"rs16905606",8,137392050,"Uridine",1843.91011239593,399.631791869616,8.26013505880751e-06,"None"
"rs11937054",4,10302947,"Tyrosine",208.955952056257,45.3430007248722,8.4608935618137e-06,"None"
"rs4755271",11,44658020,"Hippurate",365.913779413281,79.4121263243324,8.48084271323338e-06,"None"
"rs10470062",20,14528082,"Glycochenodeoxycholate",850.120552584887,184.525041366498,8.50623908707134e-06,"None"
"rs4607592",8,68963667,"alpha.Hydroxybutyrate",285.581888931396,61.996195909403,8.5289730373175e-06,"None"
"rs1945935",11,130506095,"Hexanoylcarnitine..C6.",254.050435448852,55.1667991965994,8.57625591776471e-06,"None"
"rs11041272",11,7218131,"Glutamate",766.36755297305,166.437463543589,8.59783376392367e-06,"None"
"rs655473",15,77929052,"alpha.Hydroxybutyrate",268.854112428333,58.3916851952281,8.60566650105031e-06,"None"
"rs17166829",7,94804652,"Hippurate",330.505225263589,71.7868221551208,8.61802732086529e-06,"None"
"rs1426307",18,72117555,"Isoleucine",192.90590472875,41.8998286614051,8.61815352465325e-06,"None"
"rs17793950",20,58855929,"Phenylalanine",1499.22840076352,325.661065316864,8.63023713898158e-06,"None"
"rs9548386",13,38009365,"Hippurate",369.952400066775,80.4004161353316,8.71339424771921e-06,"None"
"rs16905528",8,137310055,"Linoleate..18.2.",958.238053719242,208.29392064055,8.74880454772018e-06,"None"
"rs4958141",5,133044327,"Hexanoylcarnitine..C6.",243.254411365628,52.8962004193292,8.81179259568302e-06,"None"
"rs7627115",3,181596733,"Glycine",563.376241428101,122.617679587886,8.96683279523956e-06,"None"
"rs716547",10,68424659,"Phenylalanine",1228.89755357687,267.610672278378,9.06052230157145e-06,"None"
"rs17633721",15,52107864,"Glycine",675.369868204052,147.267948266005,9.29695262761928e-06,"None"
"rs898577",15,66492751,"alpha.Hydroxybutyrate",205.520491325105,44.8181722133495,9.31037544194271e-06,"None"
"rs6138532",20,25118787,"Hexanoylcarnitine..C6.",253.010951520383,55.1978110530004,9.38660918590006e-06,"None"
"rs17818663",9,13823407,"Glutamine",109.512471806812,23.8921714452257,9.39057307864229e-06,"None"
"rs11926996",3,2401089,"Phenylalanine",1536.19991168042,335.266555543786,9.45351947587093e-06,"None"
"rs16852060",3,107323701,"Hexanoylcarnitine..C6.",233.021658334825,50.8570828119859,9.45883346898897e-06,"None"
"rs11964138",6,54802799,"X1.oleoyl.GPC..18.1.",138.933393286363,30.3302330702226,9.50678667329975e-06,"None"
"rs977832",15,96518545,"alpha.Hydroxybutyrate",246.879672472152,53.9001233344419,9.52169624105061e-06,"None"
"rs13139200",4,20275938,"alpha.Hydroxybutyrate",293.903238349896,64.1755029390747,9.54727619678112e-06,"None"
"rs1145300",18,48380357,"Oleate..18.1.",526.986895123211,115.071025214678,9.54780863261424e-06,"None"
"rs328131",18,42518576,"Hippurate",212.624960412215,46.4389763154174,9.59118718075165e-06,"None"
"rs6027005",20,57632613,"Propionylcarnitine..C3.",1042.77251420099,227.838558006145,9.66340546259694e-06,"None"
"rs6841359",4,186178958,"Threonate",246.586261117337,53.8797779732623,9.67166062584001e-06,"None"
"rs2701865",13,40061373,"Isovalerylcarnitine..C5.",485.637205851082,106.118376407592,9.68097261399345e-06,"None"
"rs10749834",1,74782705,"Hippurate",323.814491592134,70.7621388298271,9.6921395980441e-06,"None"
"rs1256505",14,64799959,"alpha.Hydroxybutyrate",262.73657536756,57.427170116203,9.73179977064317e-06,"None"
"rs11021009",11,94389618,"Linoleate..18.2.",782.289877624312,170.988561700668,9.73286308500076e-06,"None"
"rs640403",3,126395389,"Hippurate",393.265965778668,85.9917484443736,9.80684008295956e-06,"None"
"rs17082799",5,92344239,"Oleate..18.1.",732.834959117761,160.2425922021,9.80743319771208e-06,"None"
"rs6775518",3,185180913,"Paraxanthine",372.551149872524,81.4773360373431,9.84182736116635e-06,"None"
"rs11246074",11,326332,"Glycochenodeoxycholate",1184.51848172629,259.300022099882,1.00217163117917e-05,"None"
"rs17018225",2,36162346,"Hippurate",343.190765756603,75.1321995808126,1.00349126028627e-05,"None"
"rs7071174",10,81889102,"alpha.Hydroxybutyrate",257.832526391041,56.4545494975933,1.00663012781903e-05,"None"
"rs2287101",2,70889990,"Valine",585.297031516092,128.188687770119,1.01162481804797e-05,"None"
"rs12014280",23,30502846,"Tyrosine",174.216383303937,38.1619370219621,1.0146662029097e-05,"None"
"rs17722860",8,134684834,"Glycine",589.505099372672,129.140331210524,1.01614047218283e-05,"None"
"rs2822664",21,14743816,"alpha.Hydroxybutyrate",209.861823402584,45.976294385466,1.01731514551226e-05,"None"
"rs993765",2,144931231,"Oleate..18.1.",478.418199295444,104.821196761128,1.01915178413447e-05,"None"
"rs2503690",13,72589529,"Hippurate",225.380647175693,49.3937798756716,1.02429702544873e-05,"None"
"rs8004591",14,51075320,"alpha.Hydroxybutyrate",236.533736861744,51.846049340103,1.02732328654891e-05,"None"
"rs1547304",9,97453581,"Tyrosine",153.639629829246,33.6813666941975,1.03021890226756e-05,"None"
"rs2848777",18,37394400,"Hexanoylcarnitine..C6.",206.313478888788,45.235160027279,1.0330399438268e-05,"None"
"rs3743651",16,83006662,"Gulono.1.4.lactone",652.926794806229,143.161526737863,1.03364532626788e-05,"None"
"rs17538591",13,42760855,"Gulono.1.4.lactone",495.701428927092,108.693628544314,1.03465129870829e-05,"None"
"rs2299267",7,94899857,"alpha.Hydroxybutyrate",234.025570471189,51.3220081254091,1.03722474094172e-05,"None"
"rs1322252",9,113461917,"X1.palmitoyl.GPC..16.0.",93.9440631895134,20.6050115472729,1.04011447808229e-05,"None"
"rs7694032",4,61235645,"Isoleucine",157.674756403356,34.5854096602613,1.04136206851218e-05,"None"
"rs6555267",5,4278232,"alpha.Hydroxybutyrate",242.555227207731,53.2057326736587,1.04214312017569e-05,"None"
"rs12968895",18,17904705,"Uridine",1492.94050531523,327.634547497971,1.05132577259497e-05,"None"
"rs10504462",8,71028133,"Hypoxanthine",533.331577702234,117.06105751421,1.05447208492371e-05,"None"
"rs17053262",5,155515691,"alpha.Hydroxybutyrate",311.261867333055,68.3237067215144,1.05588033285612e-05,"None"
"rs10426091",19,43481052,"Hippurate",391.859475061395,86.0334318484052,1.06013047788211e-05,"None"
"rs11783611",8,6542023,"N.acetylglycine",209.815811152387,46.071516425311,1.06280776417733e-05,"None"
"rs16827613",2,186787822,"X1.linoleoyl.GPC..18.2.",82.541183560112,18.1250634995886,1.06348739510813e-05,"None"
"rs4811105",20,49035357,"Valine",634.066489643971,139.243198197818,1.06490601627088e-05,"None"
"rs10484729",6,116089663,"Phenylalanine",1580.61792998792,347.173136433175,1.06865540084281e-05,"None"
"rs4290780",3,113817729,"Hippurate",275.148413567877,60.4434783971251,1.07162643874697e-05,"None"
"rs17586777",2,118548406,"alpha.Hydroxybutyrate",260.367667546019,57.2106118178908,1.07667641374792e-05,"None"
"rs7859229",9,136526850,"alpha.Hydroxybutyrate",261.41469342994,57.441170074755,1.07685332605077e-05,"None"
"rs17062799",3,60301388,"alpha.Hydroxybutyrate",276.578228080285,60.7774539464022,1.07833011135912e-05,"None"
"rs17523814",7,147694629,"X1.palmitoyl.GPC..16.0.",100.714522653843,22.1431930849318,1.08895946502074e-05,"None"
"rs12268115",10,45041529,"alpha.Hydroxybutyrate",260.117131516402,57.2180116666998,1.099299998783e-05,"None"
"rs17022684",2,38527042,"alpha.Hydroxybutyrate",232.716218484011,51.2152065775191,1.10938097671975e-05,"None"
"rs1592015",20,17135908,"X1.oleoyl.GPC..18.1.",130.909755242968,28.8272410178696,1.12201239420827e-05,"None"
"rs11802540",1,25870455,"Paraxanthine",515.508762938411,113.534880725661,1.12506720246083e-05,"None"
"rs17023457",1,119677253,"Glycine",715.437535050126,157.582345189521,1.12716330713407e-05,"None"
"rs1909439",10,1654512,"alpha.Hydroxybutyrate",279.323688509321,61.542636807936,1.13370807758314e-05,"None"
"rs1846664",5,157087096,"Oleate..18.1.",559.479955410187,123.293071582963,1.13796524728169e-05,"None"
"rs16972210",15,39955248,"Leucine",847.314802548362,186.728670612466,1.13856528678594e-05,"None"
"rs12212067",6,109087889,"Erythritol",730.18632521699,160.93554250628,1.14115649104018e-05,"None"
"rs6001102",22,37083902,"Hippurate",334.410335090483,73.7088137577861,1.14222605719171e-05,"None"
"rs1292210",23,123278309,"Paraxanthine",383.606089094548,84.5739538341459,1.14779405047771e-05,"None"
"rs7875841",9,109989104,"alpha.Hydroxybutyrate",253.18895467291,55.8634171175814,1.16451304146293e-05,"None"
"rs10452847",7,150154412,"Propionylcarnitine..C3.",904.24000169245,199.514689168088,1.1649403751553e-05,"None"
"rs2339917",3,181152142,"Phenylalanine",1401.62762667698,309.452027156851,1.17869717724484e-05,"None"
"rs6455455",6,169076823,"alpha.Hydroxybutyrate",225.402489457063,49.7662434886647,1.17949119826793e-05,"None"
"rs1365323",11,115514170,"alpha.Hydroxybutyrate",281.159072356969,62.1070284401979,1.19044819921746e-05,"None"
"rs11037970",11,44346133,"alpha.Hydroxybutyrate",297.814938660988,65.7951398164635,1.19349056251293e-05,"None"
"rs3746679",20,5126611,"Isoleucine",229.259780213818,50.6497123623639,1.19358274443202e-05,"None"
"rs10060095",5,152877600,"Oleate..18.1.",481.059928634946,106.288774584506,1.19561409401684e-05,"None"
"rs17054438",4,169810976,"Hexanoylcarnitine..C6.",207.712217664776,45.8997092746474,1.19871995365816e-05,"None"
"rs925920",2,170838278,"Gulono.1.4.lactone",536.741839341631,118.669584795877,1.21055342523253e-05,"None"
"rs1427421",3,69870404,"alpha.Hydroxybutyrate",258.916560615209,57.2533597407777,1.21408992956953e-05,"None"
"rs718867",2,122841622,"alpha.Hydroxybutyrate",226.522192725845,50.0907269723932,1.21437621257538e-05,"None"
"rs16983054",20,57729272,"alpha.Hydroxybutyrate",226.127629887991,50.0059270434046,1.2154984273341e-05,"None"
"rs10491289",5,133356459,"Hexanoylcarnitine..C6.",198.942372911689,44.0024475246273,1.21981620677602e-05,"None"
"rs17634990",8,138682048,"Propionylcarnitine..C3.",696.641473864452,154.104198969814,1.22276337421528e-05,"None"
"rs7284468",22,35197410,"X1.linoleoyl.GPC..18.2.",50.4598217744731,11.162548151273,1.2234260776149e-05,"None"
"rs10989662",9,103663864,"Phenylalanine",1175.85195339694,260.153730179962,1.22660321877486e-05,"None"
"rs1929876",9,80605815,"Glutamate",433.859001657065,96.0312602262223,1.23656916071145e-05,"None"
"rs6536692",4,164037310,"Linoleate..18.2.",506.764596987599,112.268211759202,1.25744708341066e-05,"None"
"rs11917161",3,154489216,"Theobromine",519.891438124682,115.197020425613,1.26170128574399e-05,"None"
"rs4807287",19,2474660,"alpha.Hydroxybutyrate",190.539240839284,42.2277866875623,1.26636648089037e-05,"None"
"rs16963382",18,28286383,"Glycochenodeoxycholate",1274.80498917343,282.604706821847,1.27305166660583e-05,"None"
"rs1538106",10,108958361,"Hippurate",345.543640735877,76.6258049501595,1.28058556226998e-05,"None"
"rs16972853",15,72897027,"Hexanoylcarnitine..C6.",226.002556465887,50.1182398689263,1.28115641193935e-05,"None"
"rs16907781",8,81598497,"Hippurate",349.556764882145,77.5722281926457,1.29820445819569e-05,"None"
"rs11108454",12,95207304,"Uridine",1281.66604152604,284.426366909375,1.29856429415306e-05,"None"
"rs41466647",2,108119725,"Hippurate",335.28616652714,74.4126061342127,1.30057790448965e-05,"None"
"rs1992535",11,99293949,"Uridine",1566.25153350146,347.646507066581,1.30313277467987e-05,"None"
"rs4981696",14,28781556,"Hippurate",339.085781315843,75.28601666282,1.31036900985222e-05,"None"
"rs12558995",23,143670886,"Glutamine",88.4695869960509,19.6489715275352,1.31836346082167e-05,"None"
"rs7493865",14,100673143,"Valine",464.72872974587,103.286467827836,1.33540026249986e-05,"None"
"rs700467",1,199517954,"Glycine",631.105351552653,140.343209836376,1.34958997753044e-05,"None"
"rs11232662",11,80807245,"Hippurate",317.703517231233,70.6576232853963,1.35234733142467e-05,"None"
"rs12309723",12,101447643,"alpha.Hydroxybutyrate",289.168310877028,64.3150251491187,1.35378693137557e-05,"None"
"rs989396",4,137531406,"Linoleate..18.2.",635.105626721113,141.291341360243,1.36007756960953e-05,"None"
"rs10947508",6,34588615,"X1.palmitoyl.GPC..16.0.",129.831997146673,28.884459113157,1.3608326444248e-05,"None"
"rs1868849",2,2625597,"Leucine",617.703388071492,137.438293932842,1.36348260196775e-05,"None"
"rs17040433",4,110584352,"Hippurate",350.865823296158,78.0830428862048,1.36864077782938e-05,"None"
"rs873224",8,142600146,"Glutamate",866.925183199235,192.979027934935,1.37528884231823e-05,"None"
"rs391974",5,67650649,"X1.linoleoyl.GPC..18.2.",67.0886502941359,14.9354383341065,1.37767766356076e-05,"None"
"rs11996557",8,102970569,"Isoleucine",179.907889843863,40.0623139351701,1.3846073352552e-05,"None"
"rs825497",12,123091396,"Xanthine",934.332168237208,208.063537918431,1.38513366889345e-05,"None"
"rs12986266",19,5949890,"Phenylalanine",1011.79479881675,225.323674548744,1.38630525728645e-05,"None"
"rs6831911",4,181986151,"Glutamate",926.136860496301,206.25920633691,1.38772094129908e-05,"None"
"rs7294490",12,42594009,"Hippurate",338.125975931913,75.3140427073184,1.39125253881335e-05,"None"
"rs4290394",14,26621258,"X1.palmitoyl.GPC..16.0.",125.304603709896,27.9123636148975,1.39317294599779e-05,"None"
"rs659944",11,78401371,"Leucine",690.157042816299,153.751325351134,1.39564591917543e-05,"None"
"rs848086",14,36349467,"Glutamate",631.633910500056,140.722324338773,1.39723966223516e-05,"None"
"rs7620377",3,160566205,"alpha.Hydroxybutyrate",243.153605474964,54.1799079367487,1.40083744375542e-05,"None"
"rs11139296",9,83329004,"Hexanoylcarnitine..C6.",203.315978773481,45.3062060874015,1.40255785332766e-05,"None"
"rs9646544",18,41551736,"Hexanoylcarnitine..C6.",206.177865732331,45.9446083082267,1.40293836164729e-05,"None"
"rs490144",3,171925918,"Isovalerylcarnitine..C5.",515.182246861796,114.806338063937,1.40368786136447e-05,"None"
"rs11216067",11,116009587,"Valine",670.77048490161,149.499173001181,1.40729366194074e-05,"None"
"rs17040318",9,137605136,"alpha.Hydroxybutyrate",273.128953350563,60.8786595451148,1.40925429018606e-05,"None"
"rs2682338",12,51601000,"Glutamine",86.0905632790226,19.190740020213,1.41160049238824e-05,"None"
"rs1863033",14,78275040,"alpha.Hydroxybutyrate",259.814984517402,57.9491821112921,1.4266040106798e-05,"None"
"rs17776428",2,119095585,"Gulono.1.4.lactone",582.760183664155,129.996055715427,1.43009918588622e-05,"None"
"rs2136834",2,120445975,"Glycine",572.535397445749,127.727964031993,1.4327534014609e-05,"None"
"rs1921386",23,31087359,"Glutamate",872.738608012039,194.744181746611,1.4386884298796e-05,"None"
"rs16990341",4,34442092,"alpha.Hydroxybutyrate",276.187451071914,61.6344808415202,1.44112015260094e-05,"None"
"rs4701850",5,9900262,"Threonate",264.26850636048,58.9987611545185,1.45210571385203e-05,"None"
"rs16894638",5,65304426,"Phenylalanine",1274.81948518995,284.630487698824,1.45429362392132e-05,"None"
"rs3816193",2,143516377,"Uridine",1237.02579647873,276.199446312903,1.45499724237503e-05,"None"
"rs11645525",16,84644530,"Glutamine",147.369098541489,32.9041592550894,1.45501739531783e-05,"None"
"rs11054489",12,11939631,"Gulono.1.4.lactone",763.154044114552,170.399619785318,1.45576589275811e-05,"None"
"rs10742839",11,5890620,"N.acetylglycine",321.206027625603,71.7391986514575,1.46302179872718e-05,"None"
"rs17010085",3,72791534,"Hippurate",212.605005355286,47.4847616248984,1.46351800469329e-05,"None"
"rs6055744",20,8259546,"alpha.Hydroxybutyrate",260.954403892583,58.2880852360831,1.46566770488631e-05,"None"
"rs16875765",5,5628229,"alpha.Hydroxybutyrate",246.404416540733,55.0412564308697,1.46721339225664e-05,"None"
"rs139038",22,41997637,"alpha.Hydroxybutyrate",270.679745279518,60.4663610488711,1.46835502561566e-05,"None"
"rs10489135",1,4482059,"Linoleate..18.2.",1031.02992704534,230.348028185975,1.47181528247436e-05,"None"
"rs11887436",2,211952424,"alpha.Hydroxybutyrate",254.709573349817,56.9299153601419,1.48328898918855e-05,"None"
"rs7811179",7,8806096,"Glycochenodeoxycholate",651.488112688186,145.645698360463,1.48936577419188e-05,"None"
"rs13295326",9,72746499,"Linoleate..18.2.",1090.88971437078,244.062120716345,1.5103455109625e-05,"None"
"rs929174",7,126429839,"Linoleate..18.2.",830.757469511373,185.91643454333,1.51833717943852e-05,"None"
"rs16907395",12,11888887,"Hexanoylcarnitine..C6.",257.545616956077,57.6543097061732,1.52702257123711e-05,"None"
"rs17842735",16,20437818,"Hippurate",346.56120493061,77.6594569664879,1.55562949448484e-05,"None"
"rs10512170",9,87792215,"alpha.Hydroxybutyrate",271.744689273535,60.9188715330001,1.56731854212191e-05,"None"
"rs10905833",10,10898742,"Uridine",1764.25193489702,395.627087758828,1.57629451851516e-05,"None"
"rs17688430",3,62433123,"Pyridoxate",809.149082336875,181.456731453044,1.57757310342276e-05,"None"
"rs1888699",9,12451648,"alpha.Hydroxybutyrate",253.868774315351,56.9346428042783,1.57909733483845e-05,"None"
"rs17437990",18,10132983,"Isovalerylcarnitine..C5.",467.42264635012,104.843850147713,1.58351482755109e-05,"None"
"rs16861569",1,160621130,"Hippurate",311.054351286153,69.7782004908077,1.58689249195566e-05,"None"
"rs1606610",17,6242286,"Oleate..18.1.",452.452140191041,101.49779360192,1.5869241263939e-05,"None"
"rs12114331",8,217923,"Paraxanthine",424.054517264804,95.1299106341291,1.58769367953727e-05,"None"
"rs8023445",15,46980083,"alpha.Hydroxybutyrate",255.530944589448,57.3520451500453,1.60188112294452e-05,"None"
"rs214440",6,9502146,"Glutamine",87.1461366820094,19.5596265188737,1.60235666335455e-05,"None"
"rs8097632",18,74628258,"Paraxanthine",461.64828392512,103.628504709642,1.60613207535232e-05,"None"
"rs11576155",1,114514674,"Oleate..18.1.",558.539020761381,125.455086779578,1.62436202583665e-05,"None"
"rs16902784",5,87081284,"Threonate",240.203680429995,53.9667417319797,1.63205721434287e-05,"None"
"rs12142526",1,90177778,"Isovalerylcarnitine..C5.",436.08849978788,98.0034635937137,1.6403720813348e-05,"None"
"rs9312851",5,13929985,"alpha.Hydroxybutyrate",257.979668413377,57.9839023898063,1.64419972621484e-05,"None"
"rs1076164",17,2720682,"Uridine",1633.94132326282,367.255553073068,1.64489122259444e-05,"None"
"rs17223372",23,112899151,"Tyrosine",147.297858858192,33.1085953453427,1.64575347238567e-05,"None"
"rs1040449",23,96170341,"Gulono.1.4.lactone",717.658303254854,161.322979270764,1.64813221287684e-05,"None"
"rs7669823",4,157583159,"Erythritol",477.344617392592,107.3398083659,1.65862146044914e-05,"None"
"rs4239421",18,35009755,"Palmitoylcarnitine..C16.",-584.463453714231,131.467151579251,1.66782282336336e-05,"None"
"rs13223215",7,141497241,"Threonate",338.338356050111,76.11542954654,1.67216019931676e-05,"None"
"rs6445403",3,64397843,"alpha.Hydroxybutyrate",237.037397053596,53.343806975023,1.68246211202463e-05,"None"
"rs767186",5,142113598,"alpha.Hydroxybutyrate",225.456862837021,50.7564763077724,1.6939057511823e-05,"None"
"rs17488303",8,16762389,"Phenylalanine",1111.94482758525,250.42830572152,1.70623177010419e-05,"None"
"rs12607971",18,63771915,"Erythritol",920.034092450614,207.220155595441,1.70823670591474e-05,"None"
"rs4700243",5,57374114,"Leucine",762.648269521665,171.782598133527,1.71016493196622e-05,"None"
"rs1806156",11,31796992,"Glycine",553.193664204404,124.612826849805,1.71237398180102e-05,"None"
"rs10950078",7,66635681,"Oleate..18.1.",474.010468518876,106.784079600211,1.71475531279822e-05,"None"
"rs16978354",18,41206419,"Hypoxanthine",961.880495186564,216.734316498816,1.72111446704167e-05,"None"
"rs16896849",5,66826707,"alpha.Hydroxybutyrate",237.308429384808,53.4763369278406,1.72415198249954e-05,"None"
"rs6898965",5,53270465,"Palmitoylcarnitine..C16.",1044.29548105936,235.472942748146,1.74376725395713e-05,"None"
"rs13403523",2,177151824,"Hippurate",280.988730704648,63.3863109346064,1.75766045139514e-05,"None"
"rs9333546",6,43679359,"alpha.Hydroxybutyrate",292.387051667683,65.977110753853,1.76717170806025e-05,"None"
"rs11923681",3,62124475,"Glycine",576.31600829379,130.045987253323,1.76725444272987e-05,"None"
"rs3136152",16,13937335,"alpha.Hydroxybutyrate",285.357845375316,64.4254462375488,1.78448539351976e-05,"None"
"rs7334624",13,79498730,"Hippurate",382.267118770799,86.3132099649801,1.787682875309e-05,"None"
"rs6739467",2,203278732,"Pyridoxate",511.760450472522,115.589203504193,1.79821825440837e-05,"None"
"rs10521629",23,12736694,"Uridine",1385.51470105191,313.037494683898,1.80838915526541e-05,"None"
"rs10114899",9,24949557,"Hippurate",309.670761459305,69.9700260167808,1.81040521961581e-05,"None"
"rs5945108",23,153557591,"Palmitoylcarnitine..C16.",821.595586828496,185.670189179185,1.81588880241053e-05,"None"
"rs7111672",11,4391233,"Erythritol",514.08218759224,116.198991841098,1.8224144993461e-05,"None"
"rs10483067",21,40722724,"alpha.Hydroxybutyrate",239.385088023576,54.119201036878,1.82886641116229e-05,"None"
"rs1817664",11,106242434,"Propionylcarnitine..C3.",1011.79228881711,228.743799743784,1.82914815228552e-05,"None"
"rs12703532",7,142872766,"Taurocholate",162.734402192684,36.7925436394847,1.83086835071107e-05,"None"
"rs1317686",13,25512416,"X1.palmitoyl.GPC..16.0.",68.425850470384,15.4738373732039,1.83833889547112e-05,"None"
"rs750720",1,78194373,"Hippurate",327.870506633348,74.1519177913304,1.84158564789769e-05,"None"
"rs2796422",1,202222720,"alpha.Hydroxybutyrate",261.459351358865,59.1556599508252,1.85487586986747e-05,"None"
"rs1365323",11,115514170,"Hippurate",360.171060156103,81.4956251831764,1.8574620510453e-05,"None"
"rs902581",18,62063708,"Uridine",1643.59870347573,371.99667609264,1.86662031439061e-05,"None"
"rs7917268",10,77198003,"Uridine",1432.28177671956,324.218913082535,1.87181748187761e-05,"None"
"rs2586770",18,46597648,"Pyridoxate",683.36034910618,154.823774041383,1.90155939389477e-05,"None"
"rs11065374",12,119884588,"X1.oleoyl.GPC..18.1.",122.479430475588,27.7509681191747,1.90370859364286e-05,"None"
"rs2686792",7,48059372,"Hexanoylcarnitine..C6.",210.33217651608,47.6638251804387,1.9091254839021e-05,"None"
"rs493248",13,36371386,"X1.palmitoyl.GPC..16.0.",87.2494588741815,19.7728559253664,1.91099395367757e-05,"None"
"rs7358964",13,96612627,"Uridine",1611.18149116353,365.196936111779,1.91705258788716e-05,"None"
"rs1339248",9,77815460,"Isovalerylcarnitine..C5.",333.511650355134,75.6017993388369,1.92012526012389e-05,"None"
"rs4779767",15,27177475,"alpha.Hydroxybutyrate",267.030595620198,60.5425919123425,1.92643956405022e-05,"None"
"rs4789143",17,70639745,"alpha.Hydroxybutyrate",221.555403382139,50.2347715528821,1.92821242036606e-05,"None"
"rs3755326",2,241822555,"Hypoxanthine",544.88241112745,123.569012345764,1.93502080308502e-05,"None"
"rs4872419",8,26077882,"Caffeine",247.404248543803,56.1279778261945,1.94838326067454e-05,"None"
"rs10515857",5,162742541,"Uridine",1246.59857361797,282.840795420758,1.95188441292296e-05,"None"
"rs17030358",2,43167863,"alpha.Hydroxybutyrate",284.044498644953,64.4631221281576,1.96079055594461e-05,"None"
"rs11016000",10,129675988,"alpha.Hydroxybutyrate",224.545228394047,50.9629064992799,1.96286151743062e-05,"None"
"rs2472692",17,18799743,"Valine",582.217838480719,132.159384487619,1.96793566541537e-05,"None"
"rs16936772",10,80478713,"Hippurate",371.59753736692,84.3564455531878,1.97063058933316e-05,"None"
"rs16981123",21,28039454,"Isovalerylcarnitine..C5.",484.917336317234,110.131504642724,1.98693204100568e-05,"None"
"rs16877914",8,31315927,"Hexanoylcarnitine..C6.",228.561761745003,51.9213256023632,1.99505621161696e-05,"None"
"rs2732234",18,71655868,"alpha.Hydroxybutyrate",187.789294308805,42.6695077570437,2.00373147586219e-05,"None"
"rs6466066",7,104876049,"X1.linoleoyl.GPC..18.2.",85.5104840015147,19.4538067302828,2.04892802982863e-05,"None"
"rs7678272",4,153449318,"Isoleucine",147.360807224062,33.5370972432929,2.06238588871927e-05,"None"
"rs7222943",17,62318151,"Linoleate..18.2.",1013.94618373989,230.839923406121,2.07543407197256e-05,"None"
"rs6689041",1,218121303,"alpha.Hydroxybutyrate",277.048225718949,63.0751820530951,2.07604519440334e-05,"None"
"rs7936592",11,133620325,"alpha.Hydroxybutyrate",277.028887142682,63.0757336014338,2.07897425428976e-05,"None"
"rs17068542",8,3857017,"N.acetylglycine",269.421239162279,61.3548711133485,2.08585501345653e-05,"None"
"rs1021831",12,126707469,"X1.oleoyl.GPC..18.1.",118.078614121359,26.8920429893539,2.08890164910367e-05,"None"
"rs16830177",2,152101033,"Propionylcarnitine..C3.",1123.8755052923,255.964237287809,2.08963827812625e-05,"None"
"rs1957907",14,60929984,"Propionylcarnitine..C3.",956.559809866901,217.878805090931,2.09324652026934e-05,"None"
"rs1870162",10,87981078,"Taurocholate",159.288716363135,36.2966731913025,2.10876918562416e-05,"None"
"rs16996083",20,15523007,"alpha.Hydroxybutyrate",222.908790146006,50.7987377588908,2.11259455755001e-05,"None"
"rs9681018",3,33504519,"Hexanoylcarnitine..C6.",174.71955733122,39.8395109034302,2.13420439714366e-05,"None"
"rs2322790",17,12975344,"Glutamine",158.137088725268,36.0716195528888,2.14827267439e-05,"None"
"rs10908250",11,69404715,"Leucine",602.19045882279,137.434178425005,2.1686254387172e-05,"None"
"rs3829196",10,131452243,"Propionylcarnitine..C3.",1225.8977126302,279.780439534921,2.16882477890832e-05,"None"
"rs8005369",14,68816368,"Leucine",936.881271477846,213.865711592698,2.1771854524414e-05,"None"
"rs11902125",2,65692304,"Pyridoxate",778.964064456484,177.919979604569,2.19974870197825e-05,"None"
"rs299576",2,123526178,"alpha.Hydroxybutyrate",255.779491979908,58.4368450300804,2.21005558512499e-05,"None"
"rs6978192",7,22532464,"Oleate..18.1.",688.220269657789,157.258779926132,2.21609284972291e-05,"None"
"rs10470724",4,7598390,"alpha.Hydroxybutyrate",265.295416287043,60.6211201810868,2.21670905556517e-05,"None"
"rs16885510",5,55800618,"Pyridoxate",731.014433093939,167.099925479646,2.2309634203211e-05,"None"
"rs80680",22,44290254,"Linoleate..18.2.",1022.41845963172,233.737816155459,2.23554648330398e-05,"None"
"rs10123380",9,20067543,"Isoleucine",208.348238896439,47.6387675570081,2.2420129493861e-05,"None"
"rs1808374",5,170186559,"Glutamate",762.984384543671,174.498952814784,2.25182901708648e-05,"None"
"rs17664533",5,30686697,"Oleate..18.1.",687.603778567038,157.276290480845,2.25625022852543e-05,"None"
"rs273655",19,56363926,"Oleate..18.1.",604.561452546398,138.312153856349,2.26504512535426e-05,"None"
"rs16853604",1,164176790,"alpha.Hydroxybutyrate",192.404486504992,44.0191739986863,2.2656768105458e-05,"None"
"rs1245516",10,73572511,"Tyrosine",134.643391352945,30.8129743411934,2.27702233733398e-05,"None"
"rs10205764",2,227787491,"alpha.Hydroxybutyrate",222.007978557042,50.8243471730607,2.29149123594869e-05,"None"
"rs6528780",23,139824986,"Hexanoylcarnitine..C6.",249.38040779512,57.1117186271596,2.30651759167847e-05,"None"
"rs12204218",6,5458549,"Gulono.1.4.lactone",432.797287082507,99.1302621477939,2.31207602500518e-05,"None"
"rs476466",1,57436511,"Phenylalanine",810.946657865867,185.745751432534,2.3125372737014e-05,"None"
"rs10758242",9,34136776,"Taurocholate",82.6043741082304,18.9214294539221,2.31483705143854e-05,"None"
"rs4148157",4,89239958,"Uridine",1796.52181438106,411.538548776339,2.31740727350054e-05,"None"
"rs17099779",5,142353997,"Glycine",660.258484390255,151.28531383558,2.32735598674487e-05,"None"
"rs16857127",4,44273493,"alpha.Hydroxybutyrate",236.385898873051,54.1806625636001,2.34070923579599e-05,"None"
"rs16825024",1,184415169,"Linoleate..18.2.",1042.83110502403,239.035409975581,2.34315125647673e-05,"None"
"rs1881824",6,148379118,"Gulono.1.4.lactone",569.136155345182,130.492929890423,2.35491017413028e-05,"None"
"rs17135622",7,53229335,"Hippurate",338.002937814358,77.5038355117635,2.3579813186351e-05,"None"
"rs1876614",3,7296289,"Xanthine",1067.16955159962,244.718103178333,2.36086694686394e-05,"None"
"rs3760144",17,34210958,"alpha.Hydroxybutyrate",219.009183658967,50.2303985706189,2.36778046116254e-05,"None"
"rs17194099",12,91153869,"Caffeine",265.387149409647,60.867748282236,2.36807511476211e-05,"None"
"rs7568953",2,126249416,"Glycochenodeoxycholate",1140.25811001071,261.560933670539,2.37411014248691e-05,"None"
"rs4562370",8,90704907,"Glycochenodeoxycholate",790.020223475126,181.233397580102,2.3770487642529e-05,"None"
"rs4862831",4,188981208,"alpha.Hydroxybutyrate",239.415281137817,54.9381795729097,2.38894503083287e-05,"None"
"rs17390595",1,63348003,"Erythritol",536.817239561348,123.208882974255,2.39803812197895e-05,"None"
"rs8096871",18,68725703,"Xanthine",1051.52694967584,241.362073868465,2.40127180475596e-05,"None"
"rs3847835",12,51173889,"alpha.Hydroxybutyrate",216.679029835152,49.7734053987395,2.43395483669277e-05,"None"
"rs940390",10,95312034,"X1.oleoyl.GPC..18.1.",130.938382038007,30.0789880800074,2.43551877528543e-05,"None"
"rs6479746",10,62458439,"Propionylcarnitine..C3.",936.468919373101,215.196594078212,2.45001070694472e-05,"None"
"rs602905",1,153895252,"alpha.Hydroxybutyrate",255.747039253954,58.7727671427589,2.45235407578218e-05,"None"
"rs720052",12,57588487,"Hippurate",337.309645593879,77.5234461765567,2.4562263858085e-05,"None"
"rs16842073",1,157642668,"X1.oleoyl.GPC..18.1.",153.996232289935,35.3964716625018,2.46078286672791e-05,"None"
"rs2811578",1,116201852,"X1.oleoyl.GPC..18.1.",106.705670298582,24.5299095921389,2.46665078770919e-05,"None"
"rs7259472",19,16978375,"Phenylalanine",1120.95268597453,257.750573827638,2.47709203993978e-05,"None"
"rs1368538",8,16592499,"alpha.Hydroxybutyrate",189.182445400129,43.5145149602448,2.4913194300664e-05,"None"
"rs7785386",7,79891845,"Pyridoxate",523.641577966387,120.454245955654,2.49483105683557e-05,"None"
"rs17082485",6,120979526,"Palmitoylcarnitine..C16.",829.930880581403,190.987051096122,2.51251928208552e-05,"None"
"rs16923508",9,1987552,"Taurocholate",193.699895683182,44.5752838004576,2.51279782847235e-05,"None"
"rs9531106",13,80188378,"Valine",758.490208642857,174.560062680576,2.51587751598783e-05,"None"
"rs2136822",4,67165359,"Phenylalanine",1483.28445439981,341.390650583851,2.51917399271583e-05,"None"
"rs7378584",5,175525010,"X1.palmitoyl.GPC..16.0.",63.4346411033551,14.6006001644775,2.52091666244917e-05,"None"
"rs808260",10,116459038,"X1.oleoyl.GPC..18.1.",193.008712499138,44.4385171851266,2.53511130266055e-05,"None"
"rs6575709",14,98576095,"alpha.Hydroxybutyrate",250.808424576495,57.7474309944299,2.53592388361427e-05,"None"
"rs2710935",3,183729773,"Palmitoylcarnitine..C16.",756.421912185448,174.183601067336,2.54133978543137e-05,"None"
"rs7964049",12,24220741,"Linoleate..18.2.",1134.62007689902,261.356897607682,2.55583648399037e-05,"None"
"rs16896479",8,123059031,"Caffeine",145.269443196613,33.4739309266507,2.57130355749175e-05,"None"
"rs1326016",20,54147878,"Glutamine",143.293744948236,33.0208359144608,2.57426096799696e-05,"None"
"rs275876",18,20103018,"X1.oleoyl.GPC..18.1.",146.451655534165,33.7492510892458,2.57520182328593e-05,"None"
"rs2785250",10,33856277,"alpha.Hydroxybutyrate",273.868041081309,63.1653015089881,2.61376616718542e-05,"None"
"rs6513367",20,56077689,"Glutamine",142.567860597325,32.8925789127308,2.62850126568322e-05,"None"
"rs17185211",18,65299361,"Gulono.1.4.lactone",687.095016526158,158.620581244769,2.65694120234791e-05,"None"
"rs3730406",16,65787923,"Glycine",599.478486453349,138.397250224025,2.65813424246123e-05,"None"
"rs156601",20,51443548,"Phenylalanine",1153.7688418761,266.493738964027,2.68122374566471e-05,"None"
"rs41342147",2,242056261,"Paraxanthine",312.876649050637,72.2894065517522,2.69567466169475e-05,"None"
"rs17434403",1,204803899,"Threonate",346.640053635442,80.093236830398,2.69736974506187e-05,"None"
"rs11686482",2,153086085,"Glycine",488.499025283449,112.876882291813,2.70000239691604e-05,"None"
"rs2099166",8,27381108,"Linoleate..18.2.",999.970594041187,231.235452209974,2.73567849303764e-05,"None"
"rs17709877",17,50226113,"Hexanoylcarnitine..C6.",184.727780613825,42.751003238917,2.77412308415106e-05,"None"
"rs173638",5,146198419,"Tyrosine",139.014298428377,32.1728914576118,2.77596630923727e-05,"None"
"rs10085484",7,63769540,"Paraxanthine",397.461961205521,91.9913790372325,2.77830346243289e-05,"None"
"rs16926137",8,61484269,"Pyridoxate",501.730229555188,116.139390271061,2.78475536674198e-05,"None"
"rs7733931",5,50044747,"Hexanoylcarnitine..C6.",214.538946334299,49.6734926701539,2.79700879265959e-05,"None"
"rs4682639",3,131926189,"Hexanoylcarnitine..C6.",180.860256276541,41.8798716733112,2.80191634621243e-05,"None"
"rs2164021",8,120807344,"alpha.Hydroxybutyrate",185.721726634006,43.0094343290464,2.80628750355764e-05,"None"
"rs7838182",8,54969601,"alpha.Hydroxybutyrate",249.45147238884,57.7855844084644,2.82124533530529e-05,"None"
"rs11149155",13,79628954,"alpha.Hydroxybutyrate",251.129501816699,58.1788529232683,2.82509533129391e-05,"None"
"rs12038771",1,5646230,"Paraxanthine",515.902455699655,119.519743728461,2.82562128713169e-05,"None"
"rs17056764",5,158816251,"X1.oleoyl.GPC..18.1.",227.267264476333,52.656598355907,2.83059809351943e-05,"None"
"rs4784651",16,54869275,"Glutamate",382.414145877987,88.6046609655804,2.83135951762313e-05,"None"
"rs7294490",12,42594009,"alpha.Hydroxybutyrate",249.404244712395,57.8119168476778,2.85312096586453e-05,"None"
"rs41404246",23,10147120,"Uridine",1489.78332299018,345.342498160966,2.85465283178253e-05,"None"
"rs16963927",17,31228920,"alpha.Hydroxybutyrate",228.765442427782,53.0542710755766,2.87797084302219e-05,"None"
"rs9873245",3,65687373,"Gulono.1.4.lactone",495.623178960165,114.950428336671,2.8813218600483e-05,"None"
"rs16957974",15,44776510,"Valine",689.214753732385,159.874394263101,2.88887363324562e-05,"None"
"rs13139200",4,20275938,"Propionylcarnitine..C3.",1105.53286838837,256.48241891774,2.89600663478954e-05,"None"
"rs3865444",19,56419774,"Palmitoylcarnitine..C16.",684.897364718988,158.926483260815,2.90585703358936e-05,"None"
"rs17101216",14,63004076,"Hexanoylcarnitine..C6.",246.426351805413,57.1949216270471,2.91745361640774e-05,"None"
"rs8061363",16,64339519,"alpha.Hydroxybutyrate",203.095169473565,47.1401120246748,2.91986972865372e-05,"None"
"rs41335148",2,112201804,"Hypoxanthine",783.165148899561,181.816806866415,2.93035812442355e-05,"None"
"rs17427572",1,22160453,"Palmitoylcarnitine..C16.",1138.40685881181,264.289612917694,2.93058286050334e-05,"None"
"rs9699051",23,66904482,"Hypoxanthine",677.907256236412,157.441211749709,2.95004017468072e-05,"None"
"rs4485354",16,57358776,"Oleate..18.1.",694.237294766668,161.296268795441,2.96993292893862e-05,"None"
"rs5981187",23,68343158,"Glutamate",641.089050393632,148.949976017136,2.97060873364624e-05,"None"
"rs11234095",11,83990352,"X1.linoleoyl.GPC..18.2.",77.0567228697001,17.908519522618,2.98571695068059e-05,"None"
"rs13229259",7,93440637,"Paraxanthine",410.671811882987,95.4521297771589,2.99067554472052e-05,"None"
"rs4368251",18,63862253,"alpha.Hydroxybutyrate",230.297884323009,53.5351638558333,2.9976597863198e-05,"None"
"rs12070343",1,117596358,"alpha.Hydroxybutyrate",236.786887927685,55.0485323444701,3.00231622925569e-05,"None"
"rs246958",5,132838545,"Glycochenodeoxycholate",886.151824396511,206.095513877521,3.02301674662649e-05,"None"
"rs10487231",7,93158085,"alpha.Hydroxybutyrate",230.633267412899,53.6414815862316,3.02523609980642e-05,"None"
"rs17050070",4,139121798,"Palmitoylcarnitine..C16.",1183.18596941886,275.281581546988,3.04280730556179e-05,"None"
"rs4327453",4,94942291,"Taurocholate",98.061659265035,22.8192605385607,3.05229836586884e-05,"None"
"rs17782157",14,73279749,"Oleate..18.1.",676.84421924321,157.579065239674,3.07761250456752e-05,"None"
"rs7021724",9,2517900,"alpha.Hydroxybutyrate",254.806487279055,59.326590789454,3.08118017202457e-05,"None"
"rs16891116",5,62155105,"Paraxanthine",454.398165540785,105.805302290173,3.08509961392489e-05,"None"
"rs1923255",13,39985512,"Glycine",455.053882517089,105.988005771153,3.10023401460794e-05,"None"
"rs2921987",2,45108031,"Uridine",1210.90286581774,282.065316807903,3.10596945617675e-05,"None"
"rs2455066",19,56333487,"Glutamine",154.069730790683,35.9064633395482,3.13261258430184e-05,"None"
"rs17191965",16,6527305,"Hexanoylcarnitine..C6.",230.107470582211,53.6329061384581,3.138254949829e-05,"None"
"rs11074436",16,20085436,"Hippurate",255.185992530478,59.4856477776522,3.1450861331556e-05,"None"
"rs5939127",23,2370741,"Hippurate",319.072013888439,74.4007306704427,3.1617514146721e-05,"None"
"rs17098586",10,120996217,"Paraxanthine",484.124346678324,112.902018443646,3.16882271901065e-05,"None"
"rs16838142",1,29542660,"X1.oleoyl.GPC..18.1.",151.04833235706,35.231583997065,3.17781844422922e-05,"None"
"rs6062102",20,60176853,"Hippurate",350.56593867275,81.7935483411343,3.19463658198301e-05,"None"
"rs6959944",7,20740616,"Glutamate",826.706557451784,192.903365461151,3.19959125539362e-05,"None"
"rs11133930",5,2211553,"Glycine",461.819973279059,107.764772536451,3.20158096442286e-05,"None"
"rs1448265",16,10134609,"Isoleucine",193.104092645367,45.0694250840095,3.21256727993881e-05,"None"
"rs8087497",18,26241506,"Linoleate..18.2.",732.064471590571,170.862197916655,3.21334626710317e-05,"None"
"rs2271315",17,6743013,"Tyrosine",151.616253518032,35.3928647913433,3.22269140632433e-05,"None"
"rs7931121",11,4355135,"Gulono.1.4.lactone",426.908968535578,99.6616430833465,3.22560435189352e-05,"None"
"rs4426233",13,39838726,"Glycochenodeoxycholate",1190.15411072577,278.04210797154,3.26602706554937e-05,"None"
"rs11738464",5,132753092,"Glutamate",692.911079280365,161.886252142653,3.26927058264737e-05,"None"
"rs17043004",2,21855571,"alpha.Hydroxybutyrate",221.227865721087,51.6892733501999,3.27291082632424e-05,"None"
"rs6982827",8,109633341,"alpha.Hydroxybutyrate",193.009270188723,45.1043599885727,3.28325059636868e-05,"None"
"rs17671975",7,68311351,"alpha.Hydroxybutyrate",194.391679521819,45.4324146664231,3.28946025688209e-05,"None"
"rs7286006",22,38745971,"Hippurate",370.542799587868,86.644579149893,3.31750993233289e-05,"None"
"rs5918955",23,64720598,"Uridine",1178.54540689729,275.587029264301,3.31874658360583e-05,"None"
"rs7634813",3,117038899,"Paraxanthine",434.256830120288,101.600879425453,3.35012448751595e-05,"None"
"rs17253318",9,22476246,"Oleate..18.1.",409.420047511568,95.8095166022919,3.36187399911183e-05,"None"
"rs2889672",1,215587023,"alpha.Hydroxybutyrate",239.179332035258,55.9717462190856,3.36262510179812e-05,"None"
"rs17087338",4,67133923,"Linoleate..18.2.",595.27867800219,139.349229424003,3.38111341710271e-05,"None"
"rs2769916",13,106618390,"Isoleucine",97.5353658978986,22.8332471680626,3.38395596468297e-05,"None"
"rs17109739",14,79218034,"Phenylalanine",1431.29923000281,335.098050112965,3.38874858193122e-05,"None"
"rs12409689",1,5095111,"Glycine",581.838589965316,136.289139493539,3.41788159789102e-05,"None"
"rs11662819",18,8354742,"X1.oleoyl.GPC..18.1.",147.079564943148,34.4531622457937,3.42030872478351e-05,"None"
"rs2823730",21,16565056,"alpha.Hydroxybutyrate",301.7014578285,70.689868804134,3.43420946363482e-05,"None"
"rs11136360",8,1140018,"Linoleate..18.2.",739.323626192317,173.243787715194,3.44007003843002e-05,"None"
"rs2462733",11,93373126,"X1.linoleoyl.GPC..18.2.",78.8763499209406,18.485205726131,3.44744230709103e-05,"None"
"rs7836494",8,29254724,"Hippurate",341.74795715914,80.108256383108,3.46019730119197e-05,"None"
"rs17384124",15,47005799,"Leucine",509.189526657634,119.364376902041,3.4634545326913e-05,"None"
"rs17693689",18,53927110,"Propionylcarnitine..C3.",896.273613024405,210.108111721503,3.46439948402455e-05,"None"
"rs571196",23,137807942,"X1.palmitoyl.GPC..16.0.",80.9275247383069,18.9844195912193,3.50533687165221e-05,"None"
"rs1049466",10,103912053,"Paraxanthine",510.170551731693,119.679403983925,3.5057451025453e-05,"None"
"rs12685495",9,83524542,"alpha.Hydroxybutyrate",212.155319035115,49.7700949590952,3.50719328832865e-05,"None"
"rs7628932",3,42525327,"Isoleucine",194.533219085592,45.6392998302558,3.51141892842894e-05,"None"
"rs17208239",2,227305941,"Phenylalanine",1427.98160229421,335.040227311549,3.51544037993026e-05,"None"
"rs2834448",21,34622354,"alpha.Hydroxybutyrate",220.559702837015,51.7506641090256,3.51756945720448e-05,"None"
"rs6438948",3,127132735,"alpha.Hydroxybutyrate",164.483494255262,38.600175030224,3.52824699699231e-05,"None"
"rs9534034",13,44595136,"Glutamine",140.1864297227,32.9099060970296,3.54959707713364e-05,"None"
"rs6921387",6,93861303,"alpha.Hydroxybutyrate",222.796315401452,52.3131436704846,3.56105422463323e-05,"None"
"rs7995793",13,23748710,"alpha.Hydroxybutyrate",279.298945253949,65.5918264568893,3.57190971677549e-05,"None"
"rs3885179",19,14688830,"Hippurate",365.428879278851,85.832195740213,3.5812945234033e-05,"None"
"rs28515664",16,81784162,"alpha.Hydroxybutyrate",249.475575722117,58.6135413648321,3.59853936214486e-05,"None"
"rs2833237",21,31352119,"alpha.Hydroxybutyrate",176.788484717993,41.5388185091554,3.60280509230864e-05,"None"
"rs17090036",4,60922822,"Paraxanthine",543.87923350759,127.813613883406,3.61333030440595e-05,"None"
"rs12608218",18,67465207,"Tyrosine",136.064846822511,31.9788386827668,3.61929452790893e-05,"None"
"rs6547315",2,80656163,"Threonate",369.530542606635,86.859491407936,3.62641432678827e-05,"None"
"rs2013340",5,38135369,"Oleate..18.1.",642.84732889142,151.106434647004,3.62757481071181e-05,"None"
"rs1578133",6,81666057,"Hippurate",368.921786050355,86.7208502503039,3.62957919274242e-05,"None"
"rs11154581",6,130812526,"Propionylcarnitine..C3.",1068.94399371434,251.321179675957,3.64166264517329e-05,"None"
"rs17032149",4,156010096,"Gulono.1.4.lactone",728.616345322112,171.311751947563,3.64367384142449e-05,"None"
"rs1537583",6,157090329,"Valine",352.400449268552,82.860931505704,3.64725592800308e-05,"None"
"rs27311",5,96530864,"alpha.Hydroxybutyrate",278.931011228609,65.6019924309082,3.66253647473925e-05,"None"
"rs16874588",7,8887669,"Isovalerylcarnitine..C5.",354.715406839061,83.4291042800919,3.66501550684865e-05,"None"
"rs12133895",1,224524658,"Paraxanthine",330.726648924513,77.7889790500218,3.66664307080152e-05,"None"
"rs10505342",8,119674736,"Uridine",1166.62209454241,274.40499780138,3.6684988312388e-05,"None"
"rs6679048",1,213612425,"Hypoxanthine",891.086567086365,209.603308372262,3.67085465404498e-05,"None"
"rs17294061",10,1710740,"Isovalerylcarnitine..C5.",376.335574687256,88.5259721074358,3.67332352924245e-05,"None"
"rs17705117",11,108395930,"Isovalerylcarnitine..C5.",551.852446969473,129.854220340107,3.69314446330351e-05,"None"
"rs6497380",16,19401607,"Hexanoylcarnitine..C6.",238.225126938483,56.0903380898321,3.73191873472522e-05,"None"
"rs2176694",2,222201673,"Hexanoylcarnitine..C6.",241.212238284898,56.8024407354064,3.74171597260131e-05,"None"
"rs1523211",9,14927012,"N.acetylglycine",207.895916550354,48.9576680440808,3.74275375966929e-05,"None"
"rs10905833",10,10898742,"Linoleate..18.2.",1017.96669973334,239.730385680571,3.74490864318547e-05,"None"
"rs17328218",23,12752699,"Uridine",1045.23898767429,246.244224916533,3.76849603684179e-05,"None"
"rs17278663",14,43482571,"alpha.Hydroxybutyrate",253.295436046473,59.6736871644972,3.76923910158141e-05,"None"
"rs2833336",21,31503585,"Paraxanthine",496.378513582123,116.94868421107,3.77318895886669e-05,"None"
"rs2084436",1,30154594,"Valine",488.016339238872,115.003264992274,3.78696039567256e-05,"None"
"rs7871241",9,130691025,"Isovalerylcarnitine..C5.",316.323169814597,74.5484260271643,3.79163771339597e-05,"None"
"rs17037755",4,160079380,"Hippurate",344.278246214343,81.1375380468914,3.79234261405684e-05,"None"
"rs11646984",16,6851211,"Glycine",511.907241702016,120.65898987588,3.80065299584134e-05,"None"
"rs17092018",8,20010485,"Gulono.1.4.lactone",480.434644744275,113.294313756422,3.83118035019359e-05,"None"
"rs9390490",6,148034366,"Oleate..18.1.",533.291156247655,125.764596340058,3.83419821184478e-05,"None"
"rs7593363",2,224926182,"Isoleucine",155.980304600956,36.7931639374249,3.84965416063655e-05,"None"
"rs2098885",8,54290198,"Erythritol",601.646749557923,141.932001206211,3.85585811547755e-05,"None"
"rs882011",2,22565174,"Isovalerylcarnitine..C5.",435.844008533416,102.81964806269,3.85680062917839e-05,"None"
"rs1420411",12,96715212,"X1.linoleoyl.GPC..18.2.",53.2405846332218,12.5604785540335,3.85955340926361e-05,"None"
"rs16974887",18,10545012,"Valine",483.905222451079,114.17361163822,3.86587388415848e-05,"None"
"rs4882714",12,127743498,"Gulono.1.4.lactone",453.49429825809,107.017299660821,3.87742799630454e-05,"None"
"rs3810849",5,54598999,"alpha.Hydroxybutyrate",241.092477814215,56.9328561751978,3.92246909513812e-05,"None"
"rs7845814",8,56419043,"Propionylcarnitine..C3.",1188.81097955464,280.81775513275,3.94269545973428e-05,"None"
"rs3200218",8,19868351,"Phenylalanine",1094.24749097725,258.494674920521,3.94641441720164e-05,"None"
"rs7701007",5,95174048,"Glutamine",141.966729085436,33.5494900120658,3.97150399797392e-05,"None"
"rs2682120",11,6306342,"Hypoxanthine",699.221162903774,165.253543344388,3.97718828703377e-05,"None"
"rs17142281",10,7018367,"Pyridoxate",462.740121443212,109.372226170673,3.98238718182856e-05,"None"
"rs17821135",15,56283262,"Isovalerylcarnitine..C5.",439.664566725718,103.936359502289,3.99416273297989e-05,"None"
"rs4278438",10,132419543,"Isovalerylcarnitine..C5.",345.954373838159,81.783570745839,3.99434983265309e-05,"None"
"rs2097983",19,62472907,"Hypoxanthine",539.396883271883,127.513525125694,3.99443914565711e-05,"None"
"rs4925619",1,245537459,"Gulono.1.4.lactone",533.99965925737,126.250461150796,4.00128579071572e-05,"None"
"rs10131611",14,87838368,"Hypoxanthine",946.412029442879,223.77377350802,4.00701940136931e-05,"None"
"rs1002363",4,37033954,"Oleate..18.1.",433.356218274598,102.494611724197,4.02679837413434e-05,"None"
"rs7127163",11,96536626,"alpha.Hydroxybutyrate",262.037128794535,62.034378427877,4.09178709256604e-05,"None"
"rs12514249",5,31738040,"Gulono.1.4.lactone",659.286163341664,156.08568036344,4.09487387729489e-05,"None"
"rs16993306",20,7200261,"Glycine",486.643005563382,115.213187403196,4.09528649857038e-05,"None"
"rs231707",4,2664183,"Xanthine",676.638158243802,160.210378484562,4.10201559022073e-05,"None"
"rs10894589",11,131998236,"Uridine",1473.48116487213,349.025055876703,4.13031390235079e-05,"None"
"rs2161575",19,16116239,"alpha.Hydroxybutyrate",267.340064391137,63.3466402702892,4.15391867032105e-05,"None"
"rs4734218",8,111092599,"Leucine",526.920331841112,124.857302668384,4.15543553842217e-05,"None"
"rs324755",3,79358278,"Hippurate",288.602246534164,68.3959948214025,4.16539092261548e-05,"None"
"rs7818169",8,11784641,"alpha.Hydroxybutyrate",206.665427287802,48.9858899099651,4.1770178413541e-05,"None"
"rs4377487",3,189528013,"Taurocholate",139.304861557516,33.023851022499,4.18642191034053e-05,"None"
"rs17115708",14,71979336,"Erythritol",602.1998172571,142.812595734681,4.21306408656332e-05,"None"
"rs9964268",18,60368980,"alpha.Hydroxybutyrate",226.201849922578,53.6484443228404,4.21876814774203e-05,"None"
"rs2466030",8,128276320,"Hexanoylcarnitine..C6.",151.914941093002,36.046818025995,4.25230956150923e-05,"None"
"rs4902833",14,70173834,"Gulono.1.4.lactone",701.956802502169,166.566816141743,4.25421901687852e-05,"None"
"rs10892151",11,117036941,"Xanthine",1105.76023376343,262.392243137803,4.2561742540332e-05,"None"
"rs7302923",12,50202853,"Glycine",399.402139381403,94.7776718524477,4.25709658572712e-05,"None"
"rs7585775",2,77431845,"Glutamate",681.593026757624,161.74619219456,4.25927447261022e-05,"None"
"rs17581075",4,38053258,"alpha.Hydroxybutyrate",250.512039459055,59.4624783223635,4.27661157823081e-05,"None"
"rs3115752",1,184626373,"Isovalerylcarnitine..C5.",372.763722843917,88.4816594156139,4.27747041116329e-05,"None"
"rs1344024",5,71326135,"Isoleucine",215.057698684746,51.0526091570407,4.28461214490058e-05,"None"
"rs17129610",10,91726648,"Taurocholate",174.75176073638,41.487641497763,4.29026289113801e-05,"None"
"rs594452",13,36144675,"Erythritol",844.16114695326,200.466430604874,4.30997365405859e-05,"None"
"rs11881639",19,61809436,"alpha.Hydroxybutyrate",272.757880349507,64.7788700895538,4.31657188704573e-05,"None"
"rs2007633",4,15149384,"Gulono.1.4.lactone",789.340789091097,187.474620912475,4.32020591854933e-05,"None"
"rs755254",10,13008009,"Tyrosine",107.266644414711,25.4767427634733,4.32041672020418e-05,"None"
"rs6420267",9,70432008,"alpha.Hydroxybutyrate",205.412491442684,48.7878065821132,4.32128695263648e-05,"None"
"rs7527754",1,95567184,"Paraxanthine",504.64470128592,119.874700056396,4.33083249728249e-05,"None"
"rs4634109",3,64267925,"alpha.Hydroxybutyrate",236.073786372087,56.084635677659,4.33988782034662e-05,"None"
"rs7175886",15,31780252,"Paraxanthine",431.925677125793,102.623697186727,4.34698381523881e-05,"None"
"rs17286891",5,140532958,"Xanthine",870.408706342218,206.945177208515,4.39626833305016e-05,"None"
"rs998413",7,31990756,"Glutamate",519.187944731835,123.446930501803,4.40025576282343e-05,"None"
"rs17665586",11,37640228,"Glycine",581.758983251091,138.344544635079,4.41095173409761e-05,"None"
"rs641260",8,16731145,"Glycochenodeoxycholate",1103.9123594048,262.571460300149,4.42688956739824e-05,"None"
"rs11606555",11,95691729,"alpha.Hydroxybutyrate",191.333674236122,45.516631236441,4.4380747150341e-05,"None"
"rs9686972",5,52821296,"Pyridoxate",426.417876914633,101.442358515757,4.43896586169429e-05,"None"
"rs16891116",5,62155105,"Hypoxanthine",779.911060313297,185.617402356976,4.47136804854591e-05,"None"
"rs16999893",20,52687025,"alpha.Hydroxybutyrate",197.616095719893,47.033462805374,4.47325855187499e-05,"None"
"rs4973309",2,228333406,"Glutamine",107.793876567869,25.6597326613492,4.4858584557693e-05,"None"
"rs17019622",12,90736668,"Hexanoylcarnitine..C6.",238.746071399463,56.8700567943828,4.53584871642735e-05,"None"
"rs4500154",9,83054645,"alpha.Hydroxybutyrate",208.625817031861,49.701729495599,4.54558381313094e-05,"None"
"rs5994459",22,30690202,"Glycine",502.432983266684,119.715749137735,4.55772086782985e-05,"None"
"rs6513367",20,56077689,"Gulono.1.4.lactone",641.348036847034,152.816756984385,4.55842942595437e-05,"None"
"rs10068883",5,127359513,"Threonate",190.189545125144,45.3296437089482,4.57912772689932e-05,"None"
"rs1864347",1,157003141,"Isovalerylcarnitine..C5.",263.975814059894,62.921988167997,4.58659776417446e-05,"None"
"rs3745566",19,6641966,"Hexanoylcarnitine..C6.",170.429901643373,40.6275874104747,4.59307931427182e-05,"None"
"rs16848600",1,173785168,"X1.oleoyl.GPC..18.1.",233.198338209136,55.5935674340127,4.59726871042723e-05,"None"
"rs10046248",6,114327042,"alpha.Hydroxybutyrate",236.33005080011,56.3410213149689,4.59844166827011e-05,"None"
"rs7142719",14,67087708,"Uridine",1287.74854242745,307.103853048889,4.62459515137548e-05,"None"
"rs4233982",2,211856682,"Isovalerylcarnitine..C5.",311.774619358316,74.3557684518789,4.62807811533314e-05,"None"
"rs2652154",5,2336105,"Isoleucine",125.835993350353,30.0120125102381,4.63096524247296e-05,"None"
"rs17835780",12,3329403,"Paraxanthine",424.814720217223,101.334745589776,4.64311030429768e-05,"None"
"rs16854785",1,229894699,"Oleate..18.1.",592.56766661606,141.351238831301,4.64361453044081e-05,"None"
"rs2795381",9,103719607,"Glycine",412.658404875156,98.4357279798739,4.6436843599361e-05,"None"
"rs11247281",15,99701852,"Linoleate..18.2.",598.730712863213,142.82986200135,4.64819292213576e-05,"None"
"rs928381",10,121892140,"alpha.Hydroxybutyrate",187.43621770496,44.7164188170407,4.65281294394794e-05,"None"
"rs4495116",4,6413548,"alpha.Hydroxybutyrate",213.834635654638,51.022665535628,4.66554383423592e-05,"None"
"rs841347",1,94911036,"alpha.Hydroxybutyrate",219.323381170896,52.3350494225101,4.66957178296587e-05,"None"
"rs2532103",15,89178254,"Hypoxanthine",684.498466896859,163.365120815064,4.68369494344971e-05,"None"
"rs41380647",23,138302403,"Glutamine",73.34486311992,17.5055611569326,4.6871759346593e-05,"None"
"rs17821569",13,27113431,"Hexanoylcarnitine..C6.",240.285089296112,57.3643469273828,4.70668207534816e-05,"None"
"rs246219",16,15993136,"alpha.Hydroxybutyrate",198.022801771731,47.2800377100899,4.71519196595181e-05,"None"
"rs1904907",8,40061816,"Hippurate",347.426771801137,82.9584596478197,4.72144830765735e-05,"None"
"rs10517062",4,42628253,"Oleate..18.1.",527.85565012567,126.047818697196,4.72554609673904e-05,"None"
"rs17096870",14,30054233,"Hexanoylcarnitine..C6.",248.545794678867,59.3585362928889,4.73575051951674e-05,"None"
"rs10500251",19,36625384,"Glutamine",87.9537770920882,21.0087362197322,4.74815667488402e-05,"None"
"rs658604",12,3879230,"Propionylcarnitine..C3.",740.831598080789,177.010259678591,4.77236018652735e-05,"None"
"rs34165419",9,106715847,"Oleate..18.1.",475.949055932814,113.73348196235,4.78125724999243e-05,"None"
"rs6748307",2,235048683,"Isovalerylcarnitine..C5.",301.648164038743,72.0883589425944,4.78792050877307e-05,"None"
"rs10508518",10,17081479,"Glycochenodeoxycholate",820.266139239004,196.040740708509,4.79286093595522e-05,"None"
"rs4078225",17,33758810,"alpha.Hydroxybutyrate",250.006400421268,59.7636858423078,4.81016172258221e-05,"None"
"rs901799",7,129718638,"Uridine",1075.72714694086,257.168721217975,4.81561215096437e-05,"None"
"rs7119574",11,7615869,"Isoleucine",191.272417247781,45.7287081838616,4.81938141989511e-05,"None"
"rs12970656",18,26522888,"Linoleate..18.2.",695.576998304153,166.304025931137,4.82322569226363e-05,"None"
"rs9571419",13,65001891,"Glycochenodeoxycholate",796.027594543079,190.325153219976,4.8251547787654e-05,"None"
"rs7567228",2,209122744,"Uridine",1509.3029562302,360.86833908102,4.82594260446795e-05,"None"
"rs17120076",8,14594595,"N.acetylglycine",366.291416104648,87.5913155523962,4.83732434265617e-05,"None"
"rs932181",2,225949116,"X1.oleoyl.GPC..18.1.",133.201905306709,31.8526691295925,4.83752399250655e-05,"None"
"rs6476934",9,4983267,"Isoleucine",195.490399371654,46.7531413338209,4.84672244166862e-05,"None"
"rs11165727",1,97076109,"Glycine",578.500930397606,138.355186313484,4.84783154244753e-05,"None"
"rs16829396",1,190402989,"Glycine",484.888114566101,115.997023314253,4.86886594295905e-05,"None"
"rs16901494",5,31766567,"Glutamate",602.544637355008,144.14766150955,4.87128435807637e-05,"None"
"rs9445305",6,95262434,"Paraxanthine",365.317240981039,87.3991104002821,4.87470332208282e-05,"None"
"rs7366204",1,204163098,"Glycochenodeoxycholate",830.542603008582,198.758379205687,4.89821588332347e-05,"None"
"rs558930",13,74684158,"Xanthine",901.022033960988,215.682379312285,4.9197819537967e-05,"None"
"rs6876869",5,149576572,"alpha.Hydroxybutyrate",224.260788088815,53.7013346521101,4.94832837115729e-05,"None"
"rs295867",17,32222676,"Linoleate..18.2.",478.116253374959,114.494159259401,4.95172475420984e-05,"None"
"rs578786",18,24782107,"Threonate",249.374911986347,59.7196819084552,4.95452413885061e-05,"None"
"rs16996176",23,150745890,"alpha.Hydroxybutyrate",225.627777243467,54.035686252562,4.95891926074766e-05,"None"
"rs11216567",11,117203693,"Tyrosine",144.515836501574,34.6104885061341,4.95970572238271e-05,"None"
"rs2982486",1,18712395,"Isovalerylcarnitine..C5.",517.533934721528,123.949132708761,4.96203328712411e-05,"None"
"rs10229260",7,105429322,"Oleate..18.1.",654.274177513816,156.736159884705,4.98178081004559e-05,"None"
"rs1860642",18,23969771,"Erythritol",492.24978657549,117.92572066094,4.98434588296479e-05,"None"
"rs16856558",2,169754899,"Isoleucine",177.779387939313,42.5897560477516,4.98448631865044e-05,"None"
"rs9291747",5,61430690,"X1.palmitoyl.GPC..16.0.",75.0291427664535,17.9774551650822,4.99857622013515e-05,"None"
"rs3600",12,32788211,"Hippurate",362.514429420643,86.8648319876661,5.00245213504181e-05,"None"
"rs9287357",2,144515664,"Palmitoylcarnitine..C16.",675.408668090184,161.843867543348,5.00452453028964e-05,"None"
"rs12367273",12,11598673,"Hexanoylcarnitine..C6.",214.427072618759,51.3855003862528,5.01047291620997e-05,"None"
"rs1438649",13,68325735,"alpha.Hydroxybutyrate",218.732869716261,52.4243759581251,5.02153939609007e-05,"None"
"rs4543816",1,83769515,"N.acetylglycine",365.381575404727,87.5758756297856,5.02508285421839e-05,"None"
"rs7578066",2,30830156,"Erythritol",893.478345953893,214.178176792662,5.03524324710731e-05,"None"
"rs6961256",7,16697717,"Propionylcarnitine..C3.",1173.04518749036,281.247946246772,5.05117216156461e-05,"None"
"rs11085118",19,5165158,"Hypoxanthine",384.362684935583,92.1733197955016,5.06828938342758e-05,"None"
"rs3764276",16,29580704,"alpha.Hydroxybutyrate",151.402749778379,36.3102419081765,5.07430811530601e-05,"None"
"rs2058278",7,8100282,"alpha.Hydroxybutyrate",182.348099101082,43.7366381984226,5.08368013233418e-05,"None"
"rs17812574",20,13935668,"Valine",730.746604873482,175.326855805485,5.11017845453628e-05,"None"
"rs4715033",6,47672263,"Theobromine",618.151693312483,148.32590278292,5.11796916483002e-05,"None"
"rs7146102",14,56267699,"Hippurate",260.039449494442,62.4198421112547,5.14929601433294e-05,"None"
"rs10836933",11,38102233,"Phenylalanine",1019.98355067582,244.871225867478,5.16120487061065e-05,"None"
"rs3001940",13,28349572,"X1.linoleoyl.GPC..18.2.",47.3065086705848,11.3577146716536,5.16617148142561e-05,"None"
"rs9993627",4,96575782,"Linoleate..18.2.",507.299085663405,121.807205038369,5.17375397555245e-05,"None"
"rs6936494",6,89154831,"Hippurate",331.966703501372,79.7096209757102,5.17518400549286e-05,"None"
"rs1365681",8,82281514,"Glycine",503.438891461908,120.890136066042,5.1806352299198e-05,"None"
"rs12639868",4,77632125,"Uridine",1377.75396681653,330.895110831516,5.1952389863224e-05,"None"
"rs1582496",5,125146757,"alpha.Hydroxybutyrate",250.587427406442,60.186638956141,5.19958036943863e-05,"None"
"rs10488978",4,13982575,"X1.linoleoyl.GPC..18.2.",52.7944335194691,12.681125850814,5.20524684284288e-05,"None"
"rs8090547",18,35162276,"Linoleate..18.2.",597.749816910133,143.61980062509,5.22988721164742e-05,"None"
"rs938991",10,12285607,"Xanthine",673.754550350162,161.89358577049,5.23641230153458e-05,"None"
"rs17074775",13,30075774,"alpha.Hydroxybutyrate",195.761974546959,47.0453573368328,5.24837168553228e-05,"None"
"rs6883870",5,77954871,"Caffeine",130.622007097436,31.3926835412419,5.25305399643783e-05,"None"
"rs17099427",11,102079814,"Pyridoxate",638.597422996126,153.485286796348,5.25850198438691e-05,"None"
"rs3936031",3,127267685,"Propionylcarnitine..C3.",1096.49770365964,263.563132169677,5.26590874928654e-05,"None"
"rs10800806",1,200239744,"Glycochenodeoxycholate",1056.18561140975,253.980594110224,5.30240968351226e-05,"None"
"rs7726584",5,168187475,"alpha.Hydroxybutyrate",212.551382766763,51.1167856456322,5.31026543728761e-05,"None"
"rs9955865",18,64559407,"Erythritol",765.643959066887,184.154742356697,5.32156264738288e-05,"None"
"rs7972255",12,13355221,"alpha.Hydroxybutyrate",185.485701687929,44.6280926226364,5.35004653234502e-05,"None"
"rs2214544",7,10762490,"Hippurate",331.356688138351,79.7261010714966,5.35143493631629e-05,"None"
"rs10215935",7,29361064,"N.acetylglycine",253.967098948041,61.1219035342044,5.37455900590086e-05,"None"
"rs715987",10,4588903,"Glutamate",606.756925697875,146.032823285866,5.37785981528078e-05,"None"
"rs16839460",3,133830104,"alpha.Hydroxybutyrate",212.386447933227,51.1212371276185,5.38571441423647e-05,"None"
"rs1486788",3,151315099,"Isoleucine",168.2407988276,40.5041006107578,5.40460004745231e-05,"None"
"rs6852435",4,175537354,"alpha.Hydroxybutyrate",190.718664112442,45.9165275115152,5.40625970095978e-05,"None"
"rs1998115",20,19655009,"N.acetylglycine",-190.226194064,45.7991276214488,5.40850457999879e-05,"None"
"rs7700720",5,7516407,"alpha.Hydroxybutyrate",195.423086407211,47.0545053950595,5.41632674889329e-05,"None"
"rs17445087",7,47033542,"Palmitoylcarnitine..C16.",593.641143622313,142.950177185556,5.42352778134849e-05,"None"
"rs11008525",10,31879803,"Hippurate",331.104955785567,79.7328920137062,5.42579631798939e-05,"None"
"rs11108953",12,96200778,"Uridine",1061.78418342556,255.720007239015,5.43734917499391e-05,"None"
"rs942462",13,42319683,"X1.palmitoyl.GPC..16.0.",62.5717188144387,15.0698713080828,5.43796236672872e-05,"None"
"rs35991088",17,64707408,"Pyridoxate",605.176976447529,145.793157103724,5.46319611903058e-05,"None"
"rs17533645",4,22082575,"Glutamine",117.232015880522,28.2439767202831,5.46829885480173e-05,"None"
"rs10512942",5,8182836,"Leucine",474.590904649106,114.345418945265,5.47235382037724e-05,"None"
"rs17197376",5,65584173,"Isovalerylcarnitine..C5.",415.010739712286,100.000038461644,5.48087861680417e-05,"None"
"rs2839420",21,42207037,"Theobromine",534.46845012196,128.792947879905,5.48688349730821e-05,"None"
"rs16831597",3,121947350,"Glycine",653.514728868402,157.578531559567,5.54307372028261e-05,"None"
"rs17069401",3,63758567,"Hypoxanthine",850.789169913963,205.187309119452,5.56115124891468e-05,"None"
"rs2867679",4,13921405,"X1.linoleoyl.GPC..18.2.",62.9607574803115,15.1845996861381,5.56216401865232e-05,"None"
"rs9584832",13,97842253,"Xanthine",1026.89382351627,247.735939886726,5.58933347090155e-05,"None"
"rs10276928",7,138964356,"Theobromine",509.576848221505,122.963908620837,5.61124693770594e-05,"None"
"rs3743706",16,58343521,"N.acetylglycine",390.704583506753,94.3086363780081,5.63966826386227e-05,"None"
"rs2003304",16,53804501,"X1.linoleoyl.GPC..18.2.",79.0163478972542,19.0780790685316,5.66392599399206e-05,"None"
"rs2032312",21,34276082,"Hippurate",291.380634539497,70.3576022608071,5.67084712456243e-05,"None"
"rs2867137",2,696400,"Xanthine",922.421008930824,222.754122166355,5.68065600122215e-05,"None"
"rs41482651",1,227425755,"Oleate..18.1.",697.159458345565,168.363114455951,5.68453623249048e-05,"None"
"rs8015876",14,68492618,"Hippurate",226.94656168222,54.8149955420672,5.69750254229233e-05,"None"
"rs41412849",14,94013034,"Hippurate",259.634764789339,62.7133469925393,5.70205303137314e-05,"None"
"rs10042330",5,2721187,"Taurocholate",148.731831199634,35.9291180018239,5.7117559071859e-05,"None"
"rs10489643",1,180152382,"alpha.Hydroxybutyrate",236.226247459523,57.0651632624799,5.71181608001966e-05,"None"
"rs12101038",14,99641219,"Hexanoylcarnitine..C6.",245.957311834814,59.4285083298558,5.73152078683494e-05,"None"
"rs6889859",5,123176800,"Hippurate",210.893803952854,50.9620790704832,5.74185395320907e-05,"None"
"rs2494488",1,158132281,"X1.palmitoyl.GPC..16.0.",126.416226391858,30.5491756095447,5.74471863326329e-05,"None"
"rs7247284",19,12782186,"Isovalerylcarnitine..C5.",495.334009321622,119.703184491624,5.74705408087362e-05,"None"
"rs9837304",3,14598564,"Gulono.1.4.lactone",548.526941907639,132.560437712915,5.74885904060109e-05,"None"
"rs17590535",13,101907430,"Glycine",425.17602383051,102.767764562178,5.76437250871479e-05,"None"
"rs3924426",15,90246877,"alpha.Hydroxybutyrate",259.428788463687,62.7181236292466,5.78306671286271e-05,"None"
"rs874494",10,80190041,"Taurocholate",148.629155378335,35.9318769162359,5.78328343467464e-05,"None"
"rs10505951",12,24839309,"Phenylalanine",1030.18597038953,249.075687819013,5.79188192357613e-05,"None"
"rs1560691",19,61207146,"Hippurate",221.417319755503,53.5350743342686,5.79428413698485e-05,"None"
"rs6771642",3,58314964,"alpha.Hydroxybutyrate",225.343458346456,54.5092799178183,5.83737753155122e-05,"None"
"rs41535944",1,183002673,"Theobromine",569.075028481071,137.65723117174,5.83825058405623e-05,"None"
"rs17136184",6,3070090,"Glutamate",764.940740305426,185.065217749692,5.85296121313847e-05,"None"
"rs510745",10,6585110,"Phenylalanine",985.187481147077,238.37563286755,5.86299587033343e-05,"None"
"rs17593496",9,94912706,"Isoleucine",132.242614217027,31.9989144543556,5.8675517436327e-05,"None"
"rs2198552",18,1677468,"Isovalerylcarnitine..C5.",277.623562219662,67.1774886080947,5.86834371686718e-05,"None"
"rs12504496",4,124768694,"Hexanoylcarnitine..C6.",159.939841794514,38.7061196506105,5.88049752736444e-05,"None"
"rs4246943",10,80730011,"Palmitoylcarnitine..C16.",670.869847081878,162.41032084365,5.91396367303342e-05,"None"
"rs260887",12,22822130,"alpha.Hydroxybutyrate",265.790096281456,64.3680998854383,5.94852156623958e-05,"None"
"rs2847198",18,6908473,"Propionylcarnitine..C3.",556.917550126306,134.884763095011,5.95740176194534e-05,"None"
"rs10854247",20,2112954,"Hexanoylcarnitine..C6.",185.465385444051,44.9267724266998,5.97301458300301e-05,"None"
"rs954492",9,10870887,"Tyrosine",130.514585263644,31.615739355075,5.97344592810659e-05,"None"
"rs2744237",6,25463094,"Paraxanthine",401.198825785465,97.1944144490144,5.98175093282038e-05,"None"
"rs7313912",12,104951559,"Hexanoylcarnitine..C6.",232.137960144228,56.2558272149218,6.01289703541899e-05,"None"
"rs2977871",8,86986944,"Palmitoylcarnitine..C16.",930.395359082433,225.474783894076,6.01492930059232e-05,"None"
"rs5931086",23,136074652,"Glycochenodeoxycholate",563.757603854918,136.647566732699,6.03262253029618e-05,"None"
"rs4720815",7,8986351,"Oleate..18.1.",574.091333993892,139.152641672733,6.03284087144984e-05,"None"
"rs17607532",8,21320203,"alpha.Hydroxybutyrate",235.496244921032,57.0847523695113,6.0385970409445e-05,"None"
"rs923572",3,72779701,"alpha.Hydroxybutyrate",186.758057714964,45.2749258975239,6.04808478354962e-05,"None"
"rs2890470",2,14263242,"Hippurate",342.723906657961,83.0853892538202,6.04850255897126e-05,"None"
"rs2772690",9,17937742,"Hexanoylcarnitine..C6.",267.946170574957,64.9654363252221,6.06076768999965e-05,"None"
"rs6579607",23,667125,"Gulono.1.4.lactone",478.129407149289,115.934999185235,6.06849233981155e-05,"None"
"rs11263756",17,33123933,"Glycine",424.472313551297,102.936102432518,6.07959704845343e-05,"None"
"rs13157917",5,79428697,"Erythritol",745.968310814337,180.908053085683,6.08392471102136e-05,"None"
"rs4234805",4,7492223,"Hypoxanthine",720.565349080866,174.752551648474,6.08677779901849e-05,"None"
"rs923349",3,113708624,"Tyrosine",182.819746692379,44.3393247266508,6.09035282231299e-05,"None"
"rs1781417",1,149974389,"Linoleate..18.2.",958.004257692807,232.386315208847,6.10781194996014e-05,"None"
"rs6067979",20,49913286,"alpha.Hydroxybutyrate",152.662268148878,37.0357406036433,6.11829288244249e-05,"None"
"rs4128584",12,130326346,"Paraxanthine",248.816243863666,60.3639848836881,6.12052866354973e-05,"None"
"rs16961929",15,47020670,"X1.linoleoyl.GPC..18.2.",66.6143104398283,16.1610991660518,6.12147925806065e-05,"None"
"rs13136254",4,185061878,"Isoleucine",128.210804388977,31.1104153079122,6.13917444113444e-05,"None"
"rs17084123",5,94192660,"Paraxanthine",437.893148373951,106.256264302181,6.14036054106899e-05,"None"
"rs9891809",17,68592673,"Isoleucine",118.701781981323,28.8044890042871,6.14412851731315e-05,"None"
"rs10846290",12,16150174,"Hippurate",293.812476588229,71.3257895667214,6.18375166933849e-05,"None"
"rs17638906",7,98340480,"Phenylalanine",1271.23453784596,308.646906388257,6.19748870994553e-05,"None"
"rs959738",5,18724733,"Palmitoylcarnitine..C16.",1060.01138703522,257.368990089162,6.19965712556102e-05,"None"
"rs12100914",14,60922603,"Paraxanthine",448.363035429031,108.867133214677,6.20455040911953e-05,"None"
"rs16967782",18,32183426,"X1.linoleoyl.GPC..18.2.",71.3138373705586,17.3172776725808,6.21348002417643e-05,"None"
"rs2911504",13,69316650,"Isoleucine",197.384626271078,47.9409764821173,6.23370001916473e-05,"None"
"rs16915186",9,29691566,"Glycochenodeoxycholate",1203.21273124706,292.295605081498,6.2536494838891e-05,"None"
"rs2416568",9,118520779,"Linoleate..18.2.",856.677909608858,208.115925393512,6.25547342629332e-05,"None"
"rs2483025",10,36877676,"alpha.Hydroxybutyrate",218.660696746716,53.1299685123726,6.27427093232339e-05,"None"
"rs9506441",13,19650437,"Erythritol",502.878005003264,122.208884240584,6.29084349375307e-05,"None"
"rs7197239",16,52540250,"alpha.Hydroxybutyrate",238.963292424258,58.0726896620802,6.2909853021541e-05,"None"
"rs4504959",1,208868502,"Hippurate",269.564715600038,65.515576499131,6.3004793911511e-05,"None"
"rs6829616",4,25075851,"Erythritol",651.537902917809,158.398254061652,6.33064364670122e-05,"None"
"rs17247373",2,2114316,"Paraxanthine",478.383499630794,116.353568498268,6.37590522731981e-05,"None"
"rs41505445",15,57283405,"Uridine",1626.90990288727,395.754034428496,6.38965534740151e-05,"None"
"rs2810577",1,41703063,"Glycochenodeoxycholate",972.123983458553,236.526440461387,6.41238714570253e-05,"None"
"rs739454",17,40550731,"Valine",676.051768653135,164.490432432368,6.41301460991075e-05,"None"
"rs7349432",2,184942501,"Gulono.1.4.lactone",390.170592550741,94.9387648801529,6.41972991830565e-05,"None"
"rs1505216",11,4535285,"Hexanoylcarnitine..C6.",174.22585679269,42.3938279815361,6.41996215385969e-05,"None"
"rs7184386",16,78977039,"alpha.Hydroxybutyrate",165.190632209746,40.1987038415572,6.42864209627607e-05,"None"
"rs4458522",4,115506780,"N.acetylglycine",371.196501075491,90.3482753246628,6.44987200410426e-05,"None"
"rs6754003",2,238062111,"alpha.Hydroxybutyrate",221.099275035723,53.8172820552793,6.45426304631262e-05,"None"
"rs11653976",17,54871776,"alpha.Hydroxybutyrate",230.873729465963,56.1977535505994,6.45664297379392e-05,"None"
"rs17338428",2,2213121,"Threonate",326.098478537771,79.379518513221,6.46027595128379e-05,"None"
"rs10815440",9,651057,"Oleate..18.1.",447.410715629158,108.915518093825,6.46592350348764e-05,"None"
"rs2612828",13,71408705,"Isovalerylcarnitine..C5.",362.762326354311,88.3167804461588,6.47491192083877e-05,"None"
"rs12200345",6,91046804,"Caffeine",272.961366993294,66.454787840766,6.47587682218676e-05,"None"
"rs6708768",2,70605703,"Isoleucine",166.128767075252,40.446885745744,6.47949654543735e-05,"None"
"rs6564446",16,76083571,"Valine",684.74271721872,166.740051844443,6.49678159347276e-05,"None"
"rs8047864",16,10553218,"X1.linoleoyl.GPC..18.2.",65.5042689839561,15.9509032278439,6.49753971494886e-05,"None"
"rs11753055",6,91600801,"Taurocholate",172.504909480019,42.0077522682474,6.50048827043955e-05,"None"
"rs11185538",3,197634064,"Xanthine",779.409847845952,189.807734860583,6.50528976537237e-05,"None"
"rs7146139",14,50320907,"alpha.Hydroxybutyrate",197.072145850134,47.9972713825685,6.51567521769003e-05,"None"
"rs12773940",10,10398403,"alpha.Hydroxybutyrate",245.789668181344,59.8771552857455,6.54122628309898e-05,"None"
"rs17488814",4,166503364,"Glycochenodeoxycholate",708.758626258845,172.662710187438,6.54186718425205e-05,"None"
"rs9603072",13,36054085,"Isovalerylcarnitine..C5.",435.256030938264,106.036792506416,6.54466024239965e-05,"None"
"rs8003793",14,94412206,"Hippurate",274.598950711386,66.9066778519255,6.55884979965436e-05,"None"
"rs2222618",7,13565741,"Linoleate..18.2.",810.454426869083,197.520999040284,6.58645460908827e-05,"None"
"rs10512115",9,82986774,"Linoleate..18.2.",854.437136298415,208.27674257721,6.60489878578892e-05,"None"
"rs4916879",5,87380967,"alpha.Hydroxybutyrate",215.020267151008,52.4175512278007,6.61381625958943e-05,"None"
"rs10040520",5,29314106,"X1.linoleoyl.GPC..18.2.",46.2364714742375,11.2728017198635,6.62595685479938e-05,"None"
"rs1528042",7,110235544,"Palmitoylcarnitine..C16.",1150.22859925399,280.447320132465,6.63082031833376e-05,"None"
"rs2160417",12,96606350,"Theobromine",506.923334901041,123.597899166195,6.6312283416425e-05,"None"
"rs11532502",12,40491596,"Threonate",264.895157308576,64.601238192627,6.65517321889728e-05,"None"
"rs965854",7,146028272,"alpha.Hydroxybutyrate",269.983580012305,65.8446160283649,6.65911229749695e-05,"None"
"rs1018022",11,25763400,"X1.oleoyl.GPC..18.1.",145.798605110135,35.5636772088915,6.67636055834578e-05,"None"
"rs10492405",13,32659455,"Hippurate",311.629496712321,76.020052900128,6.68527770343334e-05,"None"
"rs1727778",19,49790431,"Phenylalanine",983.944244156384,240.045500589321,6.69350519420307e-05,"None"
"rs7295851",12,129466768,"Isoleucine",97.383739901295,23.7586835968804,6.69666485449483e-05,"None"
"rs17107397",10,82367266,"Hippurate",281.133167975292,68.6255020034249,6.7553347534903e-05,"None"
"rs2682846",2,56831843,"X1.oleoyl.GPC..18.1.",117.672481337228,28.7254641074997,6.75997193946236e-05,"None"
"rs266293",15,65034608,"Valine",411.33724565927,100.451520112846,6.80135591818049e-05,"None"
"rs6850796",4,102624773,"alpha.Hydroxybutyrate",182.979500902207,44.6952241888553,6.82639556117314e-05,"None"
"rs16931782",10,30938953,"Threonate",225.169460865598,55.0130384122021,6.85082914790926e-05,"None"
"rs2029795",8,15318148,"X1.oleoyl.GPC..18.1.",130.880146140067,31.9794812017609,6.86125639872441e-05,"None"
"rs11829571",12,95894194,"Glycine",447.739138694579,109.430396024688,6.8902940021693e-05,"None"
"rs1479385",4,176187505,"Glycochenodeoxycholate",862.780018814462,210.919406604578,6.91647315927492e-05,"None"
"rs16832336",2,195593351,"alpha.Hydroxybutyrate",202.979764229449,49.6215930974174,6.91685234757299e-05,"None"
"rs12603186",17,11159432,"Linoleate..18.2.",641.856518472828,156.917671729326,6.92089031568326e-05,"None"
"rs11806870",1,173218849,"alpha.Hydroxybutyrate",209.197891465482,51.1473300365397,6.92894344125956e-05,"None"
"rs17349805",11,80498874,"Glutamine",102.473708550276,25.0548228834629,6.93229699737237e-05,"None"
"rs9991001",4,169000440,"alpha.Hydroxybutyrate",243.857664014698,59.6246386013433,6.93495360114086e-05,"None"
"rs4751321",10,132787419,"Valine",370.782711083411,90.6667272457768,6.94488876426919e-05,"None"
"rs6437662",3,107546653,"X1.oleoyl.GPC..18.1.",149.346928339649,36.5251375298959,6.96196265494776e-05,"None"
"rs4870855",8,124585035,"alpha.Hydroxybutyrate",202.114379383704,49.4440834368138,6.99298723296595e-05,"None"
"rs10494794",1,197753308,"Glycine",489.746403167633,119.821550654926,7.00490419730255e-05,"None"
"rs871082",18,44114273,"Valine",491.880905490859,120.357128588625,7.01725262169451e-05,"None"
"rs1768145",3,39567105,"alpha.Hydroxybutyrate",241.726419186647,59.1568223238072,7.03493848255737e-05,"None"
"rs726767",14,55615213,"alpha.Hydroxybutyrate",209.233098059812,51.2056060688056,7.03658584638411e-05,"None"
"rs1508453",6,129171964,"Hippurate",274.841682227885,67.2692411993098,7.04863171639457e-05,"None"
"rs496139",11,79348735,"alpha.Hydroxybutyrate",254.40161126718,62.2679972237781,7.051493424701e-05,"None"
"rs12093676",1,201584998,"Oleate..18.1.",461.960474977115,113.085844325374,7.06655086344068e-05,"None"
"rs11514814",7,9104901,"Glycine",347.857391347617,85.1563246769937,7.06971310775097e-05,"None"
"rs4290780",3,113817729,"alpha.Hydroxybutyrate",190.894297148813,46.7339608947495,7.07590384961044e-05,"None"
"rs17319073",8,3023399,"Phenylalanine",1374.44618044296,336.490964514367,7.07746288107455e-05,"None"
"rs16845113",2,161309950,"Isovalerylcarnitine..C5.",546.934433312122,133.909325896963,7.08519294369793e-05,"None"
"rs16864594",3,154027019,"Gulono.1.4.lactone",702.558076500894,172.017105887093,7.08877692599901e-05,"None"
"rs4376284",5,31195694,"Hypoxanthine",764.134740677303,187.095486099918,7.08980183237236e-05,"None"
"rs13411115",2,56448080,"X1.palmitoyl.GPC..16.0.",76.2297335973479,18.6651307038456,7.09323778597155e-05,"None"
"rs11130888",3,62537749,"alpha.Hydroxybutyrate",223.493934755664,54.7269105843312,7.10063783152893e-05,"None"
"rs12051752",17,1584527,"X1.palmitoyl.GPC..16.0.",76.5187363739937,18.7386229512031,7.10963697628907e-05,"None"
"rs1908952",21,27304374,"Glycochenodeoxycholate",1026.11712928191,251.286481357932,7.11023512923788e-05,"None"
"rs12302655",12,111858889,"alpha.Hydroxybutyrate",230.733886393796,56.512055637222,7.12518343135531e-05,"None"
"rs9919410",10,1892486,"alpha.Hydroxybutyrate",189.229322587511,46.3575821500685,7.15191389675668e-05,"None"
"rs7876582",23,5296649,"X1.linoleoyl.GPC..18.2.",37.7773337028847,9.2558819074229,7.16605794786463e-05,"None"
"rs2198526",3,177709313,"Propionylcarnitine..C3.",896.022650980141,219.543665298449,7.17008931185064e-05,"None"
"rs6467334",7,130353251,"alpha.Hydroxybutyrate",199.733135078995,48.940692795493,7.17481673732689e-05,"None"
"rs2490689",10,7009822,"X1.palmitoyl.GPC..16.0.",59.7109348445829,14.6337816147189,7.19648692450591e-05,"None"
"rs7752960",6,144171325,"X1.palmitoyl.GPC..16.0.",92.1382694660502,22.5820681535685,7.20198905030305e-05,"None"
"rs16853302",1,176952954,"alpha.Hydroxybutyrate",238.754654549673,58.5161869293464,7.20212267597701e-05,"None"
"rs10124834",9,77974918,"Theobromine",434.754310195531,106.555038312971,7.2036775651146e-05,"None"
"rs7994951",13,63091914,"alpha.Hydroxybutyrate",197.6984636535,48.4564818686759,7.20853506494715e-05,"None"
"rs6940432",6,88618926,"alpha.Hydroxybutyrate",208.933300766852,51.2135543808247,7.21607138365867e-05,"None"
"rs1147474",14,68851148,"Threonate",305.128569948533,74.7982976716363,7.22438335691668e-05,"None"
"rs7231776",18,11414685,"alpha.Hydroxybutyrate",250.947323850715,61.5167846485618,7.22496754013799e-05,"None"
"rs6596945",6,3016912,"alpha.Hydroxybutyrate",142.470660736775,34.9280061464885,7.234793722754e-05,"None"
"rs4073625",3,118628997,"Oleate..18.1.",624.447931687841,153.097837233759,7.2412463750258e-05,"None"
"rs769773",3,3718714,"Isovalerylcarnitine..C5.",343.910238954058,84.3202408117155,7.24491652374584e-05,"None"
"rs11198439",10,120219080,"X1.palmitoyl.GPC..16.0.",57.133693836174,14.0087657741529,7.25041859310316e-05,"None"
"rs4500888",2,212076433,"Propionylcarnitine..C3.",656.732496708542,161.076743475084,7.28662130584929e-05,"None"
"rs2423067",20,4765968,"Uridine",893.86135895091,219.258745892002,7.29788524281694e-05,"None"
"rs11901892",2,100693040,"Hippurate",276.399189433308,67.8050183222046,7.30806925992437e-05,"None"
"rs16852815",3,144116009,"Isovalerylcarnitine..C5.",344.670048436434,84.5657739721288,7.32564650494094e-05,"None"
"rs1462648",23,5089281,"Leucine",611.34251879018,149.999522342918,7.32943029096439e-05,"None"
"rs5906864",23,49327202,"Glycochenodeoxycholate",683.574406970412,167.733114564022,7.3368323041628e-05,"None"
"rs12089890",1,38536976,"X1.linoleoyl.GPC..18.2.",59.2175566286833,14.5320927928597,7.34876234952738e-05,"None"
"rs12592547",15,32199079,"Theobromine",604.403208479668,148.32839082816,7.35406914623861e-05,"None"
"rs220749",6,165747184,"Linoleate..18.2.",503.913886310805,123.669220721859,7.35614879183247e-05,"None"
"rs905010",4,7304161,"Tyrosine",112.337042199525,27.5722487894324,7.36790440521163e-05,"None"
"rs9506931",13,22287128,"Hexanoylcarnitine..C6.",141.184035806409,34.6525963062468,7.36816785614356e-05,"None"
"rs7302032",12,5225634,"Isovalerylcarnitine..C5.",460.576026812856,113.055465903191,7.3789055178424e-05,"None"
"rs17291148",4,60674181,"Glycine",693.225546738411,170.167820615497,7.38229817532396e-05,"None"
"rs17002208",4,77926400,"Glutamine",161.10128373039,39.5546114871721,7.40790152367951e-05,"None"
"rs769483",5,14128834,"Erythritol",766.487838169153,188.198115443994,7.41110058877368e-05,"None"
"rs4401324",3,150167084,"Leucine",530.63735332202,130.325571507377,7.44397546164946e-05,"None"
"rs1422488",5,110011975,"Propionylcarnitine..C3.",920.780596879379,226.188467253988,7.46630761584899e-05,"None"
"rs17103858",11,104529249,"Hexanoylcarnitine..C6.",195.912821969795,48.1281349005804,7.47224001437359e-05,"None"
"rs17751326",2,18576365,"Glutamate",905.437850577696,222.464444392034,7.49010953108535e-05,"None"
"rs12085639",1,94250881,"alpha.Hydroxybutyrate",183.480377512518,45.0873752587115,7.50735584620662e-05,"None"
"rs862785",11,20132181,"Hexanoylcarnitine..C6.",176.845779430151,43.4622124172659,7.52148122961221e-05,"None"
"rs41403449",3,168993835,"Isoleucine",136.082940909817,33.4443204323874,7.52190668298672e-05,"None"
"rs4073625",3,118628997,"Hypoxanthine",808.352667274179,198.671792117746,7.52645050133417e-05,"None"
"rs10096747",8,96665308,"Hypoxanthine",615.746369592997,151.339579608694,7.53063760915592e-05,"None"
"rs10764806",10,130400255,"Propionylcarnitine..C3.",541.788859528111,133.174165867464,7.54136810818596e-05,"None"
"rs1882321",3,54789616,"Paraxanthine",418.917080992793,102.973273747007,7.54315645961573e-05,"None"
"rs2101167",3,158174102,"Glutamate",904.974641420571,222.476682982494,7.5572973791268e-05,"None"
"rs11605946",11,19503603,"Uridine",991.662125342971,243.802224538046,7.56438404729752e-05,"None"
"rs3922934",4,153767487,"alpha.Hydroxybutyrate",188.751238608794,46.4111350578276,7.58042972258572e-05,"None"
"rs4976801",5,178015939,"Taurocholate",163.372860737393,40.1709935728746,7.58050667213309e-05,"None"
"rs3889281",3,29296772,"Tyrosine",105.105531900383,25.8446407281994,7.58387805368453e-05,"None"
"rs7524385",1,202302170,"Glycine",397.161371634994,97.6856044776809,7.61655834538437e-05,"None"
"rs1465650",17,8524543,"Glycine",418.622800796059,102.970250201511,7.62354980802419e-05,"None"
"rs1424118",16,6051074,"Theobromine",456.349907289494,112.257906776477,7.63186335938661e-05,"None"
"rs827915",10,9428100,"Taurocholate",182.453487913879,44.8823561002583,7.63310865918367e-05,"None"
"rs10800812",1,200322561,"Erythritol",463.489185907961,114.024244940394,7.64254925237276e-05,"None"
"rs17664162",11,61977085,"Paraxanthine",377.451434062645,92.8598974887702,7.64518521417656e-05,"None"
"rs10114774",9,84663725,"Paraxanthine",477.43786373846,117.459633983,7.64647702589201e-05,"None"
"rs1538106",10,108958361,"Paraxanthine",434.79838491441,106.982562234111,7.66124771883877e-05,"None"
"rs11081798",18,29140676,"Paraxanthine",521.83803211937,128.40891846431,7.67079296914085e-05,"None"
"rs6925597",6,80522983,"alpha.Hydroxybutyrate",288.664627829357,71.0424861556936,7.68889826635607e-05,"None"
"rs2719848",23,146492026,"Glutamine",105.747026170913,26.0269285814944,7.69730085216638e-05,"None"
"rs10512952",5,51535311,"alpha.Hydroxybutyrate",228.221593029087,56.1726528593313,7.70104723130225e-05,"None"
"rs6572520",14,48369944,"Oleate..18.1.",430.020671161813,105.850492275701,7.71090443190991e-05,"None"
"rs41408045",4,23326107,"Isovalerylcarnitine..C5.",323.10149919313,79.5375474731325,7.7191879235447e-05,"None"
"rs9320611",6,118017048,"Glutamine",76.9147130492951,18.9358387458243,7.73089828313318e-05,"None"
"rs4422596",6,67723163,"Glutamine",106.13360006501,26.133633902231,7.75099765243134e-05,"None"
"rs11095248",23,6829639,"Gulono.1.4.lactone",384.843257826352,94.7720045499249,7.76482193274222e-05,"None"
"rs9681146",3,60097966,"alpha.Hydroxybutyrate",189.790001593547,46.7631574317196,7.8308576633466e-05,"None"
"rs16972853",15,72897027,"Phenylalanine",1214.11330047641,299.183102361077,7.8442619196057e-05,"None"
"rs31759",5,165436684,"alpha.Hydroxybutyrate",225.665806734584,55.6157518926977,7.85963408513636e-05,"None"
"rs10500601",11,4412531,"X1.palmitoyl.GPC..16.0.",74.0910236470591,18.2621492510275,7.87504139915244e-05,"None"
"rs4624634",4,175578764,"Glycine",386.935448184415,95.3801334202439,7.88446126059901e-05,"None"
"rs17123221",10,109527138,"Threonate",275.014889109801,67.7920934670499,7.88543793990329e-05,"None"
"rs11247168",15,98578034,"Threonate",193.389499582528,47.6745186499199,7.89414918574849e-05,"None"
"rs16893606",4,16146608,"Phenylalanine",1166.57918371928,287.62905590354,7.91271902518049e-05,"None"
"rs12344858",9,139839938,"alpha.Hydroxybutyrate",198.692064656282,49.0016003331766,7.94452837569801e-05,"None"
"rs2794731",1,209935346,"Linoleate..18.2.",858.703071822689,211.802515164165,7.96126556927266e-05,"None"
"rs706085",7,18626079,"Oleate..18.1.",513.651095381558,126.694517684786,7.96169831770918e-05,"None"
"rs17272617",19,53049172,"Hypoxanthine",657.448301250278,162.166169758018,7.96429624810697e-05,"None"
"rs17172438",7,55119031,"Theobromine",478.493974646064,118.032015961994,7.97139240536839e-05,"None"
"rs10829675",10,131688458,"Glutamate",417.946703651263,103.107065087423,7.98409602619879e-05,"None"
"rs876110",8,133410194,"Hippurate",323.969434559063,79.9230044993436,7.98416600620496e-05,"None"
"rs2378438",1,219439952,"Linoleate..18.2.",778.344042162909,192.034889907399,7.99590850243513e-05,"None"
"rs7959120",12,39972038,"Isovalerylcarnitine..C5.",339.738295849794,83.8328922248549,8.01362412464123e-05,"None"
"rs6822913",4,169823933,"alpha.Hydroxybutyrate",210.093289072785,51.8463793202825,8.02411448836655e-05,"None"
"rs17546386",2,154013356,"Xanthine",936.42138347886,231.116706361436,8.03967129908664e-05,"None"
"rs16876913",5,6128956,"Glycochenodeoxycholate",791.709661564204,195.409897522463,8.04563751667847e-05,"None"
"rs6906911",6,39964846,"X1.linoleoyl.GPC..18.2.",63.9056084758384,15.7733276642813,8.04672102226522e-05,"None"
"rs733601",11,124220090,"Theobromine",445.080301064982,109.904898406166,8.1032174132945e-05,"None"
"rs6720714",2,215601087,"X1.linoleoyl.GPC..18.2.",57.9776182004886,14.3171342618505,8.10819168742115e-05,"None"
"rs2033791",10,132883393,"Gulono.1.4.lactone",663.910938739572,163.999455486649,8.14821300849691e-05,"None"
"rs1190791",6,131561817,"Isoleucine",180.86956165279,44.6786936176972,8.14891588766689e-05,"None"
"rs8003828",14,30029651,"Uridine",1377.08635664394,340.199250202004,8.15982473483231e-05,"None"
"rs3767494",1,199137839,"Hexanoylcarnitine..C6.",218.340022315499,53.9514169550775,8.18843039368141e-05,"None"
"rs10484776",6,150967470,"Tyrosine",136.875215057488,33.8223579386243,8.19124551658756e-05,"None"
"rs1728810",3,10992443,"alpha.Hydroxybutyrate",179.935502757322,44.4644790378298,8.1963350990658e-05,"None"
"rs4973319",2,228339820,"Paraxanthine",370.510623715913,91.5851149729511,8.23408919567241e-05,"None"
"rs7643448",3,61543131,"Tyrosine",94.1499753465813,23.2730947951109,8.23695857023742e-05,"None"
"rs2424227",20,18830504,"Hippurate",344.407463389458,85.1352795432826,8.23787134874271e-05,"None"
"rs12480543",20,289946,"Isoleucine",184.310678979316,45.5637864657864,8.24743442384964e-05,"None"
"rs8053463",16,27205537,"alpha.Hydroxybutyrate",269.338812172383,66.5873319316414,8.2543587787628e-05,"None"
"rs4365462",2,215067149,"alpha.Hydroxybutyrate",196.946502678018,48.6951898910467,8.26774466458927e-05,"None"
"rs11576248",1,112350571,"Glycochenodeoxycholate",634.338904701805,156.844039243607,8.27038144960809e-05,"None"
"rs10829494",10,130477416,"Gulono.1.4.lactone",512.183131644175,126.651518373636,8.28181040089301e-05,"None"
"rs11944172",4,10721589,"Hippurate",336.60911882882,83.2475572382476,8.29981536330422e-05,"None"
"rs707971",6,40189385,"Isovalerylcarnitine..C5.",479.293286822288,118.542532715931,8.3079326865259e-05,"None"
"rs2244008",6,129854746,"Paraxanthine",486.465780805314,120.318614779099,8.31022041254699e-05,"None"
"rs7499320",16,7887099,"Phenylalanine",1246.3155799541,308.272759777786,8.31815734806065e-05,"None"
"rs10732936",10,12673372,"Glutamate",418.248215736624,103.456119969509,8.32262517972377e-05,"None"
"rs9332245",10,96739171,"Linoleate..18.2.",973.9402414736,240.91516413624,8.32553363926963e-05,"None"
"rs6902280",6,18312324,"Hippurate",319.190965685734,78.9606197130705,8.33394154258237e-05,"None"
"rs6010133",22,49300390,"alpha.Hydroxybutyrate",221.429000048807,54.7813888610598,8.34548548395231e-05,"None"
"rs1521496",4,141288597,"X1.linoleoyl.GPC..18.2.",48.3471152986639,11.9620810971728,8.356760060729e-05,"None"
"rs4573990",17,74093029,"Phenylalanine",731.678401499353,181.038730323803,8.36128250107503e-05,"None"
"rs2679882",2,105157510,"Linoleate..18.2.",535.953215136969,132.620088370544,8.37063553111031e-05,"None"
"rs3782586",12,5561146,"alpha.Hydroxybutyrate",242.339408038313,59.9684075897945,8.37545228395367e-05,"None"
"rs2174232",10,58606889,"Hexanoylcarnitine..C6.",188.45846241523,46.6372286853623,8.38104576864238e-05,"None"
"rs492137",18,10707819,"Erythritol",574.060904219496,142.070568009071,8.38978121342468e-05,"None"
"rs9646774",2,168299303,"alpha.Hydroxybutyrate",157.221863303948,38.910875454703,8.39336655448279e-05,"None"
"rs1546936",14,39857665,"Uridine",958.531579837006,237.234013689212,8.39711904360675e-05,"None"
"rs6524598",23,85361976,"alpha.Hydroxybutyrate",182.365766711714,45.137560875212,8.40441878772807e-05,"None"
"rs8047573",16,50089233,"Hexanoylcarnitine..C6.",185.563475161188,45.9332407447706,8.41642289229563e-05,"None"
"rs2186438",21,24792561,"Hypoxanthine",697.987656126601,172.777821644405,8.4181309218415e-05,"None"
"rs2711493",7,67945556,"Leucine",712.959643032109,176.512520125836,8.43936952534257e-05,"None"
"rs12090761",1,92664188,"Hippurate",332.241317070028,82.2624713673334,8.45072921249783e-05,"None"
"rs2274950",20,48327831,"Uridine",1374.14867596507,340.276375878273,8.46586703043086e-05,"None"
"rs3779673",8,20076626,"Isovalerylcarnitine..C5.",306.214320601073,75.8291191706883,8.46963962679115e-05,"None"
"rs6780018",3,81488505,"alpha.Hydroxybutyrate",224.743819761129,55.6617182164069,8.4873523627619e-05,"None"
"rs4519081",11,41529303,"Hippurate",307.386415305443,76.1321473781691,8.49177800143383e-05,"None"
"rs12141164",1,216020362,"Phenylalanine",1111.4996335107,275.323830448434,8.50731860658237e-05,"None"
"rs7845814",8,56419043,"alpha.Hydroxybutyrate",286.981239273482,71.086758813189,8.50754008092361e-05,"None"
"rs11970425",6,20774436,"Oleate..18.1.",530.174733734332,131.345710339337,8.52633749570905e-05,"None"
"rs11018796",11,87562602,"X1.oleoyl.GPC..18.1.",164.736256034974,40.8186176295966,8.5484055410418e-05,"None"
"rs41455449",21,39887600,"Gulono.1.4.lactone",402.417060935833,99.7152659335987,8.5533512256477e-05,"None"
"rs4886655",15,73172621,"Leucine",397.703481617146,98.5625802455238,8.57400005925691e-05,"None"
"rs7257550",19,15153088,"Glycine",381.212586220429,94.4795218723999,8.5794556022165e-05,"None"
"rs7143196",14,67327238,"Tyrosine",151.287615009201,37.5030290793828,8.60788500704131e-05,"None"
"rs17622868",14,38981887,"Taurocholate",112.649127979081,27.9250974169181,8.60908298116409e-05,"None"
"rs17521569",5,160773781,"Uridine",1373.46480896403,340.516746693516,8.62574136927266e-05,"None"
"rs10507728",13,65268997,"Palmitoylcarnitine..C16.",619.692379611592,153.63972487036,8.6277228289175e-05,"None"
"rs2233375",2,233604742,"Glycochenodeoxycholate",876.875459252191,217.414592986527,8.63494465333527e-05,"None"
"rs3094968",7,22398731,"alpha.Hydroxybutyrate",180.522459093981,44.7600566635013,8.63760269743709e-05,"None"
"rs4937409",11,128661740,"Hypoxanthine",707.01596697997,175.348001559164,8.6723037789285e-05,"None"
"rs807267",1,25942094,"Glycine",551.309940573778,136.733611288565,8.67473976601324e-05,"None"
"rs5750029",22,33740771,"alpha.Hydroxybutyrate",272.17323954843,67.514291763914,8.69671377811206e-05,"None"
"rs17166829",7,94804652,"alpha.Hydroxybutyrate",224.34439858349,55.6504555573622,8.69770753982697e-05,"None"
"rs11797927",23,134545034,"Taurocholate",97.4106820815734,24.1715404476145,8.74261541634266e-05,"None"
"rs1961329",11,115545574,"X1.palmitoyl.GPC..16.0.",58.1405091572513,14.4271574013001,8.74392441799277e-05,"None"
"rs4724951",7,7154047,"Leucine",688.118894623337,170.758210232246,8.74897250829084e-05,"None"
"rs6435604",2,211730000,"alpha.Hydroxybutyrate",230.512595393122,57.2166901629151,8.78336546646612e-05,"None"
"rs41421847",2,41660098,"X1.palmitoyl.GPC..16.0.",87.4068367065942,21.696067056354,8.7857283530746e-05,"None"
"rs11108094",12,94452244,"alpha.Hydroxybutyrate",234.519496958946,58.2150409663271,8.79219971162638e-05,"None"
"rs3745836",19,61344404,"alpha.Hydroxybutyrate",236.009346295208,58.5884595908921,8.80055271677201e-05,"None"
"rs16905816",11,8755429,"Glycine",594.249920767777,147.521039436019,8.8011658997742e-05,"None"
"rs6988485",8,21390198,"Valine",464.669940304173,115.354570562512,8.80286003499962e-05,"None"
"rs16903936",5,38358732,"Threonate",308.753555229302,76.6775509743481,8.85512393214176e-05,"None"
"rs2575061",8,31379749,"Glutamate",451.676382114012,112.176780313468,8.86122392138955e-05,"None"
"rs10844012",12,31830380,"Leucine",491.349422805684,122.033409311819,8.86523710405732e-05,"None"
"rs17088938",4,58490840,"Paraxanthine",356.504327529746,88.5441183629569,8.86732796991302e-05,"None"
"rs12059674",1,57402866,"Hippurate",296.005405870652,73.5287467679948,8.88713129815126e-05,"None"
"rs11114068",12,107762088,"X1.oleoyl.GPC..18.1.",166.256541925872,41.29969434752,8.89047944543674e-05,"None"
"rs2150330",14,82298136,"Taurocholate",79.6934926039747,19.7980099828779,8.90017072083868e-05,"None"
"rs7215881",17,39730192,"alpha.Hydroxybutyrate",241.471910724109,59.9911265615666,8.90705904363866e-05,"None"
"rs7164819",15,25064527,"alpha.Hydroxybutyrate",191.000508834403,47.4620472090765,8.93614298806319e-05,"None"
"rs11923953",3,64340797,"alpha.Hydroxybutyrate",189.926472212419,47.2004289176674,8.95158616857742e-05,"None"
"rs6845846",4,103156219,"Isoleucine",152.398092910415,37.8751506292302,8.95617352409454e-05,"None"
"rs1957907",14,60929984,"Hippurate",291.602941139085,72.4798888918723,8.97237600815646e-05,"None"
"rs910118",20,10604087,"Uridine",1008.76820167971,250.768545748745,8.99029208443939e-05,"None"
"rs1793072",11,105921644,"Valine",597.070689533413,148.436041591791,9.00051256094412e-05,"None"
"rs6432436",2,14131715,"Isoleucine",176.52358828584,43.8876858944617,9.00894467218094e-05,"None"
"rs3099152",10,60275414,"Glycine",451.023712684086,112.136614722992,9.01155057250505e-05,"None"
"rs7977673",12,129731918,"Glutamate",435.638708214272,108.315155349595,9.01626373986927e-05,"None"
"rs7188212",16,82906431,"Phenylalanine",905.38790319131,225.125095132994,9.02475186952307e-05,"None"
"rs17246915",9,12117088,"Linoleate..18.2.",936.514455186648,232.954434475278,9.07858425520084e-05,"None"
"rs7739751",6,162016556,"Hippurate",291.75326945953,72.5737658850323,9.08098229485012e-05,"None"
"rs1326016",20,54147878,"Gulono.1.4.lactone",619.380648450311,154.087376776853,9.09567828745891e-05,"None"
"rs12457398",18,72600290,"alpha.Hydroxybutyrate",226.363678892939,56.3167664056709,9.10264188163145e-05,"None"
"rs7196690",16,17121353,"Hippurate",321.501012961952,79.9877034793262,9.10584931525202e-05,"None"
"rs17427625",9,81267705,"Xanthine",1045.32803742082,260.091717884184,9.11654495667967e-05,"None"
"rs3826785",19,10088149,"Palmitoylcarnitine..C16.",794.180189020213,197.629125673745,9.13533879571825e-05,"None"
"rs17585174",4,166304674,"Leucine",648.635180873485,161.414847759143,9.13893463096619e-05,"None"
"rs16993306",20,7200261,"Oleate..18.1.",473.337260748305,117.804704523636,9.15483842657943e-05,"None"
"rs7792939",7,99045812,"Propionylcarnitine..C3.",975.220782786379,242.732952213286,9.16584786945059e-05,"None"
"rs1035211",10,101335506,"Uridine",886.813777622749,220.735534868779,9.17041506223389e-05,"None"
"rs7159557",14,28406859,"alpha.Hydroxybutyrate",222.802224038944,55.4648647127379,9.18951597269023e-05,"None"
"rs3805698",5,140801305,"Isoleucine",120.445120376957,29.9847412009281,9.19364564538404e-05,"None"
"rs389870",5,31749959,"Isoleucine",150.338173500849,37.4286648275871,9.20147031709126e-05,"None"
"rs2570037",17,63003236,"alpha.Hydroxybutyrate",229.121521296241,57.0619309609207,9.24909722044856e-05,"None"
"rs784718",3,131169708,"Hippurate",276.063948377836,68.7590051446421,9.26200075430686e-05,"None"
"rs602793",9,134854680,"alpha.Hydroxybutyrate",261.259555565596,65.0858980611982,9.29319463958582e-05,"None"
"rs9864300",3,192922489,"Taurocholate",145.995295504321,36.379363279792,9.32669116835173e-05,"None"
"rs3774529",3,53712201,"alpha.Hydroxybutyrate",267.381913738072,66.6385245579191,9.35220778749117e-05,"None"
"rs757365",20,51238361,"Taurocholate",99.3270057538024,24.7582605196832,9.3719184578997e-05,"None"
"rs4128247",9,123709594,"alpha.Hydroxybutyrate",226.989246434809,56.5898676206367,9.39870854485426e-05,"None"
"rs385225",5,94601083,"Hexanoylcarnitine..C6.",116.469845765953,29.046207880049,9.44624904941005e-05,"None"
"rs17414154",14,32106408,"Gulono.1.4.lactone",456.693824717261,113.899284976199,9.45290875811244e-05,"None"
"rs6947609",7,106187342,"Uridine",1295.15339059512,323.032805098443,9.46280133596191e-05,"None"
"rs11099594",4,84459871,"Caffeine",153.956142084282,38.4011526121089,9.47010813796684e-05,"None"
"rs2289180",15,46861994,"Hippurate",236.682555352586,59.0399656125851,9.48103707450234e-05,"None"
"rs1528804",2,51588180,"Glycochenodeoxycholate",829.99336889785,207.069191675466,9.50151956425934e-05,"None"
"rs7079501",10,64098135,"Linoleate..18.2.",890.983683111611,222.296631680817,9.50900342050198e-05,"None"
"rs2014378",3,45451490,"X1.linoleoyl.GPC..18.2.",60.3103272690985,15.0497870939964,9.53443223461006e-05,"None"
"rs16882247",4,29381506,"alpha.Hydroxybutyrate",213.197517312662,53.2078096228188,9.55283862203315e-05,"None"
"rs17601608",13,28965933,"Glutamate",547.114429997141,136.554428587582,9.56445249247356e-05,"None"
"rs4668996",2,15870832,"Tyrosine",113.642181138162,28.3640596782956,9.56486142997488e-05,"None"
"rs570153",20,701363,"alpha.Hydroxybutyrate",239.341147547871,59.743357765543,9.57954967674002e-05,"None"
"rs7117121",11,98634486,"Oleate..18.1.",534.698308690395,133.495265964683,9.60828661908291e-05,"None"
"rs7627424",3,38823987,"Hippurate",314.544279986892,78.5393944564934,9.62482612196125e-05,"None"
"rs10054393",5,102986669,"Erythritol",861.289550505315,215.120297906243,9.66788940294129e-05,"None"
"rs4742834",9,103689472,"Propionylcarnitine..C3.",552.836964939985,138.094847102207,9.68434400603839e-05,"None"
"rs2415005",15,66447012,"X1.oleoyl.GPC..18.1.",200.117538466281,49.9891251515982,9.68775659297723e-05,"None"
"rs1623624",7,109621103,"Palmitoylcarnitine..C16.",994.873899271655,248.519355600735,9.6883710754181e-05,"None"
"rs4738393",8,56762331,"Glutamate",467.860466338257,116.894809459352,9.71804917990111e-05,"None"
"rs12572866",10,133321506,"Oleate..18.1.",467.179969191779,116.736593100649,9.73311571443249e-05,"None"
"rs11232580",11,80686003,"X1.palmitoyl.GPC..16.0.",84.9939188995237,21.2407470604963,9.75343224502126e-05,"None"
"rs180305",12,115649130,"alpha.Hydroxybutyrate",200.850464657397,50.2026570353673,9.77819630382266e-05,"None"
"rs17359531",3,34379818,"Glutamate",835.131053016489,208.767037243347,9.79662844524162e-05,"None"
"rs1022457",21,16161602,"alpha.Hydroxybutyrate",203.734388315793,50.933345605616,9.80718739514626e-05,"None"
"rs1869990",2,40939001,"alpha.Hydroxybutyrate",205.368748201168,51.3428050616222,9.80973523963162e-05,"None"
"rs6026345",20,56554479,"Propionylcarnitine..C3.",622.308572078764,155.583211598291,9.8137845055084e-05,"None"
"rs8019441",14,51180079,"X1.palmitoyl.GPC..16.0.",74.1110540027798,18.5312758483967,9.83641578065533e-05,"None"
"rs701822",10,99028923,"Valine",413.548668251987,103.412087854773,9.8441621967933e-05,"None"
"rs1442811",15,96619978,"Valine",440.98779424596,110.277413177769,9.84947583370603e-05,"None"
"rs17233387",16,11296549,"N.acetylglycine",218.641326384115,54.6762215817537,9.85164089475768e-05,"None"
"rs285031",13,97584032,"X1.oleoyl.GPC..18.1.",133.785246991238,33.4575478220908,9.85845782438291e-05,"None"
"rs17154410",5,125697935,"X1.linoleoyl.GPC..18.2.",84.2676897159721,21.0753426836422,9.86807018833602e-05,"None"
"rs554885",17,72397732,"alpha.Hydroxybutyrate",161.28595648903,40.3422143577189,9.88532601033823e-05,"None"
"rs2189480",12,46550095,"Isoleucine",95.9771526201655,24.0069552664204,9.88742936756153e-05,"None"
"rs16897796",5,67728460,"Leucine",808.227371431599,202.174331385924,9.89552171048443e-05,"None"
"rs4801275",19,63712861,"alpha.Hydroxybutyrate",225.1934829365,56.3472218882746,9.93887990787822e-05,"None"
"rs200995",6,27921673,"X1.oleoyl.GPC..18.1.",223.22293031585,55.8588363581938,9.95161205234537e-05,"None"
"rs7586543",2,236765409,"Leucine",468.435168164794,117.220461588418,9.95191145522195e-05,"None"
"rs4036025",16,76929109,"Glycine",442.593950390509,110.758481532273,9.95806970160278e-05,"None"
"rs11214938",11,113677870,"alpha.Hydroxybutyrate",164.885633986658,41.2667833963792,9.97429317338949e-05,"None"
"rs16961766",13,102697500,"alpha.Hydroxybutyrate",176.746395387401,44.2400321146627,9.99081685047256e-05,"None"
"rs9560105",13,110973364,"Taurocholate",85.8146204848192,21.4803737071872,9.99632631830637e-05,"None"
"rs1206842",15,39909909,"Taurocholate",123.046658585143,30.8015420174345,0.000100040926281205,"None"
"rs3212752",19,17809732,"Pyridoxate",546.715346745438,136.860208841692,0.000100087712069432,"None"
"rs16944647",17,11213423,"Oleate..18.1.",421.271753384961,105.468974173113,0.000100251271547532,"None"
"rs34639164",5,114701208,"Glycine",578.221625714971,144.787853087214,0.000100517342281128,"None"
"rs870628",5,31398852,"Paraxanthine",289.26923568784,72.4450508074598,0.000100760175086153,"None"
"rs17501983",3,84916484,"Glutamate",419.583305940673,105.083414689775,0.000100793818365194,"None"
"rs10503267",8,4476960,"Uridine",1114.37727913716,279.119975600611,0.000100945087853327,"None"
"rs17165330",7,88382990,"Valine",436.696098547007,109.407189313878,0.000101328219394216,"None"
"rs9303350",17,49905876,"X1.palmitoyl.GPC..16.0.",84.1090737189074,21.0772225106625,0.000101698726804978,"None"
"rs2073206",20,896280,"Pyridoxate",701.601338432076,175.842627290725,0.00010192459857124,"None"
"rs7142719",14,67087708,"X1.oleoyl.GPC..18.1.",157.273642181587,39.4207673046189,0.000102051165979626,"None"
"rs4789205",17,71021136,"Hippurate",235.82999050267,59.1111052330992,0.000102054449663016,"None"
"rs3825593",14,52455987,"Valine",314.558252934821,78.8456946964949,0.000102078989313574,"None"
"rs7961192",12,128178291,"N.acetylglycine",257.26071615097,64.4889571284253,0.00010220431389359,"None"
"rs996694",8,92411441,"Xanthine",507.466102664148,127.21489698328,0.000102272634448457,"None"
"rs7154851",14,73736318,"Tyrosine",192.208166349577,48.185967261834,0.000102336544675657,"None"
"rs10805692",5,45135215,"N.acetylglycine",215.189030105445,53.9497094635131,0.000102409193193943,"None"
"rs16937678",9,19642765,"Hexanoylcarnitine..C6.",166.131804880315,41.6589490722096,0.000102720402571805,"None"
"rs1416241",23,93197170,"Oleate..18.1.",550.405090990474,138.022891683882,0.000102767774217396,"None"
"rs7433110",3,74699402,"Glycine",431.258305737715,108.153141815886,0.000102886666806201,"None"
"rs34511938",3,150786114,"Glutamate",665.488225937099,166.908371092429,0.000103016824467235,"None"
"rs11007734",10,30102357,"Theobromine",855.154650735213,214.480756881309,0.000103038230279368,"None"
"rs16895780",6,65560035,"Tyrosine",153.396606062591,38.4777677375224,0.000103220518641608,"None"
"rs2735902",8,146052174,"Glycine",540.847548670674,135.710546509847,0.000103744676184121,"None"
"rs10519735",4,174204121,"Tyrosine",180.97134393959,45.4230421205704,0.000104209380695889,"None"
"rs323684",5,2641687,"Glutamate",391.37002866219,98.2383388616719,0.000104308041893806,"None"
"rs362840",6,146721533,"X1.palmitoyl.GPC..16.0.",78.9243769844373,19.8116648610799,0.000104367788588257,"None"
"rs7173521",15,89294211,"Leucine",679.566279325275,170.58584778951,0.000104372781487281,"None"
"rs1342069",1,236614613,"Oleate..18.1.",363.481337907311,91.2471971945621,0.000104468644459975,"None"
"rs16987911",23,27394296,"Pyridoxate",532.769076049286,133.7506234894,0.000104539542353306,"None"
"rs10948693",6,52261958,"Phenylalanine",1022.95807831483,256.82668113258,0.000104632829231328,"None"
"rs140673",15,25155075,"Hippurate",273.965204673477,68.7857669844597,0.000104709252543572,"None"
"rs1670262",15,97414876,"Isoleucine",128.724037839887,32.3200747890931,0.000104744150046647,"None"
"rs10502277",11,123390191,"Glycochenodeoxycholate",813.473991920593,204.256261929633,0.000104813796783706,"None"
"rs930344",18,52865842,"Caffeine",-152.990590082954,38.4262022862436,0.000105295135214197,"None"
"rs6997050",8,54942727,"Hypoxanthine",632.346248363621,158.842471270756,0.000105475422422765,"None"
"rs17116375",14,81669165,"X1.palmitoyl.GPC..16.0.",109.258458595039,27.458379547397,0.000106245198091719,"None"
"rs2192276",7,153160189,"Isoleucine",131.314327027246,33.0048384933345,0.000106414743926814,"None"
"rs41415444",4,28331227,"Palmitoylcarnitine..C16.",888.256458935602,223.28802446776,0.000106643675611208,"None"
"rs1762009",10,29056900,"Phenylalanine",839.487165480247,211.043315439952,0.000106757202734406,"None"
"rs6767673",3,172013454,"Threonate",197.802229581488,49.7337745565554,0.000106991047562871,"None"
"rs16829302",2,151593323,"Linoleate..18.2.",1048.53375073761,263.681276431473,0.000107277502727779,"None"
"rs9331341",6,157876455,"Palmitoylcarnitine..C16.",1026.63084799698,258.246182629167,0.000107737621357209,"None"
"rs3771105",2,65177593,"Propionylcarnitine..C3.",1019.36953236618,256.422488833278,0.000107755883775788,"None"
"rs5029078",4,25601427,"Paraxanthine",321.93452016922,80.9852384144516,0.000107807949027285,"None"
"rs12857448",23,143490965,"Oleate..18.1.",558.438533566632,140.488744465913,0.000107912615504331,"None"
"rs41495049",14,78626023,"Xanthine",886.20388006469,222.961826473158,0.00010802820567119,"None"
"rs10132191",14,47691249,"Hippurate",314.285057995,79.088303951613,0.000108373834756943,"None"
"rs10080736",6,25355792,"Taurocholate",101.389185709075,25.516179721222,0.000108507915872332,"None"
"rs16946803",15,43752733,"Tyrosine",157.102474383768,39.5387906986939,0.000108569698000107,"None"
"rs12429732",13,81142303,"Valine",432.044535254272,108.739527934969,0.000108639951650104,"None"
"rs331693",5,124861121,"Glycochenodeoxycholate",710.494572534306,178.829210307946,0.000108710991482513,"None"
"rs2693443",8,59829240,"Glycochenodeoxycholate",1138.13313462659,286.478481654697,0.000108791460807268,"None"
"rs16883862",6,20582746,"Oleate..18.1.",689.728162515763,173.612068512887,0.000108802878670873,"None"
"rs2054762",2,146012150,"Phenylalanine",950.111576487826,239.157713972748,0.00010883255764098,"None"
"rs381485",12,69120265,"Xanthine",848.165931187573,213.519969033251,0.000109014204890511,"None"
"rs3827125",20,4713309,"Paraxanthine",326.605265851465,82.2223604931804,0.000109048691401442,"None"
"rs2219402",17,69565362,"Isovalerylcarnitine..C5.",291.763997204351,73.4552286515528,0.000109140825250449,"None"
"rs9729211",1,18344827,"Hypoxanthine",774.388349712036,194.985882607702,0.000109343681558736,"None"
"rs2226108",20,39915047,"Phenylalanine",1100.98119202633,277.283399943524,0.000109723387133141,"None"
"rs10803620",2,235095463,"Propionylcarnitine..C3.",567.301540847717,142.877195776272,0.000109742416402181,"None"
"rs11096076",23,142570097,"Hypoxanthine",521.354476045081,131.30677502413,0.000109761790962995,"None"
"rs190484",16,62385109,"Pyridoxate",651.917709724282,164.2572628386,0.000110442550993011,"None"
"rs4893116",23,148738137,"Hypoxanthine",699.510127774896,176.256959723913,0.000110521160142821,"None"
"rs891778",2,54977916,"Pyridoxate",649.165218351202,163.601648568314,0.000110829557264247,"None"
"rs6684760",1,239524852,"Glutamate",543.753817073632,137.047482588181,0.000110969496933827,"None"
"rs7131923",12,87541466,"X1.palmitoyl.GPC..16.0.",108.971327994065,27.4657876895312,0.000111012196312531,"None"
"rs274063",7,23364360,"Taurocholate",113.199564323313,28.5334030328638,0.000111124112347113,"None"
"rs12573228",10,48273501,"Isovalerylcarnitine..C5.",449.432051808069,113.289843957997,0.000111194097114148,"None"
"rs16954178",18,8784092,"Erythritol",588.427867267175,148.331373232162,0.000111243738773819,"None"
"rs12272877",11,34177470,"Uridine",1553.75829351429,391.672947648578,0.00011124501974992,"None"
"rs5760932",22,23960597,"Palmitoylcarnitine..C16.",710.532260349326,179.171163376284,0.000111803514331874,"None"
"rs16987911",23,27394296,"Erythritol",569.006685570333,143.489365026937,0.000111873529530922,"None"
"rs2306743",16,34649292,"Xanthine",929.887817848274,234.513801933249,0.000112011502380178,"None"
"rs11052584",12,33318968,"Propionylcarnitine..C3.",849.729781321847,214.338159008094,0.000112326084498654,"None"
"rs7210592",17,73478189,"Isovalerylcarnitine..C5.",457.592808051649,115.425611673564,0.000112342994940932,"None"
"rs1797020",23,93003043,"Palmitoylcarnitine..C16.",684.918350623222,172.80491710593,0.00011271114036443,"None"
"rs2271037",4,47374842,"Propionylcarnitine..C3.",500.558291020602,126.294565706333,0.000112760844914822,"None"
"rs17130335",10,115130246,"Xanthine",859.597163132237,216.888264731235,0.000112804172528432,"None"
"rs17437560",3,153663019,"Tyrosine",113.266926122683,28.5834461636618,0.00011307988615753,"None"
"rs9691259",7,46213105,"Glutamate",519.115844481487,131.019209566129,0.000113312286353724,"None"
"rs12657564",5,105875766,"Palmitoylcarnitine..C16.",580.542977361049,146.541216070069,0.000113527434402184,"None"
"rs9324141",1,85057961,"Linoleate..18.2.",667.471428079127,168.501871811083,0.000113711060504438,"None"
"rs10520614",15,85761406,"X1.oleoyl.GPC..18.1.",207.43629526131,52.3768215058317,0.000114035932352455,"None"
"rs17819626",4,2273893,"Glutamine",116.289506041778,29.3647061149148,0.000114157426717686,"None"
"rs450299",1,110304145,"Isovalerylcarnitine..C5.",472.761378939115,119.380558187849,0.000114183057789796,"None"
"rs3006864",1,109057036,"Glycine",481.887686318842,121.686879450134,0.000114208018522799,"None"
"rs4942434",13,45251787,"X1.palmitoyl.GPC..16.0.",115.50946727,29.1697366385268,0.000114275289615265,"None"
"rs17836508",16,86290369,"Oleate..18.1.",628.981618201924,158.861598233443,0.000114536948250249,"None"
"rs12630849",3,79547199,"X1.linoleoyl.GPC..18.2.",67.9222727463975,17.1575081177439,0.000114779202146758,"None"
"rs1397706",2,160437251,"Hexanoylcarnitine..C6.",258.190579550279,65.221450646557,0.000114811222174197,"None"
"rs1076164",17,2720682,"Hypoxanthine",757.129398757584,191.275915514784,0.000114970753962739,"None"
"rs7794569",7,114991578,"Palmitoylcarnitine..C16.",535.828999955419,135.405365164217,0.000115447034756422,"None"
"rs12267042",10,29210568,"Isovalerylcarnitine..C5.",402.852243328035,101.803720915609,0.000115479815476431,"None"
"rs4562370",8,90704907,"Glutamine",94.1961368202961,23.8044494312052,0.000115508516349476,"None"
"rs16849346",3,104989599,"Theobromine",460.06953948088,116.292445363411,0.000115920596870803,"None"
"rs3821719",3,156345782,"Theobromine",703.506987810285,177.830657102871,0.000115961466531288,"None"
"rs2709418",9,109768952,"Glycochenodeoxycholate",749.055866029618,189.362761487966,0.000116130576078028,"None"
"rs11084419",19,61182755,"X1.palmitoyl.GPC..16.0.",77.656074892,19.6325212533174,0.0001162119843522,"None"
"rs4818925",21,44703694,"Hexanoylcarnitine..C6.",158.256991078542,40.0142240028868,0.000116416426561413,"None"
"rs12928035",16,53817889,"Uridine",1731.67593869057,437.877633990697,0.000116555890150265,"None"
"rs4893116",23,148738137,"Uridine",1354.69966455554,342.62738761259,0.000116930631239543,"None"
"rs17210922",11,96688493,"Isovalerylcarnitine..C5.",531.082837194621,134.32300812853,0.000116967354310614,"None"
"rs16953294",16,52859853,"X1.palmitoyl.GPC..16.0.",105.429922788829,26.6657105947288,0.000116971921657356,"None"
"rs11143817",9,75960888,"Glutamate",490.835352894408,124.15052029987,0.00011706664193768,"None"
"rs7744883",6,80170919,"Paraxanthine",256.730386828198,64.9442823785801,0.00011727275866694,"None"
"rs4731018",7,120910659,"Glycine",656.644313327055,166.156602344486,0.000117774909199095,"None"
"rs6133656",20,8979629,"Glycochenodeoxycholate",525.216904383002,132.906280681953,0.000117853764902379,"None"
"rs11925597",3,153768105,"Glutamine",88.0438527942103,22.2809549782579,0.000117967506192805,"None"
"rs11017212",10,132036345,"Isovalerylcarnitine..C5.",387.504268836939,98.0666567729386,0.000118008694735868,"None"
"rs6062412",20,61229362,"Hypoxanthine",573.26518963887,145.078383424067,0.000118017889894889,"None"
"rs9315762",13,39639907,"Isovalerylcarnitine..C5.",254.039604500014,64.2911659107601,0.000118029036200603,"None"
"rs10514700",3,36474051,"Uridine",1204.51320607062,304.843978598289,0.000118094953428662,"None"
"rs1322307",9,10542932,"Glutamate",772.605320393815,195.563449969667,0.000118355742281535,"None"
"rs7247364",19,1735211,"X1.oleoyl.GPC..18.1.",209.766621704703,53.1014745192665,0.000118519968547722,"None"
"rs9314153",5,95084798,"Glycine",468.943739584663,118.73467903595,0.000118874602920483,"None"
"rs10809221",9,10843336,"Phenylalanine",1005.64704197194,254.634683325621,0.000118936655853177,"None"
"rs7786118",7,31105673,"Caffeine",201.973840331964,51.1449056450746,0.000119081398729045,"None"
"rs10422195",19,40415864,"Hypoxanthine",497.182925993992,125.900881802725,0.000119103186450856,"None"
"rs16921065",8,57872054,"Isovalerylcarnitine..C5.",422.03528617439,106.877071816864,0.000119198535875442,"None"
"rs12413939",10,129578457,"Taurocholate",124.120194158648,31.4333402733197,0.000119249096914215,"None"
"rs41396146",3,24967501,"Theobromine",692.711850062054,175.50113126687,0.000119987667381668,"None"
"rs199496",17,42221887,"Isovalerylcarnitine..C5.",370.311190953011,93.8309859466867,0.000120203301327,"None"
"rs608358",1,120090930,"Paraxanthine",371.552952347671,94.1473694567051,0.00012023654345464,"None"
"rs6857060",4,14535316,"X1.linoleoyl.GPC..18.2.",-38.0357761484161,9.63916493411785,0.00012048373986544,"None"
"rs4730197",7,106234136,"Linoleate..18.2.",632.977653691111,160.442868400309,0.000120836365136037,"None"
"rs17750362",7,67737187,"Paraxanthine",379.814277234415,96.2782510419559,0.000120939808041347,"None"
"rs10767942",11,32478583,"Theobromine",526.663004958033,133.510526282473,0.000121047166902286,"None"
"rs3898982",8,17905246,"Glutamine",133.913476616571,33.9491362398098,0.000121137773762502,"None"
"rs17699797",9,29579682,"Linoleate..18.2.",779.882517701643,197.727630154256,0.000121278423082203,"None"
"rs5752252",22,24726647,"Pyridoxate",408.095320463129,103.476832763776,0.000121459329443171,"None"
"rs7879713",23,86645097,"Erythritol",566.157122862381,143.562538825833,0.000121553942771818,"None"
"rs4373502",8,134384423,"Linoleate..18.2.",422.407681120996,107.122572715493,0.000121742315118415,"None"
"rs744366",17,47732156,"Glutamine",156.374020901094,39.6603729248983,0.000121922434793502,"None"
"rs6416581",15,91537878,"Oleate..18.1.",641.62634009708,162.762808935345,0.0001222615178551,"None"
"rs4894672",3,172467502,"Tyrosine",107.071560754487,27.1613960443649,0.000122282371638521,"None"
"rs6603251",23,240580,"N.acetylglycine",184.371394192267,46.7886697828209,0.000122995243238439,"None"
"rs6949660",7,2974854,"Glycine",371.798950523343,94.3596646188693,0.00012312654556552,"None"
"rs2761147",13,42171733,"N.acetylglycine",273.462789813966,69.408092656352,0.000123268849936107,"None"
"rs3772016",2,7015458,"Glutamate",728.719628755675,184.973757932819,0.000123428844527197,"None"
"rs11007552",10,19229919,"Uridine",1343.56873272493,341.068427163052,0.000123564404832567,"None"
"rs845729",20,13008085,"Glycochenodeoxycholate",830.447625520073,210.816165218059,0.000123606957306424,"None"
"rs237378",23,149850860,"Tyrosine",117.55742409527,29.8431595434901,0.000123620015926454,"None"
"rs41477247",7,16474672,"Paraxanthine",453.891518052961,115.230368423487,0.000123705511286713,"None"
"rs10760651",9,131779385,"Glutamate",855.770695492878,217.267676274603,0.000123802450762215,"None"
"rs12548929",8,140305428,"Oleate..18.1.",575.200738220159,146.049353393871,0.000123983105400555,"None"
"rs11237535",11,70322533,"Caffeine",162.692030455573,41.3173832439919,0.000124350810166224,"None"
"rs17065995",13,44120314,"Isovalerylcarnitine..C5.",438.548338690645,111.386720109585,0.000124561735034204,"None"
"rs624496",3,121989427,"Propionylcarnitine..C3.",939.371680789724,238.606052969939,0.000124681591142768,"None"
"rs10157254",1,95387154,"Glycine",438.683487669155,111.450415500843,0.000125051494784897,"None"
"rs7737146",5,176050986,"X1.palmitoyl.GPC..16.0.",-60.9762143813661,15.4919645499346,0.000125118514375825,"None"
"rs16915130",11,88310071,"X1.linoleoyl.GPC..18.2.",55.2600138925023,14.0415609554632,0.000125369021934607,"None"
"rs16891116",5,62155105,"Uridine",1428.40697913056,363.000183096487,0.000125586052472788,"None"
"rs16865368",2,224544831,"Phenylalanine",1069.33686634684,271.817007556969,0.000126048065300747,"None"
"rs774394",12,65717011,"Hexanoylcarnitine..C6.",197.411362294418,50.1814361978709,0.000126086289174717,"None"
"rs17158985",7,111333048,"Taurocholate",134.238704509105,34.1244018108016,0.000126156916798493,"None"
"rs10514345",5,90460035,"Isovalerylcarnitine..C5.",316.618554609649,80.4980002768948,0.000126422554217824,"None"
"rs1554914",23,150629313,"Hexanoylcarnitine..C6.",112.69906450696,28.654239181648,0.000126508448991189,"None"
"rs2156215",11,78503111,"Tyrosine",132.634054070029,33.7258593892263,0.000126679215722655,"None"
"rs6791589",3,57839689,"X1.oleoyl.GPC..18.1.",199.645638450404,50.7663881142298,0.00012671589248261,"None"
"rs16945703",17,12046287,"Glycochenodeoxycholate",782.416732063617,198.970035397448,0.00012685955113197,"None"
"rs4789205",17,71021136,"Uridine",1093.0904994563,277.984530562563,0.000126924514158735,"None"
"rs10751802",10,1578468,"Isovalerylcarnitine..C5.",315.728579743986,80.2945686120503,0.000126958238371158,"None"
"rs228564",1,79418669,"Glutamine",99.0165659041849,25.1826578974807,0.000127051373712986,"None"
"rs11243558",9,133762551,"Glutamate",740.652731860813,188.38559342068,0.000127222539676903,"None"
"rs12369921",12,79404622,"Glutamate",498.026340035316,126.727132407856,0.000128026595504693,"None"
"rs3751184",12,124063008,"Propionylcarnitine..C3.",1041.4469611627,265.009020131169,0.000128053750198541,"None"
"rs858984",6,27285340,"Taurocholate",144.236962703901,36.7030608797377,0.000128063451777421,"None"
"rs304015",3,4537910,"Leucine",744.85628786547,189.543904639882,0.000128114323835653,"None"
"rs11231652",11,55472402,"Oleate..18.1.",432.64525929373,110.109086206244,0.000128350436707473,"None"
"rs9327027",5,116418496,"Glycine",489.305837896953,124.533915851345,0.000128420798930504,"None"
"rs3773409",3,352249,"Propionylcarnitine..C3.",690.030990447383,175.624023047195,0.000128456253887321,"None"
"rs919537",2,79682437,"N.acetylglycine",192.567662843352,49.0146740395551,0.00012857672291021,"None"
"rs12600182",16,84987825,"Oleate..18.1.",575.834466512142,146.568590487515,0.000128578902220977,"None"
"rs4722534",7,25886323,"Glycochenodeoxycholate",851.13361230672,216.665994713578,0.000128797659032887,"None"
"rs1489448",4,131786303,"Glycochenodeoxycholate",701.637387875398,178.612688446095,0.000128826572616099,"None"
"rs805818",7,122853278,"Isoleucine",-90.8796570728626,23.1350998472225,0.000128849079875532,"None"
"rs7333854",13,26257496,"Tyrosine",162.687262501895,41.4227630059412,0.000129205199232708,"None"
"rs35225245",1,231576204,"Uridine",1270.89623485856,323.657816074451,0.000129605005679912,"None"
"rs1474568",20,38177312,"Hexanoylcarnitine..C6.",156.007408003157,39.7330006990444,0.000129738396833849,"None"
"rs17200502",3,16866073,"X1.oleoyl.GPC..18.1.",176.753020537054,45.0252181738147,0.000130105672940909,"None"
"rs10088994",8,60348186,"Linoleate..18.2.",589.091810945568,150.068793283548,0.000130187479383268,"None"
"rs12033709",1,80541401,"Linoleate..18.2.",766.709354668768,195.322927305452,0.000130254375139598,"None"
"rs17618565",18,14020649,"Xanthine",674.770001978183,171.91529294229,0.000130415690472502,"None"
"rs12373499",18,73947895,"Glycochenodeoxycholate",840.387936408052,214.115116631867,0.000130454734584533,"None"
"rs7181453",15,61449210,"Oleate..18.1.",610.586935296195,155.56875871123,0.00013048748283559,"None"
"rs648262",12,119794445,"X1.oleoyl.GPC..18.1.",192.478307136978,49.0485234135262,0.0001307960986498,"None"
"rs7773913",6,26581962,"X1.linoleoyl.GPC..18.2.",57.5082526012626,14.6549382860084,0.000130839255341551,"None"
"rs4661081",1,155290916,"Glutamate",639.479020878554,162.966917411473,0.000130925505373344,"None"
"rs17085165",5,95195259,"Linoleate..18.2.",908.11664997504,231.42779937756,0.000130928799362223,"None"
"rs17067210",13,76584034,"Hexanoylcarnitine..C6.",186.849496600163,47.6312166856565,0.000131491688799648,"None"
"rs1465389",2,2142083,"Hexanoylcarnitine..C6.",184.653096118993,47.0751895049144,0.000131651925029947,"None"
"rs4903379",14,75649969,"Gulono.1.4.lactone",702.86880790756,179.189078117186,0.000131659917176817,"None"
"rs766857",10,107968162,"Isovalerylcarnitine..C5.",246.40563182188,62.8206302160444,0.000131724505608107,"None"
"rs9470663",6,12094807,"Glutamine",89.2914789991989,22.7647557524733,0.000131730426979703,"None"
"rs3218373",7,152005096,"X1.oleoyl.GPC..18.1.",132.118337653202,33.6910065781425,0.000132170500331261,"None"
"rs10793360",11,78481706,"Palmitoylcarnitine..C16.",533.619852119143,136.08129998872,0.000132240673515315,"None"
"rs4439289",23,14047670,"Pyridoxate",-294.871596862289,75.2073382982942,0.000132514764341362,"None"
"rs12428588",13,98503828,"Glycochenodeoxycholate",943.703201670996,240.729211164812,0.000132813232608644,"None"
"rs9317658",13,66711848,"Isovalerylcarnitine..C5.",381.234213922323,97.2505270663231,0.000132843660186868,"None"
"rs9309619",2,84982857,"Glutamate",773.933362630056,197.438062983219,0.000132966785365102,"None"
"rs2145143",14,90698302,"Glutamate",638.21325399426,162.82756337036,0.000133124313902922,"None"
"rs1394474",8,4170617,"Glutamate",541.402218375064,138.129685905657,0.000133146460937062,"None"
"rs163166",11,2781804,"X1.palmitoyl.GPC..16.0.",81.1987902008107,20.7194630406914,0.000133427378310302,"None"
"rs7803406",7,20436210,"Pyridoxate",644.666337900452,164.512824288308,0.000133590093516648,"None"
"rs974587",4,85114410,"Glycochenodeoxycholate",1015.46067933156,259.147034024533,0.00013367357686901,"None"
"rs13036100",2,46012194,"Oleate..18.1.",326.734134021013,83.3837532734801,0.00013369085804485,"None"
"rs17319788",8,26477637,"Hypoxanthine",553.729533871217,141.318939160548,0.000133762487569952,"None"
"rs12958248",18,22638974,"Linoleate..18.2.",647.019489557778,165.178772468691,0.00013437419422742,"None"
"rs10798707",1,177905434,"X1.oleoyl.GPC..18.1.",213.397303877177,54.4867907480723,0.000134673347491274,"None"
"rs12581677",12,23951999,"Hypoxanthine",882.996182756092,225.542182814898,0.000135437970610844,"None"
"rs873374",8,57938391,"Tyrosine",93.8978631874695,23.9867164991664,0.000135650342922223,"None"
"rs947646",1,31097614,"Phenylalanine",772.368375812809,197.335726098635,0.000135955292176392,"None"
"rs17608525",16,64460683,"Isovalerylcarnitine..C5.",266.280576124178,68.03325041217,0.000135957591751701,"None"
"rs17620924",6,17109784,"Paraxanthine",461.344289833264,117.876511014654,0.000136051726681698,"None"
"rs16894545",6,163473738,"Paraxanthine",329.115751460457,84.0935238755986,0.000136106045696513,"None"
"rs17478611",5,166088144,"Erythritol",504.228335479038,128.842294129765,0.000136186069970115,"None"
"rs17246218",23,146211470,"Uridine",1321.48026403928,337.679386930861,0.000136244631423693,"None"
"rs11017212",10,132036345,"Pyridoxate",574.086496354622,146.704342245102,0.00013634531436221,"None"
"rs155806",5,140330024,"Xanthine",631.163994337631,161.294669051428,0.000136401590474834,"None"
"rs17770503",3,100435133,"Glycine",450.27410986333,115.072288680498,0.000136475556679991,"None"
"rs16976271",15,94485914,"Oleate..18.1.",622.263869648204,159.033294952519,0.000136566795564862,"None"
"rs370672",5,2501146,"X1.palmitoyl.GPC..16.0.",64.8645469633113,16.5804649969331,0.000136918621746082,"None"
"rs340657",3,6882600,"X1.palmitoyl.GPC..16.0.",-56.3191229013745,14.3972284403344,0.000137075185646798,"None"
"rs3780397",9,4681765,"X1.linoleoyl.GPC..18.2.",69.464539034238,17.7591014319658,0.000137237121955374,"None"
"rs1872883",7,3046419,"Isovalerylcarnitine..C5.",370.391889834745,94.7065401232806,0.000137519721535339,"None"
"rs9552848",13,22603934,"X1.oleoyl.GPC..18.1.",184.16072523887,47.0916228749174,0.000137650959026086,"None"
"rs11043128",11,11147986,"X1.oleoyl.GPC..18.1.",179.110848486142,45.809563757668,0.000138060343923938,"None"
"rs11954814",5,155068532,"Hexanoylcarnitine..C6.",216.714227611297,55.4332143051488,0.000138286805328981,"None"
"rs10518364",4,121701660,"Pyridoxate",651.178178189509,166.59236812722,0.000138627424874955,"None"
"rs374435",5,34675005,"Oleate..18.1.",545.059036451238,139.444176756248,0.000138634820482028,"None"
"rs2892383",15,91093506,"X1.palmitoyl.GPC..16.0.",58.9140408234547,15.0742842880963,0.000138921742707491,"None"
"rs16937678",9,19642765,"Theobromine",578.614361105679,148.051908975222,0.000138954264052936,"None"
"rs6957123",7,40858337,"Xanthine",571.176573250694,146.153012505124,0.000139013472177294,"None"
"rs8107574",19,34611065,"Oleate..18.1.",583.802258711761,149.394841623997,0.000139166261980523,"None"
"rs3808368",8,32622618,"Propionylcarnitine..C3.",969.45079639626,248.087183793731,0.000139207378505683,"None"
"rs17823433",6,112612350,"Valine",671.090700854782,171.76142353701,0.0001395180140434,"None"
"rs7656647",4,5860028,"Oleate..18.1.",363.232041085661,92.9859342124541,0.000139937381241052,"None"
"rs9908508",17,73201616,"Linoleate..18.2.",533.251232932767,136.517605621031,0.000140049561513485,"None"
"rs12726803",1,88070515,"Glutamate",710.088921849923,181.802608992489,0.000140194504548421,"None"
"rs1860357",12,3912795,"Hexanoylcarnitine..C6.",167.122674620454,42.7940891655391,0.000140484199502379,"None"
"rs11766104",7,17158797,"Glycine",449.081770154539,114.995539417209,0.000140518213606438,"None"
"rs9318525",13,77666942,"X1.linoleoyl.GPC..18.2.",53.4695787217758,13.6973176454843,0.000141343313869854,"None"
"rs4513362",20,7000457,"Glycochenodeoxycholate",1051.72435387381,269.424141124405,0.000141371073787687,"None"
"rs7566793",2,6228331,"Uridine",992.171500628842,254.171748618941,0.000141399510577766,"None"
"rs7339401",13,111670854,"Glycochenodeoxycholate",816.631116415095,209.222179778548,0.000141596817870892,"None"
"rs17099186",5,142024194,"Glycine",512.534709782658,131.312651507557,0.000141603947979118,"None"
"rs2588567",18,20154446,"Caffeine",151.732341294084,38.8763220660209,0.000141717481463332,"None"
"rs3936759",18,50216429,"Erythritol",519.339024953553,133.064788533544,0.000141742271770543,"None"
"rs4972622",2,174516462,"Pyridoxate",332.397350537012,85.1700656208169,0.000141824834187374,"None"
"rs951827",10,130168048,"Isoleucine",108.903565045879,27.9069091658332,0.000142017598290127,"None"
"rs17271500",15,60215901,"Palmitoylcarnitine..C16.",710.591310526714,182.102231451763,0.000142141073117561,"None"
"rs12540329",7,33879573,"Isoleucine",138.35434355747,35.4685913737695,0.000142890508336624,"None"
"rs2268356",10,124255316,"Hexanoylcarnitine..C6.",116.653946585425,29.9063184117778,0.000142950191343954,"None"
"rs1321606",6,153586972,"Glutamine",151.024325167283,38.7203831654889,0.000143091243622344,"None"
"rs4958072",5,111957063,"Glutamate",770.365762167235,197.528641755409,0.000143286244538139,"None"
"rs16874998",5,5248742,"Hexanoylcarnitine..C6.",131.245889080649,33.6541559586981,0.000143382421705094,"None"
"rs9380854",6,39465235,"Taurocholate",109.839256655797,28.1664177075872,0.000143484209298261,"None"
"rs4514014",8,118004229,"Uridine",1371.13285012303,351.62834979635,0.000143631008329365,"None"
"rs10799626",1,20500703,"Taurocholate",135.02549676707,34.6303226583142,0.000143807479678029,"None"
"rs2352988",14,94869864,"Glycine",463.938251344003,118.989484556054,0.000143844573408642,"None"
"rs734518",19,60524696,"Threonate",-175.112258686759,44.9127496286776,0.00014386733625826,"None"
"rs11788034",9,3841002,"Glutamine",98.0483875169179,25.1507606959896,0.000144146900934002,"None"
"rs2068606",18,23439214,"Oleate..18.1.",634.86573454369,162.876931768478,0.000144472944131347,"None"
"rs1561555",12,8673170,"Paraxanthine",488.94099661763,125.46585390526,0.000144918630094305,"None"
"rs17688833",8,84500405,"Paraxanthine",373.015921199867,95.7310785571309,0.000145194688420478,"None"
"rs2413353",22,34256914,"X1.linoleoyl.GPC..18.2.",-37.069485976235,9.51385095255004,0.000145264137284899,"None"
"rs9533567",13,43123066,"Erythritol",557.946376345317,143.201946122641,0.000145345770394608,"None"
"rs1807765",1,155748995,"Glycine",491.970685059004,126.269012814102,0.000145351160529483,"None"
"rs2436964",8,103719111,"Linoleate..18.2.",705.172816993998,180.993951000931,0.000145404717714693,"None"
"rs875765",19,53233536,"Isoleucine",147.981311648501,37.9887093226652,0.000145792879102577,"None"
"rs1482536",18,64125892,"Hypoxanthine",494.965430744782,127.091683876828,0.000146257898886884,"None"
"rs4112793",6,102185383,"Glutamate",526.841202393242,135.288471199659,0.000146448961126407,"None"
"rs17704052",15,90931103,"Pyridoxate",619.931775251041,159.205226350678,0.000146608547909597,"None"
"rs4265115",7,113252895,"X1.linoleoyl.GPC..18.2.",36.041364390026,9.25708108320454,0.000146901929201935,"None"
"rs9378833",6,3909456,"Hypoxanthine",674.970202599639,173.370653236165,0.000146991597505758,"None"
"rs12995156",2,44202272,"X1.oleoyl.GPC..18.1.",-93.3151453406685,23.9690201157165,0.00014702699438109,"None"
"rs241972",12,3708106,"Palmitoylcarnitine..C16.",629.579502888285,161.734881182062,0.000147299067127928,"None"
"rs10516175",4,5722378,"Palmitoylcarnitine..C16.",882.491125829452,226.721869996348,0.000147447512401387,"None"
"rs12454155",18,69844563,"Tyrosine",132.200749742435,33.9644311243005,0.000147483999939456,"None"
"rs1226757",1,45365473,"Phenylalanine",1204.06967965562,309.361106112849,0.000147601393886916,"None"
"rs2073192",20,2592996,"Oleate..18.1.",476.66704027549,122.470380292651,0.000147610583148148,"None"
"rs4751430",10,129186709,"Tyrosine",121.30809998173,31.1705461026023,0.000147802588122385,"None"
"rs1273788",2,227158771,"Leucine",582.262521147419,149.614793476688,0.000147808005529172,"None"
"rs9354097",6,94963750,"Uridine",1244.62241849205,319.826057829995,0.000147910015111514,"None"
"rs8083219",18,54823046,"Propionylcarnitine..C3.",517.72321319939,133.075709648439,0.000148532254567421,"None"
"rs3018365",11,90720001,"Theobromine",535.149434329683,137.557382881343,0.000148570587008384,"None"
"rs2242321",15,57253509,"X1.linoleoyl.GPC..18.2.",74.0003011680734,19.0231392125578,0.000148769678327645,"None"
"rs41398251",21,41401898,"X1.linoleoyl.GPC..18.2.",69.5553493875847,17.8818876065027,0.000148940292378057,"None"
"rs17691629",3,181097205,"Glycine",486.10738383085,125.007049633592,0.000149538920325324,"None"
"rs10985311",9,123343453,"Phenylalanine",1404.77246246324,361.288225081512,0.000149767653590508,"None"
"rs17224078",16,49409330,"N.acetylglycine",426.150072495913,109.601197274167,0.000149792333392794,"None"
"rs9726956",1,59988299,"Linoleate..18.2.",464.544417847288,119.478014011762,0.000149832645386506,"None"
"rs16963743",19,35259505,"Hexanoylcarnitine..C6.",185.320761166609,47.6635618713493,0.000149841039387587,"None"
"rs226786",16,14220534,"X1.linoleoyl.GPC..18.2.",82.1394523411265,21.12983127895,0.000150252933618271,"None"
"rs1455369",8,40260187,"Linoleate..18.2.",484.286451160895,124.619941501443,0.000150965187038232,"None"
"rs41482845",3,176694800,"Uridine",1258.21037989638,323.775765194139,0.000150994806250633,"None"
"rs7561852",2,6079161,"Glutamine",107.181538099881,27.5856066240395,0.000151357082751705,"None"
"rs7911009",10,49808465,"Isovalerylcarnitine..C5.",291.788394492598,75.1034841794075,0.000151506907100419,"None"
"rs16823799",2,183406936,"Valine",455.165337045323,117.158990658864,0.000151579892955241,"None"
"rs13183818",5,66816346,"Valine",-303.622637225084,78.1577608161999,0.000151740096481451,"None"
"rs7212298",17,10965967,"Isoleucine",103.124871609134,26.5527307274438,0.000152289181564947,"None"
"rs17552880",10,34534755,"Phenylalanine",970.196023865977,249.809518155929,0.000152308163278621,"None"
"rs6925021",6,156630421,"Propionylcarnitine..C3.",534.565929690911,137.644815035089,0.000152354542015107,"None"
"rs12647157",4,91436354,"Isovalerylcarnitine..C5.",364.076272151317,93.7478099380328,0.000152406471040769,"None"
"rs13033608",2,79827051,"N.acetylglycine",186.095736040054,47.9213496764861,0.000152528329708084,"None"
"rs12122247",1,210250311,"Linoleate..18.2.",777.524086461257,200.299831054269,0.000153420030732575,"None"
"rs9480594",6,106290692,"Valine",519.330567019095,133.793861857337,0.00015355138634584,"None"
"rs9541072",13,66782471,"Tyrosine",105.109574609178,27.0805184668674,0.000153666485377187,"None"
"rs6420571",23,3386304,"Valine",326.706298816316,84.1734022585719,0.000153680253400271,"None"
"rs7195250",16,8231933,"Taurocholate",95.3949238443366,24.5780006953584,0.00015370037429321,"None"
"rs17074052",18,60827522,"Tyrosine",166.641401180936,42.9369802997882,0.000153840844127833,"None"
"rs9819314",3,7656695,"Erythritol",517.260181140737,133.287713950844,0.000154008111959726,"None"
"rs9572197",13,69069426,"Hexanoylcarnitine..C6.",204.031962744083,52.5806950133876,0.000154250642931694,"None"
"rs17043004",2,21855571,"Gulono.1.4.lactone",536.067476284402,138.15250908834,0.000154308449464311,"None"
"rs17034837",2,68089376,"Erythritol",794.636574775749,204.794050469456,0.000154357315006227,"None"
"rs17227580",5,7478981,"Valine",332.745596364479,85.7574196571823,0.000154412060112358,"None"
"rs2388427",5,20591244,"Glycochenodeoxycholate",499.37999171868,128.715303512789,0.000154616971385595,"None"
"rs17010098",2,30810295,"Uridine",1274.65435523578,328.554954334635,0.000154702496185352,"None"
"rs12478760",2,178893297,"X1.linoleoyl.GPC..18.2.",49.1048418364661,12.6579658039488,0.000154826757157386,"None"
"rs13060887",3,14938341,"Palmitoylcarnitine..C16.",744.812598060225,192.001584368357,0.00015492097146327,"None"
"rs858546",1,165727946,"Glutamate",697.545873236713,179.825417950145,0.000155027201052598,"None"
"rs7234110",18,71821312,"Valine",353.360108892257,91.0995608833202,0.000155133250212134,"None"
"rs10774295",12,4988161,"Glutamine",95.1121534054619,24.5208107819635,0.000155133499221698,"None"
"rs6824699",4,167617959,"Isoleucine",140.838663600249,36.3098654906018,0.00015515389383436,"None"
"rs7737261",5,5312764,"Palmitoylcarnitine..C16.",998.784964274411,257.513005563317,0.000155280611928716,"None"
"rs17677777",4,178538104,"Leucine",470.880176504855,121.418457426085,0.000155525367941128,"None"
"rs2122222",3,29950790,"Leucine",645.117282171763,166.355728295537,0.000155654187882075,"None"
"rs11641231",16,84938685,"X1.oleoyl.GPC..18.1.",102.086285684315,26.3278639087218,0.000155909912714625,"None"
"rs11061005",12,129629481,"Isoleucine",147.56315780849,38.0756600281865,0.000157066083274145,"None"
"rs7251507",19,20588919,"Uridine",957.527437823793,247.077682293804,0.000157133147941781,"None"
"rs7932891",11,10878088,"X1.linoleoyl.GPC..18.2.",39.5686914629447,10.2111503398559,0.000157346656102708,"None"
"rs16927109",9,125874796,"Gulono.1.4.lactone",467.148935505035,120.565876505006,0.000157588657578109,"None"
"rs7310759",12,115755230,"Propionylcarnitine..C3.",774.325194549949,199.846395768408,0.000157609086808082,"None"
"rs2156467",11,94967616,"Hexanoylcarnitine..C6.",246.518630234654,63.6249606319819,0.00015763459416428,"None"
"rs17046609",2,117539769,"Threonate",280.287135774921,72.3479888877144,0.000157874114568724,"None"
"rs755768",17,72534983,"Valine",634.39575909441,163.778198020093,0.000158256392402044,"None"
"rs17143899",7,21132258,"Linoleate..18.2.",905.424374361899,233.751205045941,0.000158287314957335,"None"
"rs9944577",18,27006659,"Uridine",1215.91856396677,313.939069584286,0.000158494332641537,"None"
"rs11645525",16,84644530,"Isoleucine",163.141237125861,42.1217470170731,0.000158503560673831,"None"
"rs10098271",8,94269123,"Caffeine",188.725174611124,48.7273234716354,0.000158504072310644,"None"
"rs2513956",8,98907377,"Taurocholate",136.176700195993,35.1600382607818,0.000158524216014579,"None"
"rs1337703",9,103594814,"Phenylalanine",1198.9655359807,309.572953085543,0.000158575897094761,"None"
"rs17364211",10,93852932,"Glycochenodeoxycholate",627.895546697662,162.138081186184,0.000158794439962223,"None"
"rs6787044",3,90212129,"Propionylcarnitine..C3.",1017.49160578587,262.747160409587,0.000158845098720309,"None"
"rs10446439",3,14396243,"Isoleucine",153.39878966546,39.6192432996076,0.000159253470673524,"None"
"rs17723131",9,1540403,"Phenylalanine",1217.54029738049,314.470090491218,0.000159315872236838,"None"
"rs1909194",1,220837326,"Hexanoylcarnitine..C6.",146.225169887765,37.7680011837142,0.000159347006455283,"None"
"rs10736877",10,128363697,"Hypoxanthine",450.226528433992,116.294368134902,0.00015948368997147,"None"
"rs2226967",7,141873791,"Taurocholate",101.001937958261,26.0911242170827,0.000159672312001528,"None"
"rs10493026",1,25280441,"Hexanoylcarnitine..C6.",154.093720644457,39.8130885866533,0.000160086798575098,"None"
"rs6937061",6,33187790,"Tyrosine",125.872524795675,32.5222904737578,0.000160136125859327,"None"
"rs2719848",23,146492026,"Threonate",257.643197674795,66.5739428535126,0.000160325075179475,"None"
"rs17693103",8,18117126,"Xanthine",689.520881388493,178.189041497632,0.000160581308811201,"None"
"rs9262546",6,31101107,"Tyrosine",138.930891395907,35.9037942569243,0.000160623837693391,"None"
"rs6705471",2,191342842,"Oleate..18.1.",407.063558413319,105.222682339263,0.000161189404978217,"None"
"rs4075690",1,60724694,"Hypoxanthine",645.965241148556,166.990016964413,0.000161372995600958,"None"
"rs745125",13,33794544,"Phenylalanine",1088.79715536677,281.486520997605,0.000161530179278287,"None"
"rs4764806",12,100578549,"Taurocholate",151.010659472913,39.0471058230521,0.000161910012710108,"None"
"rs16920467",11,93827574,"Oleate..18.1.",638.888130108244,165.207464655384,0.000162037131867865,"None"
"rs17120597",8,14817151,"Uridine",1340.82690812047,346.747894936755,0.000162232651014372,"None"
"rs12204701",6,4589600,"Glutamate",595.648230765076,154.050558454887,0.000162406972118395,"None"
"rs993522",3,147241254,"Palmitoylcarnitine..C16.",547.093932764152,141.500241423996,0.000162525033788456,"None"
"rs6537606",10,135134088,"Isovalerylcarnitine..C5.",287.170836714401,74.2783141495099,0.000162667827304906,"None"
"rs1417603",9,109171243,"Linoleate..18.2.",433.259391760395,112.069062641851,0.000162754614759354,"None"
"rs17080715",13,65576296,"Hexanoylcarnitine..C6.",252.757432003194,65.3859476520255,0.00016298590514355,"None"
"rs6453333",5,76911220,"Caffeine",238.103318462154,61.5961447327974,0.0001630270385244,"None"
"rs11043458",12,17479817,"Paraxanthine",247.509356557981,64.041830379687,0.000163482790892122,"None"
"rs17608884",2,64863901,"Hexanoylcarnitine..C6.",122.166171900705,31.6106650579045,0.000163540103788047,"None"
"rs6674615",1,83978532,"Erythritol",811.767134484401,210.046390365741,0.000163546027952743,"None"
"rs41381850",1,95742271,"Palmitoylcarnitine..C16.",873.380303623601,226.007292400541,0.000163737881782608,"None"
"rs12599393",16,67386522,"X1.oleoyl.GPC..18.1.",97.2578578039109,25.1713958008063,0.000164083713423133,"None"
"rs13034369",2,78798857,"Erythritol",392.473111843527,101.580597948888,0.000164183200706829,"None"
"rs6753841",2,34126101,"X1.palmitoyl.GPC..16.0.",107.718627542481,27.881510752775,0.000164317524972066,"None"
"rs2270818",5,157091017,"Uridine",1145.31293347081,296.453966710001,0.000164359038949479,"None"
"rs1626487",10,28674776,"Glutamine",85.1703186836179,22.0465878292522,0.00016446824099861,"None"
"rs16975644",15,94142768,"Phenylalanine",913.577357945492,236.489720965743,0.000164543758726022,"None"
"rs1031944",4,34825974,"Paraxanthine",301.397728641118,78.0227330305766,0.000164621556604853,"None"
"rs2292811",19,60824299,"Glycochenodeoxycholate",780.730982846987,202.152520096414,0.000165149865420674,"None"
"rs12550877",9,31702096,"Xanthine",794.641184192345,205.775245370806,0.000165392812191763,"None"
"rs17732285",8,92908156,"Linoleate..18.2.",858.462923467045,222.313949746402,0.000165519654401236,"None"
"rs1216526",11,99998450,"Tyrosine",126.43049721291,32.7415775514982,0.000165533835731439,"None"
"rs2349981",15,86700635,"Glycochenodeoxycholate",811.131166723165,210.118682828449,0.000166225909951005,"None"
"rs1677316",5,111163050,"Hexanoylcarnitine..C6.",177.644995228111,46.0184421992334,0.000166255423549844,"None"
"rs6679571",1,59103451,"Uridine",780.532181163679,202.215396544095,0.000166500663665779,"None"
"rs954492",9,10870887,"N.acetylglycine",264.531024568978,68.5343571243443,0.000166546601489152,"None"
"rs2116356",8,124914360,"Phenylalanine",1333.1071660959,345.38971784286,0.000166616230915838,"None"
"rs360089",1,224124954,"Caffeine",200.719860305842,52.0051513052761,0.000166680717099629,"None"
"rs4811936",20,55879082,"Glycine",612.290568416585,158.65004320914,0.000166827740303272,"None"
"rs4720815",7,8986351,"X1.palmitoyl.GPC..16.0.",107.987537484458,27.9806816642507,0.000166838950049796,"None"
"rs12476641",2,78231655,"Paraxanthine",367.598440117794,95.2513793108427,0.000166910613570124,"None"
"rs163281",5,16569778,"Valine",352.28468252573,91.2874335100135,0.000167019169482296,"None"
"rs11815242",10,36035346,"Pyridoxate",704.557403475147,182.59114842268,0.000167274437402466,"None"
"rs699330",15,21487763,"Linoleate..18.2.",504.635563867954,130.78557283382,0.000167377791389275,"None"
"rs7649792",3,67857697,"Hypoxanthine",538.278364974922,139.529270496349,0.000167801900235403,"None"
"rs281441",5,67342532,"Pyridoxate",651.870545339421,168.979303930288,0.000167878369578554,"None"
"rs17673821",18,32303583,"Threonate",351.45718102378,91.1055288030415,0.000167879220490874,"None"
"rs2268663",6,146724455,"Propionylcarnitine..C3.",586.278045756783,151.993597120009,0.000168153732657244,"None"
"rs10033230",4,189376185,"Valine",428.90881718886,111.196857560972,0.000168186457282445,"None"
"rs2178739",2,10949444,"Tyrosine",91.4804868178178,23.7274327283593,0.000169273781604681,"None"
"rs4641109",8,1758170,"Valine",578.107458022683,149.944971110845,0.000169279655413738,"None"
"rs1486664",4,186172014,"Threonate",207.476440303684,53.8164317458761,0.000169407240158894,"None"
"rs9903517",17,40014927,"Taurocholate",83.1188375820729,21.559943459782,0.000169418703966054,"None"
"rs17432461",15,34962248,"Paraxanthine",414.263255526725,107.467857147426,0.000169721633272591,"None"
"rs2149435",13,46402001,"Linoleate..18.2.",646.491201896121,167.717171251866,0.000169793115083499,"None"
"rs17017737",2,3636599,"Palmitoylcarnitine..C16.",884.807282735142,229.554268950962,0.000169915406061933,"None"
"rs5953739",23,141498081,"Paraxanthine",284.989999045199,73.9609166303847,0.00017068083897628,"None"
"rs858546",1,165727946,"Valine",547.565141231526,142.144390740263,0.000171366020326247,"None"
"rs7701007",5,95174048,"Gulono.1.4.lactone",603.77699666865,156.743811524896,0.000171478725930342,"None"
"rs9378833",6,3909456,"Uridine",1298.94416853845,337.218856607362,0.000171521355777789,"None"
"rs7620843",3,31112634,"X1.linoleoyl.GPC..18.2.",38.4393479102228,9.97935883740367,0.000171551157448906,"None"
"rs10788155",10,123013446,"Valine",414.866300834931,107.706985921601,0.000171602641423981,"None"
"rs4346183",15,96702269,"Palmitoylcarnitine..C16.",529.12562627341,137.386414988074,0.000171882118564747,"None"
"rs6037971",20,4727700,"Gulono.1.4.lactone",372.708203388567,96.7760684206659,0.000171961741151168,"None"
"rs7610948",3,118056506,"Pyridoxate",484.82127865587,125.889236259261,0.000172006616067962,"None"
"rs11875554",18,11444833,"Oleate..18.1.",555.808124655548,144.333363521533,0.00017220499029886,"None"
"rs4073420",18,29916953,"X1.palmitoyl.GPC..16.0.",109.084340782567,28.3297839582162,0.000172426863912439,"None"
"rs17116135",15,23578981,"Palmitoylcarnitine..C16.",922.09812260388,239.483883372218,0.000172531051432767,"None"
"rs1551831",15,67842355,"Theobromine",606.338654265355,157.480627623353,0.000172603533398312,"None"
"rs876503",12,2667440,"Glycine",404.724115497041,105.125254485672,0.000172809245262722,"None"
"rs2569729",19,56037633,"Hexanoylcarnitine..C6.",190.943768184832,49.6122012702545,0.000173580698998569,"None"
"rs4524871",9,112502829,"Oleate..18.1.",403.377685332792,104.818713069934,0.000173832421508964,"None"
"rs17735434",5,134995289,"Hexanoylcarnitine..C6.",131.06889978117,34.0592971398032,0.000173884436919546,"None"
"rs134949",22,25853864,"Uridine",1511.24130814618,392.751697962344,0.00017416112901852,"None"
"rs3829196",10,131452243,"Erythritol",830.227125960429,215.82459436117,0.000174849887888525,"None"
"rs3814309",1,110078926,"Caffeine",-146.661553435289,38.131540055117,0.000175219239381034,"None"
"rs1267858",6,6267977,"Pyridoxate",442.455160115485,115.060261183911,0.000175727964219847,"None"
"rs2815067",6,39374614,"Threonate",273.872914450939,71.2259548060598,0.000175919624090547,"None"
"rs3764276",16,29580704,"Propionylcarnitine..C3.",558.309274611237,145.229493615847,0.00017644615511994,"None"
"rs5941658",23,89768163,"Paraxanthine",357.629080892059,93.0468803412257,0.000176963738061081,"None"
"rs10774295",12,4988161,"Gulono.1.4.lactone",436.726139591871,113.626366817678,0.000176969231345669,"None"
"rs7168274",15,91477898,"Gulono.1.4.lactone",347.912485170946,90.5232502222801,0.000177086829577362,"None"
"rs16964758",15,35241872,"X1.linoleoyl.GPC..18.2.",51.2100742149817,13.3246450292751,0.000177145786634605,"None"
"rs2834268",21,34121750,"Phenylalanine",990.290645475435,257.684845829132,0.000177297126083739,"None"
"rs6718202",2,6809163,"Erythritol",665.342155587207,173.173720578313,0.000177944029864123,"None"
"rs4562370",8,90704907,"Gulono.1.4.lactone",424.516387594027,110.512171849346,0.000178405051656636,"None"
"rs2527635",7,67900662,"Theobromine",397.118161226435,103.387917812752,0.000178606794373303,"None"
"rs2056317",15,35350843,"Glutamate",444.044082357681,115.605287580127,0.000178616020167937,"None"
"rs9316514",13,50483391,"Erythritol",606.420891874106,157.88125755831,0.000178644260712831,"None"
"rs17738513",8,436359,"X1.oleoyl.GPC..18.1.",192.704298475165,50.1779060979699,0.000179024529551462,"None"
"rs16998308",23,32352267,"Uridine",1081.97940575949,281.748797544549,0.000179153647351016,"None"
"rs1864964",5,151025451,"Glutamine",152.626510744368,39.7550568893356,0.000179857183957086,"None"
"rs1342382",1,56949976,"Caffeine",164.740183068569,42.9152744947936,0.000180152385485616,"None"
"rs17164377",7,129516580,"Linoleate..18.2.",712.682154723334,185.662233527219,0.000180243110858861,"None"
"rs17121875",1,61504240,"Linoleate..18.2.",750.094342846287,195.42768315635,0.000180494786750588,"None"
"rs12903567",15,86163251,"Hypoxanthine",735.84774194384,191.743797860084,0.000180869377339019,"None"
"rs17052520",13,52386159,"Theobromine",796.89328183073,207.662769839965,0.00018101848470758,"None"
"rs7315524",12,95008301,"Phenylalanine",1068.3966929225,278.428102106939,0.000181149524143942,"None"
"rs17735434",5,134995289,"Glutamine",81.6117142596584,21.2696758825439,0.000181315050910773,"None"
"rs695366",22,32330928,"Pyridoxate",395.461430770899,103.074537940223,0.000181546512928601,"None"
"rs2268494",3,8777046,"Isovalerylcarnitine..C5.",330.28144344527,86.0868674071241,0.000181579072631586,"None"
"rs8180727",7,93849021,"Xanthine",846.137163880121,220.561519551244,0.000181795044570981,"None"
"rs1735009",7,155657437,"Gulono.1.4.lactone",404.4754109099,105.436421895073,0.000181852046575591,"None"
"rs598026",11,112644460,"Propionylcarnitine..C3.",632.55527259,164.894792975903,0.000181911257671969,"None"
"rs215982",12,2576308,"Hexanoylcarnitine..C6.",178.678738517033,46.5833068903097,0.000182203620483275,"None"
"rs31675",7,86907694,"Glutamine",132.136140034123,34.4519124738864,0.000182408510272192,"None"
"rs11868349",17,13267869,"Isoleucine",130.633750611658,34.0605400293922,0.000182434907414419,"None"
"rs7019643",9,36905243,"Paraxanthine",289.471614305363,75.4774519714267,0.000182525314801468,"None"
"rs4369215",1,240775183,"Hexanoylcarnitine..C6.",126.48087377602,32.9789647626256,0.000182530783632289,"None"
"rs10461639",5,57159074,"Glutamate",688.579165419331,179.558906850655,0.000182775718948981,"None"
"rs11890171",2,111331237,"Linoleate..18.2.",671.782677052537,175.185932921994,0.000182879703676583,"None"
"rs4652696",1,180537426,"Phenylalanine",947.003429868419,246.962288843063,0.000182931611529629,"None"
"rs5924180",23,81525274,"Uridine",1133.34036721916,295.566533352164,0.00018302641277539,"None"
"rs12946796",17,52671064,"Valine",436.526092358877,113.853895051163,0.000183283170619517,"None"
"rs4334459",2,171158893,"Isovalerylcarnitine..C5.",516.412185656175,134.693945848382,0.000183366708627303,"None"
"rs10111172",8,23025036,"Uridine",999.612858903516,260.739779008473,0.00018351011957262,"None"
"rs708627",20,60890723,"Glutamate",577.708937886955,150.697264200226,0.000183635328809544,"None"
"rs17076276",5,173052344,"Paraxanthine",338.900952566136,88.4186746587982,0.000184086516185868,"None"
"rs11697499",20,40425941,"Valine",-290.752057915177,75.8613039971436,0.000184245081498988,"None"
"rs10734407",11,4185607,"Glutamate",449.766195907132,117.355073448625,0.000184350992267016,"None"
"rs17093506",14,95380517,"Glutamate",497.340947055703,129.772248751798,0.000184426781396283,"None"
"rs4836555",9,128709849,"Glycine",608.340542006366,158.748684451112,0.000184642810133322,"None"
"rs1607278",5,124701914,"Linoleate..18.2.",535.028754482193,139.617938558919,0.00018464718310839,"None"
"rs12047926",1,231393794,"Isoleucine",146.046056387563,38.1136238287782,0.00018480626778603,"None"
"rs9403008",6,139194398,"Oleate..18.1.",530.789908156408,138.520871567676,0.000184819269779968,"None"
"rs1821274",19,35572679,"X1.palmitoyl.GPC..16.0.",115.450288164613,30.1292504300101,0.000184823792080739,"None"
"rs676755",7,123226318,"Pyridoxate",347.672968491726,90.7411775864781,0.000185066984256948,"None"
"rs16926667",10,26526934,"Glutamate",610.241265576069,159.270654147788,0.000185071262493301,"None"
"rs1956509",14,25873139,"Glutamine",77.326710942233,20.1870288734282,0.000185730455415533,"None"
"rs1016109",22,41165671,"Tyrosine",137.04269269291,35.7766919648196,0.000185739157053746,"None"
"rs10144748",14,98621966,"X1.palmitoyl.GPC..16.0.",60.8052921504795,15.8750659891437,0.000185920657210503,"None"
"rs11956546",5,96511787,"Palmitoylcarnitine..C16.",749.714490338526,195.811980016828,0.00018695198295514,"None"
"rs9864349",3,72131710,"Isoleucine",99.9508363394128,26.1064214782106,0.00018705929993039,"None"
"rs12200345",6,91046804,"Linoleate..18.2.",927.284171072621,242.20011027944,0.000187062829723741,"None"
"rs4958765",5,154071950,"Hexanoylcarnitine..C6.",136.186743316623,35.5746054876971,0.000187330573332677,"None"
"rs2331003",7,44216390,"X1.palmitoyl.GPC..16.0.",73.1482883900606,19.1089794056937,0.000187502439818342,"None"
"rs17673792",18,32291771,"Glycine",574.13889712069,150.030682316719,0.000188299032730005,"None"
"rs2848786",18,37281262,"Hexanoylcarnitine..C6.",174.849131901707,45.6911281478584,0.000188331545796634,"None"
"rs4768766",12,45616046,"Pyridoxate",699.231667209412,182.724038656257,0.000188369655499048,"None"
"rs11564421",18,23790179,"Erythritol",536.724852183403,140.283103904029,0.000188856534959074,"None"
"rs12218617",10,62103446,"Tyrosine",120.277473954055,31.4369745210606,0.000188873693362802,"None"
"rs7715820",5,26728518,"Erythritol",482.887502250032,126.225685554856,0.000189153344884742,"None"
"rs4680919",3,79108259,"Paraxanthine",324.984996354202,84.9533469448477,0.000189248497678259,"None"
"rs11098796",4,126322976,"Glycine",654.6993125395,171.155771183631,0.00018944919759339,"None"
"rs9998561",4,156166719,"Hexanoylcarnitine..C6.",167.030945691239,43.6667963195572,0.000189478425938837,"None"
"rs9599329",13,68169402,"Phenylalanine",944.177654266342,246.837533435666,0.000189497530217331,"None"
"rs6446386",4,5729590,"Xanthine",457.606266415046,119.63403692018,0.000189530394756603,"None"
"rs7206844",16,85243457,"X1.palmitoyl.GPC..16.0.",107.085249765464,28.0031901800016,0.000190243143253302,"None"
"rs10200471",2,195227181,"Isoleucine",197.024886428684,51.5230259179068,0.000190258154450714,"None"
"rs6633429",23,13852876,"Hexanoylcarnitine..C6.",144.140766863954,37.6971122698482,0.000190512588995708,"None"
"rs6809362",3,37403327,"Isovalerylcarnitine..C5.",395.913626899823,103.547897274099,0.000190634260046544,"None"
"rs8003716",14,90059917,"Hexanoylcarnitine..C6.",119.470008236334,31.2488847312048,0.000190850646201608,"None"
"rs17129232",14,93391080,"Phenylalanine",810.794545501027,212.098160159655,0.000191164807690316,"None"
"rs17105583",10,87188772,"Gulono.1.4.lactone",555.447147137905,145.30307667123,0.000191202115642725,"None"
"rs11144041",9,76461598,"X1.linoleoyl.GPC..18.2.",71.9278112246944,18.8218927668591,0.00019204121288248,"None"
"rs16993428",19,6124690,"Tyrosine",144.025421077177,37.6882381854509,0.000192042666586738,"None"
"rs12554449",9,135075021,"Paraxanthine",254.487483613385,66.6188478885935,0.000193071153034232,"None"
"rs2729626",12,26120086,"Propionylcarnitine..C3.",676.254543305157,177.04219107292,0.000193296859234834,"None"
"rs1356896",3,54600757,"Propionylcarnitine..C3.",969.464067190472,253.823413113171,0.000193507009508598,"None"
"rs4510175",2,29956086,"Hexanoylcarnitine..C6.",180.201277525097,47.1870813400806,0.00019391858122581,"None"
"rs11022306",11,12312128,"X1.palmitoyl.GPC..16.0.",-56.7732837514898,14.8672393136639,0.000194051555152949,"None"
"rs3112269",3,113663316,"Hexanoylcarnitine..C6.",187.089705871157,48.9954403244594,0.000194174422493807,"None"
"rs6037013",20,24988884,"Caffeine",181.310324659695,47.4836200572443,0.000194272442367898,"None"
"rs1868940",19,56879614,"Hypoxanthine",472.363265438209,123.719146746585,0.000194522313109389,"None"
"rs1546836",8,39740721,"Isoleucine",153.424144189657,40.1870549161929,0.000194722790402284,"None"
"rs9808155",2,221636096,"Pyridoxate",462.869604128451,121.259209746841,0.000195125928572715,"None"
"rs1001441",17,30900196,"Isoleucine",151.401473631698,39.669100978533,0.000195546225312592,"None"
"rs10235699",7,46846097,"Oleate..18.1.",343.887888788684,90.1450709737435,0.000196839341707118,"None"
"rs10843649",12,30247503,"Propionylcarnitine..C3.",715.351144920808,187.537088959869,0.000197113074264088,"None"
"rs10039039",5,169847542,"Erythritol",580.28800156594,152.131156746146,0.000197155855224035,"None"
"rs10803874",2,173085630,"Hypoxanthine",645.363922754714,169.21456969149,0.000197530659569779,"None"
"rs11122825",2,121308178,"Glutamate",516.903071701891,135.537178363687,0.000197634939671978,"None"
"rs318966",11,130871348,"Glycochenodeoxycholate",694.870711344844,182.217135098893,0.00019786526321366,"None"
"rs3915024",15,23872367,"Gulono.1.4.lactone",534.0962004025,140.0596446946,0.000197918732818966,"None"
"rs254703",5,134158756,"Glutamate",607.576009216069,159.33680637289,0.000198059844482638,"None"
"rs2267355",22,35347836,"Oleate..18.1.",543.587880989468,142.56349052323,0.000198208143040046,"None"
"rs3792558",3,46878098,"Taurocholate",77.8768974961709,20.4246214563927,0.000198252017844568,"None"
"rs17133453",7,138453963,"Uridine",1047.38640941153,274.716115544027,0.000198456876501917,"None"
"rs452579",22,16875470,"Glutamate",445.83874738168,116.942420371917,0.000198566795289474,"None"
"rs4554330",6,96675850,"X1.linoleoyl.GPC..18.2.",67.0940396210242,17.599102052718,0.000198646054699538,"None"
"rs7182121",15,53658657,"Glutamine",144.547188336825,37.9182715998385,0.000198854417055679,"None"
"rs2468527",5,36551340,"Isoleucine",127.252772081512,33.3820905393073,0.000198902120247602,"None"
"rs736259",6,44616383,"Hypoxanthine",487.268730261409,127.832274483436,0.000199067967631144,"None"
"rs17205728",2,159584833,"Glutamate",830.499389834156,217.903554449553,0.000199410579925225,"None"
"rs5956023",23,117240442,"Glutamine",126.060997175698,33.0765010809252,0.000199500013044634,"None"
"rs448573",3,1650252,"Tyrosine",124.112594663309,32.5661824142554,0.000199578767365846,"None"
"rs281126",5,71011623,"Gulono.1.4.lactone",457.275824676487,119.990418844092,0.000199690951697552,"None"
"rs11108454",12,95207304,"Hypoxanthine",567.268656554163,148.857641510771,0.000199781729599991,"None"
"rs3135715",10,123344716,"Glutamine",87.0619112765536,22.8538811925596,0.000200751608817703,"None"
"rs6969759",7,66997997,"Hexanoylcarnitine..C6.",153.771699817283,40.3663700978085,0.000200826517143634,"None"
"rs3790053",14,93488212,"Paraxanthine",231.12667824153,60.6933211953556,0.000201788562534416,"None"
"rs3114015",4,89248911,"Isoleucine",121.843534188336,32.0009066462793,0.000202239661188287,"None"
"rs732889",1,33928088,"Leucine",356.744142904093,93.6954987988955,0.000202253284504369,"None"
"rs250921",2,234681161,"Glycochenodeoxycholate",486.895654787835,127.906481834746,0.000202874667222292,"None"
"rs10501972",11,100547013,"Xanthine",491.580783360298,129.15271230113,0.000203216160247763,"None"
"rs3756092",4,185587732,"Xanthine",896.213241403351,235.480099792123,0.000203441262122566,"None"
"rs378617",8,60093109,"Linoleate..18.2.",956.619054874203,251.383568781072,0.000203803536843858,"None"
"rs4672783",2,216354603,"Hypoxanthine",561.002461323017,147.44390190318,0.000204227010936282,"None"
"rs12125742",1,196047367,"Glycine",471.297799980374,123.878721324717,0.000204486354800828,"None"
"rs2886379",7,49592379,"Leucine",-357.013879674968,93.8553119800282,0.000204965830055152,"None"
"rs1291114",20,34934264,"Glycochenodeoxycholate",760.643592893965,199.990936552841,0.000205332744111084,"None"
"rs41482845",3,176694800,"Hypoxanthine",634.894240285746,166.931133456661,0.000205378211349929,"None"
"rs10941327",5,37409881,"Valine",448.898046990111,118.042001156861,0.000205729468571782,"None"
"rs3922392",8,28399153,"Propionylcarnitine..C3.",638.447458080891,167.89798765693,0.000205938784254834,"None"
"rs2106913",7,111527889,"Phenylalanine",782.119986821513,205.693377856358,0.000206115771694545,"None"
"rs17317153",20,40380498,"Tyrosine",129.757226490598,34.1267812850722,0.000206227961564159,"None"
"rs7875492",9,136303483,"Hexanoylcarnitine..C6.",166.093877745743,43.6947532949197,0.000206974352015468,"None"
"rs3811958",5,32807800,"Uridine",815.250246456394,214.486576409284,0.000207198354311291,"None"
"rs8085665",18,9737630,"Linoleate..18.2.",648.798023240813,170.695142464992,0.000207214846565177,"None"
"rs798788",14,61108248,"Propionylcarnitine..C3.",725.659552957063,190.964296308657,0.000207935677754844,"None"
"rs1571634",9,84256079,"N.acetylglycine",334.67672573869,88.0772394454598,0.000208062654469652,"None"
"rs11103033",9,137497206,"Glutamate",470.527534592082,123.838690846124,0.00020828510454518,"None"
"rs11060001",12,127947706,"Paraxanthine",317.848314485241,83.6551537857491,0.000208295045938722,"None"
"rs11017859",10,132967806,"Uridine",1062.41496067705,279.627321474772,0.000208379955588288,"None"
"rs2075626",11,67556502,"Hexanoylcarnitine..C6.",131.013314056502,34.483560912526,0.000208455572110397,"None"
"rs4526996",15,89219595,"Glycine",473.15102612039,124.55103405647,0.00020879787223564,"None"
"rs8073749",17,52630528,"Pyridoxate",403.586031460805,106.277789457263,0.000209869680895462,"None"
"rs11230463",11,60282828,"Theobromine",555.173938211064,146.204188601045,0.000210034473364922,"None"
"rs10882768",10,98043302,"Pyridoxate",587.776395290703,154.798077530341,0.000210187997701175,"None"
"rs1508209",3,42478624,"Glycine",458.845612975463,120.846745740516,0.00021028929176544,"None"
"rs1590190",6,132568341,"N.acetylglycine",-185.863555789345,48.9529470812029,0.000210399239910024,"None"
"rs12201472",6,151289560,"N.acetylglycine",365.381808290391,96.2424616966163,0.000210637953482445,"None"
"rs12675713",8,3822178,"Theobromine",566.575767977137,149.294816685171,0.000211773224532142,"None"
"rs10099092",8,92447958,"Oleate..18.1.",605.304562400696,159.518557007261,0.000212117934432826,"None"
"rs12795",17,68792317,"Palmitoylcarnitine..C16.",518.710376764211,136.705546012211,0.000212281367943874,"None"
"rs5759305",22,42085771,"Linoleate..18.2.",911.713509664118,240.291336075005,0.000212407943993691,"None"
"rs6953295",7,122595153,"Hexanoylcarnitine..C6.",129.105300058322,34.0291811875995,0.000212597380353873,"None"
"rs17291650",12,49499700,"Linoleate..18.2.",852.604034119227,224.800119951841,0.000213568751339865,"None"
"rs17118701",14,83001154,"Glycine",537.539336631154,141.742259492227,0.000213843227976115,"None"
"rs10516587",4,113269725,"Linoleate..18.2.",880.183208307033,232.127548679071,0.000214287122044299,"None"
"rs1351225",8,76303344,"Linoleate..18.2.",898.572467465494,237.019445463453,0.000214819875641482,"None"
"rs272763",15,51428411,"X1.palmitoyl.GPC..16.0.",125.369889644589,33.0697145538029,0.000214863591237488,"None"
"rs9982023",21,28837097,"Hypoxanthine",668.046267022374,176.216120962982,0.000214876658692153,"None"
"rs2241079",2,201235583,"Threonate",299.070312507915,78.8944773821059,0.000215112926689393,"None"
"rs2022329",6,23542715,"Linoleate..18.2.",559.688792043165,147.67497236952,0.000215714844186116,"None"
"rs13431785",2,71546325,"Tyrosine",113.480558950907,29.9454583332037,0.00021605600544065,"None"
"rs16922823",10,67755168,"Palmitoylcarnitine..C16.",1105.12987076925,291.64081952603,0.000216232933840639,"None"
"rs1592669",12,13997289,"X1.oleoyl.GPC..18.1.",148.088632802152,39.0853492715814,0.000216630931278283,"None"
"rs7078234",10,67261339,"X1.linoleoyl.GPC..18.2.",38.1564387582827,10.0739647928258,0.000217608611612047,"None"
"rs17827851",4,60257457,"Isovalerylcarnitine..C5.",439.132972387488,115.944250309834,0.000217752289522648,"None"
"rs10505542",8,130616435,"Tyrosine",122.452226098614,32.3341520509073,0.000218043200729543,"None"
"rs17011224",12,82670893,"Glycochenodeoxycholate",879.210467654328,232.196707990852,0.000218522127045889,"None"
"rs2373947",11,81476838,"Glutamate",749.817684965112,198.041412289157,0.000218782409256544,"None"
"rs6508826",19,44117562,"Xanthine",926.324247090868,244.670498320679,0.000218910373743028,"None"
"rs10498721",6,24953309,"Linoleate..18.2.",534.753889636343,141.246546508099,0.000218947651586706,"None"
"rs2738339",23,233771,"Glycine",374.689515436033,99.0031632299768,0.000220028384020215,"None"
"rs10505381",8,121996336,"Palmitoylcarnitine..C16.",1041.9534754756,275.32804463683,0.000220201802881016,"None"
"rs357271",5,38912330,"Isovalerylcarnitine..C5.",393.302528262517,103.927504868702,0.000220213369489221,"None"
"rs5945108",23,153557591,"Tyrosine",116.847270679424,30.8761781286395,0.000220221853663889,"None"
"rs5008744",13,33345299,"Oleate..18.1.",493.90347133628,130.516187401941,0.000220344175715618,"None"
"rs2719848",23,146492026,"Linoleate..18.2.",642.174556228805,169.700654520565,0.000220401513389588,"None"
"rs1503976",4,21321148,"Palmitoylcarnitine..C16.",554.377389487068,146.506983526161,0.000220559660155231,"None"
"rs11166968",8,141340302,"Phenylalanine",1309.17653691483,345.983599932153,0.000220591325800539,"None"
"rs718617",13,26865841,"Isovalerylcarnitine..C5.",230.509143030619,60.9223432411711,0.000220811447301732,"None"
"rs1499004",3,20855876,"Paraxanthine",428.469999733907,113.25646690584,0.000221194621356781,"None"
"rs4300498",13,90016611,"Tyrosine",105.131342737642,27.7903464964223,0.000221330348563808,"None"
"rs8002097",13,60906598,"Leucine",387.914868298066,102.541192536572,0.000221331677692648,"None"
"rs9645351",1,111696393,"Xanthine",678.814000578945,179.445307961616,0.000221469022682774,"None"
"rs2876358",20,13620331,"Glycine",539.935400755888,142.735438705582,0.000221530676599995,"None"
"rs1848511",5,57785526,"Glutamine",93.6715259467639,24.7647283599162,0.000221785824488041,"None"
"rs17807032",6,111629316,"Glycine",556.960364838496,147.255514134368,0.000221937084386647,"None"
"rs7492685",14,48204811,"Hypoxanthine",657.378655552712,173.809029433924,0.000222004282440643,"None"
"rs4774376",15,58975973,"Hypoxanthine",535.052750541993,141.467603775194,0.000222030292404218,"None"
"rs7084453",10,132084162,"Caffeine",130.269746476103,34.4506731600661,0.000222697279000977,"None"
"rs7941217",11,117854457,"Hypoxanthine",734.815533836168,194.384263376543,0.000223615295987916,"None"
"rs672949",13,109677555,"N.acetylglycine",197.393379311831,52.2236164859269,0.000223984394611567,"None"
"rs6537895",9,137458345,"Oleate..18.1.",570.56999395705,150.955582199854,0.000224026553605589,"None"
"rs11581894",1,70455138,"Phenylalanine",883.753751476242,233.821301379558,0.000224116472195003,"None"
"rs11616389",13,36156080,"Glycochenodeoxycholate",968.961017905729,256.370605444947,0.000224181818864421,"None"
"rs533231",11,127660467,"Glutamate",411.524680046528,108.887852651158,0.000224336812647844,"None"
"rs1870162",10,87981078,"Glutamate",689.956254276159,182.571093274051,0.00022452985056174,"None"
"rs6866234",5,30680613,"Glycochenodeoxycholate",835.97449050587,221.217695099063,0.000224647390231141,"None"
"rs3815015",23,9872486,"Pyridoxate",380.246297613003,100.634141869073,0.000225031847932121,"None"
"rs5969818",23,150663825,"X1.linoleoyl.GPC..18.2.",36.8732039540111,9.75928083735453,0.000225223059957007,"None"
"rs17558056",4,82594960,"Theobromine",704.145553823483,186.3901011375,0.000225607996840062,"None"
"rs12491628",3,26591415,"Theobromine",754.350015038786,199.686735389754,0.00022572266881794,"None"
"rs2900964",19,13413763,"X1.oleoyl.GPC..18.1.",196.718571422778,52.0791210438088,0.000226025399235106,"None"
"rs11136360",8,1140018,"Uridine",1098.37558748122,290.791262301829,0.000226113442065732,"None"
"rs10419469",19,41826577,"Theobromine",619.169332792052,163.931461445672,0.000226275153708291,"None"
"rs17150567",7,27849460,"Glycine",579.231959727017,153.362877983967,0.000226382530640701,"None"
"rs2103613",20,37129934,"Tyrosine",152.503275514773,40.3790225451178,0.000226446836668948,"None"
"rs16890148",8,118832619,"Paraxanthine",409.825207942494,108.519318315498,0.000226676523220145,"None"
"rs4305900",8,84883539,"Tyrosine",192.562109349714,50.9907297318506,0.000226763387908937,"None"
"rs1835851",8,130422409,"Erythritol",403.480375690288,106.851839075657,0.000227047209188871,"None"
"rs10517637",4,157561523,"X1.oleoyl.GPC..18.1.",188.433975391135,49.9042789894407,0.000227184841845721,"None"
"rs2977531",8,134284813,"X1.oleoyl.GPC..18.1.",165.258888211243,43.7853872176466,0.000228535266568119,"None"
"rs7649792",3,67857697,"Uridine",1025.28795394411,271.651455622897,0.000228548482693364,"None"
"rs11120305",1,212607959,"Caffeine",-139.124404033973,36.8642997893419,0.000228814549778385,"None"
"rs4242074",5,17704795,"X1.linoleoyl.GPC..18.2.",59.1565407783494,15.674934384428,0.00022881665744107,"None"
"rs708828",12,114738210,"X1.palmitoyl.GPC..16.0.",76.8535503825995,20.3652083454439,0.000228976915641588,"None"
"rs11775542",8,119832936,"Gulono.1.4.lactone",481.533002874729,127.613335421277,0.000229306189715553,"None"
"rs258759",5,142536786,"Hypoxanthine",-428.972305737059,113.685356733904,0.000229344720886397,"None"
"rs10873451",14,26615743,"Oleate..18.1.",337.532037321891,89.4545753122033,0.000229434529292489,"None"
"rs673819",18,20319903,"Leucine",678.363938649607,179.804920586575,0.000229809645844735,"None"
"rs42676",2,8016956,"Tyrosine",113.529050091175,30.0940468957798,0.000230064383830241,"None"
"rs12446847",16,76238251,"Theobromine",399.924495155922,106.01294198867,0.000230117841684531,"None"
"rs11199334",10,122180299,"Phenylalanine",958.499556212707,254.08484059526,0.000230161517655949,"None"
"rs6892421",5,68226557,"Palmitoylcarnitine..C16.",560.938917943681,148.700004433403,0.000230224370468381,"None"
"rs34783763",1,43530349,"Paraxanthine",291.259431204759,77.2115474015409,0.000230274617189139,"None"
"rs4521323",4,174892489,"Erythritol",360.191991373902,95.4971506947342,0.000230671802344747,"None"
"rs3777654",6,54288920,"Uridine",1273.56015693361,337.701096822284,0.000231088302305401,"None"
"rs1122849",8,25487827,"Palmitoylcarnitine..C16.",570.220437471733,151.219461843149,0.000231470498834955,"None"
"rs3109203",4,169799340,"Isovalerylcarnitine..C5.",371.083335818492,98.4135411138829,0.000231606846200596,"None"
"rs7864266",9,116780170,"Glycine",330.084024996091,87.5618244475414,0.000232396107374464,"None"
"rs2834448",21,34622354,"Propionylcarnitine..C3.",783.287982766045,207.807535571907,0.000232762652326319,"None"
"rs2050623",6,65301730,"N.acetylglycine",-216.125624299003,57.3611469897535,0.000234037441221729,"None"
"rs17268300",23,129421865,"Threonate",287.760241522181,76.3929531903639,0.00023486420895242,"None"
"rs9877625",3,62072676,"Glycine",411.179080370644,109.159851191135,0.000234934481862233,"None"
"rs7210023",17,28801256,"X1.linoleoyl.GPC..18.2.",65.2352913055589,17.318872022546,0.000234972356578561,"None"
"rs6857264",4,54648081,"Paraxanthine",278.792861498265,74.0305835922822,0.000235664108350024,"None"
"rs236214",10,120112023,"Threonate",219.30899224225,58.2399522702376,0.000235926597723824,"None"
"rs1570889",13,23522469,"Taurocholate",141.061856279714,37.4628435972655,0.000236125790653396,"None"
"rs4463179",5,13558432,"Erythritol",609.62352573639,161.907186274688,0.000236225260131006,"None"
"rs17123221",10,109527138,"Linoleate..18.2.",653.736865514893,173.635551237809,0.000236459907871099,"None"
"rs11638002",15,65129033,"Glutamate",631.251217627398,167.663496842268,0.000236464541093326,"None"
"rs17058818",6,99341951,"Isoleucine",96.0774898070346,25.5196839446365,0.000236594858857623,"None"
"rs1252168",1,235236380,"Erythritol",395.020832921833,104.928751326763,0.000236751604164297,"None"
"rs17672657",8,71080146,"Glycochenodeoxycholate",756.601347309865,200.985800468644,0.000236930254415907,"None"
"rs6685613",1,206873563,"Leucine",389.827524357362,103.58360924339,0.000237836352700563,"None"
"rs10148271",14,74990841,"Propionylcarnitine..C3.",553.284390057587,147.019772526664,0.000237902687390226,"None"
"rs13092361",3,147147943,"Palmitoylcarnitine..C16.",728.310377208253,193.547469488023,0.000238232515305123,"None"
"rs6997598",8,16562352,"Glycochenodeoxycholate",698.947552800248,185.762915202053,0.000238560919564101,"None"
"rs4884230",13,83479121,"X1.linoleoyl.GPC..18.2.",70.3641497412137,18.7070028108797,0.000239609639246013,"None"
"rs17687828",13,29350938,"X1.linoleoyl.GPC..18.2.",74.9106740506774,19.9162640865048,0.000239696271410136,"None"
"rs10002854",4,7572046,"Isoleucine",194.065225332943,51.5959145259378,0.000239722274916257,"None"
"rs7792939",7,99045812,"Caffeine",236.67993604093,62.9287009792269,0.000239872233216962,"None"
"rs1864268",2,61055673,"Hypoxanthine",778.62498689707,207.039544536181,0.0002401585735508,"None"
"rs12641600",4,187076882,"Linoleate..18.2.",-445.291549474672,118.422757644806,0.000240659424879463,"None"
"rs8094680",18,23489448,"X1.linoleoyl.GPC..18.2.",34.9819010995524,9.30326250491009,0.000240668201553967,"None"
"rs17086112",4,56445942,"Glutamine",104.507626755081,27.7959621336067,0.000240987543577965,"None"
"rs16836872",2,201783116,"Glycochenodeoxycholate",1036.12146604591,275.685924802837,0.000242289819946082,"None"
"rs7284468",22,35197410,"Palmitoylcarnitine..C16.",611.511648730958,162.727148219874,0.000242683989208889,"None"
"rs2455066",19,56333487,"Linoleate..18.2.",885.141131840508,235.560688190089,0.000242953036805209,"None"
"rs17525479",4,169089786,"Xanthine",666.378161197789,177.352689285712,0.000243158618040444,"None"
"rs7008274",8,37770635,"Oleate..18.1.",296.990531945905,79.0486301920947,0.000243425885605404,"None"
"rs10748424",12,44156585,"X1.linoleoyl.GPC..18.2.",-36.5461671794328,9.72733254704227,0.000243427290207993,"None"
"rs12326929",18,69015573,"Glycine",459.302130322193,122.252734183835,0.00024349040356035,"None"
"rs11037970",11,44346133,"Propionylcarnitine..C3.",999.430840016755,266.057507754058,0.000243973413511555,"None"
"rs7213918",17,14353357,"Isoleucine",99.0309348194727,26.3661546682643,0.000244383792081328,"None"
"rs10225225",7,16361910,"Erythritol",366.749993760655,97.6463841592025,0.000244462115626152,"None"
"rs13322091",3,152097290,"Phenylalanine",1087.76931167925,289.62759207064,0.00024459417432957,"None"
"rs17050741",4,121647150,"Taurocholate",122.914037308286,32.7278683253855,0.000244695529921072,"None"
"rs16854108",3,170775795,"Xanthine",1048.82673027211,279.304114990695,0.000245139566930577,"None"
"rs2670726",2,71421790,"Pyridoxate",548.268001013059,146.014489340095,0.000245367986842778,"None"
"rs10508696",10,25804577,"Glycochenodeoxycholate",806.319990089156,214.749164202492,0.000245530892525625,"None"
"rs6610271",23,39181948,"Caffeine",162.417216075016,43.2643727527983,0.00024610795396911,"None"
"rs17101654",10,85039947,"Valine",445.021896038553,118.549833198518,0.000246272976990219,"None"
"rs11039471",11,47932370,"Glycine",563.928098994213,150.281948012543,0.000247547953123148,"None"
"rs163305",5,113740258,"Oleate..18.1.",421.608814939009,112.384207300872,0.000248428685598079,"None"
"rs997443",8,13724314,"Pyridoxate",416.801212276634,111.120152785576,0.000248964238056661,"None"
"rs13021388",2,68988866,"Glutamine",87.0071449764104,23.1971923967251,0.000249095038168344,"None"
"rs4303682",2,184565829,"Threonate",236.476383282176,63.065071034258,0.000250044313570164,"None"
"rs7031702",9,24280018,"Caffeine",180.650352383609,48.1784102429369,0.000250143175164239,"None"
"rs7907116",10,125626053,"Erythritol",789.619748948557,210.593894180395,0.000250254564957738,"None"
"rs10845852",12,13918404,"Phenylalanine",819.385403959061,218.535456945745,0.000250301223567468,"None"
"rs9558970",13,106640942,"Glycine",399.590907469613,106.594789479419,0.000250986117083215,"None"
"rs9806705",15,36503939,"X1.palmitoyl.GPC..16.0.",86.7280123233124,23.1376553944243,0.000251299330040585,"None"
"rs10734372",11,26047324,"X1.linoleoyl.GPC..18.2.",74.6999636954752,19.9289830478618,0.000251337274218166,"None"
"rs157462",3,6339784,"Taurocholate",158.754045505066,42.3583498436583,0.000251729433054772,"None"
"rs4975838",5,2103483,"Gulono.1.4.lactone",384.381083582385,102.560361608797,0.000251755643027667,"None"
"rs17077670",13,65270936,"Threonate",229.367326037239,61.2051976060793,0.000252066832524046,"None"
"rs16995076",4,38743337,"X1.palmitoyl.GPC..16.0.",130.622267692411,34.8585357554311,0.000252346188985116,"None"
"rs533637",6,52320553,"Glycine",391.110578611009,104.379913920257,0.000252548518754982,"None"
"rs11771438",7,1314443,"Tyrosine",141.552500588059,37.7782857289965,0.000252606815253492,"None"
"rs16991799",20,44804673,"Isovalerylcarnitine..C5.",416.61410730279,111.208659187157,0.000253243321224077,"None"
"rs12026222",1,236649388,"Hypoxanthine",-363.811429734172,97.1228978969956,0.00025356764288511,"None"
"rs17647548",1,191055002,"Xanthine",714.003286840266,190.623263151744,0.000253810325400176,"None"
"rs4618520",6,11543475,"Taurocholate",76.0108963901509,20.2980876519713,0.00025463885470035,"None"
"rs4949184",1,31119986,"Linoleate..18.2.",524.868562950949,140.163157604305,0.00025467123323762,"None"
"rs17757703",4,16399013,"Oleate..18.1.",472.547594342223,126.209007880491,0.0002551642147552,"None"
"rs16939749",15,85379649,"X1.linoleoyl.GPC..18.2.",65.5990589169315,17.5211286056465,0.000255322120412979,"None"
"rs12997383",2,211238095,"Paraxanthine",258.864098404362,69.1423818531874,0.000255386722656028,"None"
"rs4670100",2,34879308,"Glycochenodeoxycholate",613.423970982209,163.867857098087,0.000255873135069207,"None"
"rs9472201",6,44128388,"Xanthine",753.413526211687,201.26814940202,0.000255942396091858,"None"
"rs10064144",5,159795225,"Isoleucine",142.689179107113,38.1199525342818,0.000256100715329176,"None"
"rs7828423",8,59114645,"Glycochenodeoxycholate",953.004467273105,254.606205369738,0.000256203264244306,"None"
"rs11993508",8,128169258,"Palmitoylcarnitine..C16.",579.216993613241,154.748011291539,0.000256281661366946,"None"
"rs1911125",8,140102166,"Hypoxanthine",690.574087303135,184.505593652216,0.000256406366933503,"None"
"rs3796224",3,71906272,"Tyrosine",101.674986268664,27.1655351058804,0.000256445718094788,"None"
"rs6719531",2,111680990,"Glutamate",552.14716381285,147.529385283296,0.000256603294255131,"None"
"rs6631703",23,32928967,"Pyridoxate",294.078991881423,78.5876810386567,0.000257142363807861,"None"
"rs4976801",5,178015939,"Linoleate..18.2.",887.812138196824,237.282608447568,0.0002575818397262,"None"
"rs11173546",12,38461138,"Leucine",653.58709175078,174.75590297626,0.000259070773026597,"None"
"rs516445",13,22637644,"Gulono.1.4.lactone",298.360725441267,79.7918972708618,0.000259793353137362,"None"
"rs304038",3,4527175,"Leucine",387.956855304127,103.767510985823,0.000260289652437136,"None"
"rs10977148",9,8467093,"Isovalerylcarnitine..C5.",347.8343897023,93.0385087279198,0.000260389724946755,"None"
"rs10951331",7,32320899,"Phenylalanine",824.294836498442,220.494599615449,0.000260595261230741,"None"
"rs459557",5,132875138,"Taurocholate",142.136895939568,38.0262700563334,0.000261098559879412,"None"
"rs5972057",23,36511098,"Pyridoxate",340.326536501757,91.0660769113029,0.000261786381738224,"None"
"rs1436085",1,76738206,"Gulono.1.4.lactone",406.32249153416,108.734634295529,0.000262083773753747,"None"
"rs17267453",13,92362008,"Glutamine",143.27790578185,38.3428786429344,0.000262153232510235,"None"
"rs158601",1,97282514,"Gulono.1.4.lactone",672.390205712488,179.946957060661,0.000262298190424489,"None"
"rs4448172",7,152384659,"Glutamine",86.5366831248611,23.1597303489927,0.000262381434093031,"None"
"rs13078394",3,184362342,"Xanthine",727.047146764902,194.584740019413,0.000262487939946792,"None"
"rs4613858",6,3232680,"X1.linoleoyl.GPC..18.2.",34.8432020348762,9.32561890137968,0.000262598186420497,"None"
"rs9327807",5,137378377,"Propionylcarnitine..C3.",793.892803533117,212.504367133711,0.000262980148878224,"None"
"rs12050746",15,85231957,"Glycine",446.133535869615,119.430797606587,0.000263354991059467,"None"
"rs4795850",17,29407929,"Pyridoxate",534.041037497049,142.991294405609,0.000264044624422077,"None"
"rs6496519",15,87039188,"Isovalerylcarnitine..C5.",289.290385885741,77.4626339228437,0.00026423727103103,"None"
"rs17197583",2,114252112,"Hypoxanthine",519.865976814693,139.20737184948,0.000264341364650084,"None"
"rs6691412",1,163550619,"Caffeine",150.653234556537,40.342127903726,0.00026442002054717,"None"
"rs1017939",11,7300338,"Isovalerylcarnitine..C5.",387.446278949854,103.755666516998,0.000264585540699462,"None"
"rs7085729",10,13809953,"Isoleucine",90.7859582516885,24.3122342584274,0.000264634077360865,"None"
"rs785452",15,27929698,"Isovalerylcarnitine..C5.",247.487992792274,66.2857565854627,0.000265130661867397,"None"
"rs268821",14,57103305,"Oleate..18.1.",362.685362923847,97.1490040663204,0.000265481358498824,"None"
"rs472384",2,70522093,"Glutamine",114.405399956891,30.6481465263752,0.000265891750292146,"None"
"rs17738298",7,130362315,"X1.oleoyl.GPC..18.1.",126.072294786587,33.7785722159702,0.000266424094404044,"None"
"rs776107",3,77825593,"Hypoxanthine",496.479309630219,133.025920308562,0.000266536506663857,"None"
"rs9547629",13,36119370,"X1.oleoyl.GPC..18.1.",91.0265476136756,24.3899825868879,0.000266605712788408,"None"
"rs6012009",20,44751093,"Oleate..18.1.",369.749412517558,99.0796664851662,0.000266886205243202,"None"
"rs362855",6,146760626,"Gulono.1.4.lactone",422.880964915842,113.328373973149,0.000267249270962946,"None"
"rs2286029",12,885892,"Uridine",860.763734354219,230.689149031387,0.000267438878052183,"None"
"rs10274783",7,88779880,"Phenylalanine",763.832370163141,204.731809526837,0.000267807474386521,"None"
"rs12153326",5,174457972,"Glycine",399.984789407436,107.222589746313,0.000268272831729879,"None"
"rs10935257",3,138819439,"Erythritol",377.991042422823,101.328903896256,0.000268348464618122,"None"
"rs17131904",7,47887313,"X1.oleoyl.GPC..18.1.",101.704856562238,27.2666766898531,0.000268672993550855,"None"
"rs1341852",13,59822788,"X1.oleoyl.GPC..18.1.",99.1140139567696,26.5735265627774,0.00026887126425304,"None"
"rs17223377",12,63348655,"Palmitoylcarnitine..C16.",679.863779428616,182.313787233423,0.000269573284110157,"None"
"rs7594950",2,127174532,"Propionylcarnitine..C3.",793.381058637071,212.777662009279,0.000269965826630357,"None"
"rs7196895",16,7101648,"Pyridoxate",570.519338650554,153.012684127123,0.000270074240611386,"None"
"rs17311504",23,69204912,"Theobromine",686.711956628667,184.176562222798,0.000270096922948448,"None"
"rs755982",8,118643130,"Paraxanthine",305.894554574116,82.0475442591162,0.000270384528119782,"None"
"rs779733",3,7502372,"Hypoxanthine",409.629968736026,109.873896702399,0.00027046020231921,"None"
"rs12491803",3,141537594,"X1.oleoyl.GPC..18.1.",137.904648285955,36.9905222444542,0.000270534114981621,"None"
"rs1550035",6,80787567,"Uridine",1131.63861116906,303.545052134407,0.000270566573416055,"None"
"rs2702414",4,179636517,"Tyrosine",146.184453521182,39.2178293391101,0.000271132660723332,"None"
"rs4554462",8,62017395,"Valine",267.273517161926,71.7205464189084,0.000272024910376629,"None"
"rs2322592",17,12574875,"Xanthine",836.043127412472,224.346915180349,0.000272056820096324,"None"
"rs16953154",16,52747518,"Glutamine",71.8703335891905,19.2866883203714,0.000272197564193435,"None"
"rs10805635",5,38816535,"Oleate..18.1.",514.907626301076,138.20892084803,0.000273037128891748,"None"
"rs4303195",11,93061485,"Erythritol",523.810449495398,140.599734972705,0.000273067713540724,"None"
"rs11831314",12,93637544,"Tyrosine",99.2067768777303,26.6290684397364,0.000273104238207131,"None"
"rs9382303",6,13735130,"Oleate..18.1.",569.964058160538,152.993919491141,0.000273207007786956,"None"
"rs7262035",20,1345898,"Phenylalanine",1369.18160644664,367.551795422317,0.000273469398484289,"None"
"rs698613",18,44781491,"Isoleucine",130.602274080587,35.0603242741625,0.000273535024598708,"None"
"rs17357836",1,41162544,"Palmitoylcarnitine..C16.",811.039715269469,217.726846137319,0.000273574853967359,"None"
"rs1171556",1,154697965,"Gulono.1.4.lactone",497.04012208254,133.43287526898,0.000273587961210999,"None"
"rs11136715",8,4118520,"Glycine",319.702240503592,85.8280888444305,0.000273693431659932,"None"
"rs820429",3,27524192,"Phenylalanine",715.489136443156,192.094185789922,0.000273927390475915,"None"
"rs11222373",11,130254466,"Hypoxanthine",570.001907768943,153.034423045837,0.00027394143783931,"None"
"rs932233",16,15766780,"Glutamate",368.876530420941,99.0405682489927,0.000274106073565132,"None"
"rs17280334",3,41150828,"Isovalerylcarnitine..C5.",435.607844909701,116.966206987433,0.000274384809115531,"None"
"rs4072976",20,44376706,"Valine",365.615814243693,98.1774205470984,0.000274572373827335,"None"
"rs1533303",2,177385733,"Gulono.1.4.lactone",496.905342495062,133.436134895282,0.000274684828266766,"None"
"rs10937405",3,190865877,"Uridine",718.448738830664,192.93769781068,0.000274869033652837,"None"
"rs16896849",5,66826707,"X1.oleoyl.GPC..18.1.",158.979730742245,42.7034723209624,0.000275727607516622,"None"
"rs10457506",6,128533696,"Uridine",1390.70902154185,373.565916326605,0.000275809533785109,"None"
"rs5968767",23,85140074,"Uridine",1012.50013267768,272.024064247326,0.000276508250105884,"None"
"rs17165751",7,130952154,"Paraxanthine",335.322351363771,90.0954646005625,0.000276750993969434,"None"
"rs10773480",12,127127089,"N.acetylglycine",199.417049568798,53.5865754049513,0.000277210383921891,"None"
"rs9304325",18,41724762,"Xanthine",610.90038557251,164.203095974408,0.000278223266351158,"None"
"rs17381249",6,163444806,"Glutamine",111.128826718844,29.8707144204995,0.000278291976030896,"None"
"rs17698247",8,139106978,"Glutamate",500.041546726655,134.408954334546,0.00027831995301141,"None"
"rs8031404",15,32424988,"Phenylalanine",1092.6528131925,293.707082684002,0.000278407561785812,"None"
"rs912725",6,133312463,"Paraxanthine",457.012942583285,122.863246736423,0.000278938439500086,"None"
"rs17712337",17,62320041,"Isovalerylcarnitine..C5.",330.579064863247,88.8794775702479,0.000279221829645049,"None"
"rs980363",4,72358121,"X1.oleoyl.GPC..18.1.",84.9881905098635,22.8505549190723,0.000279326214547882,"None"
"rs2570037",17,63003236,"Palmitoylcarnitine..C16.",930.295687614,250.138299483159,0.000279508778946405,"None"
"rs10878199",12,38853870,"Leucine",415.620998466036,111.756174971882,0.000279637945200483,"None"
"rs1384673",1,21940846,"N.acetylglycine",267.417446602298,71.90733175423,0.00027971956598776,"None"
"rs9398645",6,121990050,"Pyridoxate",501.464906656207,134.852921606269,0.000280036021901636,"None"
"rs17375075",5,23255274,"Paraxanthine",258.092857672086,69.4077181868028,0.000280140188269301,"None"
"rs41420550",5,91996927,"Gulono.1.4.lactone",704.853036148143,189.572105023865,0.000280524161089613,"None"
"rs17050727",4,121646277,"Theobromine",505.617775152037,135.98929123826,0.000280580991739881,"None"
"rs10174893",2,59644897,"Uridine",1076.63414915179,289.65185413995,0.000281679475010158,"None"
"rs759258",17,52483547,"Valine",324.867006962061,87.4106691397343,0.000282123084080608,"None"
"rs2074525",16,3473255,"Oleate..18.1.",467.305568917416,125.760679668889,0.000282869251314688,"None"
"rs10829321",10,129741611,"Tyrosine",92.859861936235,24.9962048673228,0.000283767139250494,"None"
"rs13134791",4,134265703,"X1.palmitoyl.GPC..16.0.",-57.5307758598451,15.4882550371551,0.000284262486676092,"None"
"rs4094351",5,81861780,"Caffeine",145.709679277542,39.2281981922975,0.000284330374814142,"None"
"rs2027214",13,103366378,"Hypoxanthine",707.346345151765,190.446501868813,0.000284603258372433,"None"
"rs4651180",1,182421203,"Erythritol",745.773970686777,200.809688552694,0.000284926091072269,"None"
"rs1574481",8,103796170,"Leucine",755.713918799483,203.488964547319,0.000284979105557712,"None"
"rs17048253",2,114701762,"Isoleucine",123.535073634263,33.2641538684862,0.000285003512413684,"None"
"rs7117774",11,32197798,"Glutamine",81.694828087552,21.9998097450217,0.000285340932980439,"None"
"rs7034337",9,138496420,"Palmitoylcarnitine..C16.",877.526609803049,236.348911692581,0.000285951502483267,"None"
"rs4233678",2,159769675,"N.acetylglycine",353.651063924791,95.2534318317531,0.000286060988875031,"None"
"rs4904773",14,90937038,"Paraxanthine",239.924718674851,64.6232929402627,0.000286135717022128,"None"
"rs4473237",17,13841484,"Valine",610.239597821786,164.373140738099,0.000286281000295413,"None"
"rs10150947",14,88906978,"Leucine",693.305885656495,186.77501974307,0.00028684430684577,"None"
"rs11254088",10,16654041,"Glycochenodeoxycholate",842.558810497704,227.040385377445,0.00028781436494633,"None"
"rs17784288",20,3577843,"Palmitoylcarnitine..C16.",928.715934591233,250.322057589072,0.000288826126403515,"None"
"rs320027",1,48854610,"Glycine",356.535128012095,96.1168904183038,0.000289552611031577,"None"
"rs9306818",23,143231618,"Uridine",1245.21142871018,335.69953078909,0.0002896444688403,"None"
"rs1389325",5,24990563,"Isoleucine",149.418488611525,40.2849419386684,0.000289920350020432,"None"
"rs1905635",8,86930835,"X1.linoleoyl.GPC..18.2.",-35.7363098483837,9.63515490732107,0.000290015393064169,"None"
"rs4502225",16,76982332,"Glutamate",575.386279726951,155.142239787676,0.000290208900991795,"None"
"rs1405154",4,110120873,"Linoleate..18.2.",642.302199999406,173.190560889077,0.000290336902281845,"None"
"rs11716680",3,56855135,"Glutamate",516.460274606913,139.274621525008,0.00029078859848149,"None"
"rs10140599",14,44099397,"X1.linoleoyl.GPC..18.2.",-36.4001436305911,9.81702347847306,0.000291163563877679,"None"
"rs11860781",16,75988112,"Hypoxanthine",699.757773982156,188.723806665934,0.000291183586239112,"None"
"rs10851295",13,89784460,"X1.oleoyl.GPC..18.1.",94.7186649353738,25.5470013063874,0.000291412438666235,"None"
"rs10936556",3,169708369,"Taurocholate",77.5528093870208,20.9181023063397,0.000291596179712531,"None"
"rs871915",12,37785319,"Propionylcarnitine..C3.",905.915317900647,244.357237254869,0.000291712101219799,"None"
"rs1793668",11,126298028,"Propionylcarnitine..C3.",599.658215901171,161.768069500384,0.000292176094844517,"None"
"rs3785157",16,54287337,"Glutamine",68.2675058922191,18.4180655462679,0.000292546254114295,"None"
"rs10125351",9,113428128,"X1.palmitoyl.GPC..16.0.",76.2961128862873,20.5903053565195,0.000293727295000188,"None"
"rs12336943",9,79310367,"Erythritol",781.106170680051,210.799958892355,0.000293728003034896,"None"
"rs1462313",3,111924759,"Uridine",1117.48079655036,301.596644735234,0.000293963841451026,"None"
"rs12877218",13,24143576,"Paraxanthine",381.504204134405,102.966874528877,0.000294070679862241,"None"
"rs12268441",10,83583515,"Glycine",488.687387337057,131.901684728399,0.000294261556578594,"None"
"rs3128955",6,33129170,"X1.oleoyl.GPC..18.1.",123.523037899542,33.3425977632059,0.000294554818858872,"None"
"rs9698927",23,142483891,"Glycine",490.008362211337,132.269353187071,0.000294593650470763,"None"
"rs4346988",8,35428765,"Phenylalanine",973.931892286674,262.91849937061,0.000294928740144166,"None"
"rs12967226",18,43392214,"Glutamine",102.200240552354,27.5910091967368,0.000295139238001551,"None"
"rs16841011",3,100523922,"Glutamate",385.35789388855,104.054460052192,0.000295875964904411,"None"
"rs10212730",4,54100581,"X1.linoleoyl.GPC..18.2.",36.304831210412,9.80433031324708,0.000296397488545855,"None"
"rs10509959",10,114045499,"Isovalerylcarnitine..C5.",317.274517941401,85.683686047718,0.000296483789886855,"None"
"rs843462",2,239983692,"Xanthine",830.688299572621,224.345492197655,0.000296632977506951,"None"
"rs1859932",17,67789169,"Gulono.1.4.lactone",590.778466412723,159.554530204841,0.000296680825662475,"None"
"rs883319",1,153025046,"Uridine",1018.94066508445,275.200560985527,0.000296826725995611,"None"
"rs7317685",13,47613754,"N.acetylglycine",253.209648924136,68.4033435857332,0.000297712940923119,"None"
"rs3867319",1,98737348,"Phenylalanine",890.007401519262,240.433153879954,0.000297746499407457,"None"
"rs9970821",1,236849682,"Glycochenodeoxycholate",649.995533687009,175.600148564501,0.000297872962261982,"None"
"rs9366301",6,10294561,"Linoleate..18.2.",531.552703681308,143.647864266111,0.000299145880600273,"None"
"rs17323097",3,55082984,"Taurocholate",156.897821020959,42.4032366865771,0.000299415672473747,"None"
"rs12660889",6,57271185,"X1.linoleoyl.GPC..18.2.",78.5122817584604,21.2191802179895,0.000299497852070726,"None"
"rs4677062",3,72063128,"Caffeine",176.874110416337,47.8034922334685,0.000299538033574287,"None"
"rs7296308",12,5851688,"Glutamate",710.340248973942,191.994336585433,0.00029978397996342,"None"
"rs9625524",22,27382951,"Tyrosine",172.929383102615,46.7405793346372,0.000299814495266037,"None"
"rs16905003",8,134930854,"Tyrosine",179.45082847692,48.5043876230646,0.000299909271405983,"None"
"rs7731261",5,72810545,"Glutamate",463.891962694242,125.389081283353,0.000299976854569801,"None"
"rs13391620",2,64538167,"Tyrosine",154.654718128642,41.8047764295838,0.000300160423324695,"None"
"rs16831311",2,135532909,"Glycine",595.034438959846,160.857099690104,0.000300487890330074,"None"
"rs8089224",18,2523541,"X1.oleoyl.GPC..18.1.",142.168816117019,38.4341903098375,0.000300629125035316,"None"
"rs3770016",2,178248539,"Glycine",343.866886437751,92.9892108148507,0.000301823842883797,"None"
"rs512370",11,102418355,"Glycochenodeoxycholate",564.312899591904,152.60379399549,0.000301853086777385,"None"
"rs12736517",1,167294888,"Tyrosine",104.773315969936,28.3340941701156,0.000301976597790489,"None"
"rs16856020",2,10301740,"N.acetylglycine",209.462056641963,56.6486778791727,0.000302216214872254,"None"
"rs779398",2,13010482,"Erythritol",404.123368333512,109.304286830598,0.000302577434489458,"None"
"rs12292638",11,12581803,"Glycine",353.297985246405,95.5609915781806,0.000302728822785181,"None"
"rs374435",5,34675005,"Glycine",509.06070812369,137.713166785313,0.000303347891419986,"None"
"rs16962783",18,28025972,"Isovalerylcarnitine..C5.",467.872943700781,126.581751619112,0.000303695957650373,"None"
"rs9397885",6,156372272,"Theobromine",510.925600173062,138.257797655325,0.000304526415656471,"None"
"rs1242631",14,22441620,"Hypoxanthine",729.79333597526,197.508377031782,0.000305029159128108,"None"
"rs7579926",2,107055157,"Glycochenodeoxycholate",988.171404031893,267.456358057465,0.000305357653575749,"None"
"rs3771545",2,69610242,"Propionylcarnitine..C3.",819.688152124344,221.878451790888,0.000305787991718461,"None"
"rs17091368",10,91919112,"Uridine",1445.82546638673,391.387236857551,0.000306016596630358,"None"
"rs873382",3,46631355,"Linoleate..18.2.",654.389926502081,177.148573194632,0.000306113123530849,"None"
"rs2855146",7,141939615,"Theobromine",753.957280258555,204.116757233256,0.000306403567082173,"None"
"rs942594",13,33892045,"X1.linoleoyl.GPC..18.2.",51.0293740951363,13.8152937078747,0.000306478502278345,"None"
"rs7542677",1,107663576,"Glycine",462.840621581645,125.319747719279,0.000306932260046286,"None"
"rs4625965",2,41932562,"Erythritol",415.527714560864,112.512792808692,0.000307063002483261,"None"
"rs17740349",18,45939513,"Erythritol",701.130445328933,189.84568965862,0.000307063055229725,"None"
"rs1357068",3,36566875,"Hypoxanthine",765.7725970316,207.350582130614,0.000307096277948467,"None"
"rs9326164",2,1372114,"Uridine",1232.55417052551,333.746175335192,0.000307141969716234,"None"
"rs6605516",6,169411576,"Leucine",625.818570373131,169.46521878036,0.000307348126646607,"None"
"rs12576603",11,36134666,"Xanthine",655.505822421283,177.5349296544,0.000308057936457913,"None"
"rs16841094",1,157013471,"Glycochenodeoxycholate",738.590691300584,200.054818480692,0.00030841681655868,"None"
"rs4787185",16,8346961,"Erythritol",566.64719309365,153.484598924245,0.000308481912985786,"None"
"rs7627185",3,116757019,"Isoleucine",150.818895474067,40.8531422087721,0.000308649057919584,"None"
"rs12520298",5,143538755,"Glutamate",499.413798829159,135.282712743574,0.000308763282600592,"None"
"rs4463564",23,149858781,"Tyrosine",105.175734768993,28.4906741517705,0.000308814509749105,"None"
"rs5918955",23,64720598,"N.acetylglycine",257.701761298084,69.8259080492897,0.000309877924670417,"None"
"rs9312600",4,177534262,"Glycine",416.97922764513,112.988973395805,0.000310091273942707,"None"
"rs9839176",3,29341168,"Xanthine",587.459816377597,159.195564566505,0.000310387746832071,"None"
"rs2056491",23,40158580,"Taurocholate",74.1179210141542,20.0855266676633,0.00031045626389685,"None"
"rs16832208",1,158792245,"Propionylcarnitine..C3.",952.19255644703,258.094006167276,0.000311344216528465,"None"
"rs10075474",5,129583658,"Taurocholate",101.146152362186,27.4177119108398,0.000311618320490561,"None"
"rs6911299",6,96804847,"Gulono.1.4.lactone",301.694872649935,81.7837161532163,0.00031178140982343,"None"
"rs4239104",17,9209227,"Threonate",205.315915542125,55.6647599733592,0.000312343924172186,"None"
"rs743762",22,31289350,"Linoleate..18.2.",815.600621648466,221.12963159271,0.000312455640918294,"None"
"rs7306122",12,117963429,"Phenylalanine",783.492156088249,212.43682047961,0.000312702235791575,"None"
"rs11214899",11,113574965,"Isovalerylcarnitine..C5.",229.44122872079,62.2149465587369,0.000312971889103506,"None"
"rs11062949",12,3968366,"Linoleate..18.2.",698.077036753188,189.289789504176,0.000312977292406723,"None"
"rs10510814",3,59511037,"Phenylalanine",1263.34522589285,342.584079658439,0.000313181563782308,"None"
"rs9283722",5,30117422,"X1.oleoyl.GPC..18.1.",201.97004942157,54.7688949075329,0.000313199534321291,"None"
"rs340397",7,35378888,"Isoleucine",-79.26967315672,21.4963391625974,0.00031329963776737,"None"
"rs9967551",18,8503406,"Erythritol",407.529557959144,110.522608094643,0.000313631602019703,"None"
"rs17055486",8,26505328,"Paraxanthine",332.444571194929,90.1646894563194,0.000313874091611576,"None"
"rs2393073",12,115499750,"Propionylcarnitine..C3.",573.79870702066,155.669381027468,0.000315091058218738,"None"
"rs1319804",1,240390219,"Pyridoxate",478.620965323778,129.851435564852,0.000315201064121074,"None"
"rs17147029",9,132352431,"Threonate",259.185402727057,70.3184755115589,0.000315238416458859,"None"
"rs2279792",9,34908010,"Paraxanthine",464.644227026923,126.063986970416,0.00031535021124582,"None"
"rs7828117",8,12772943,"Isoleucine",123.353125485533,33.4770056406869,0.000316567965738625,"None"
"rs6789594",3,172434897,"Isoleucine",99.2676826836038,26.9424151664902,0.000316879867286665,"None"
"rs1434214",2,79412530,"Glycochenodeoxycholate",818.937053423772,222.273752032616,0.000316967293546564,"None"
"rs2833537",21,32135333,"Isoleucine",116.001625520352,31.4851380882609,0.000317004799374384,"None"
"rs4818972",21,45001266,"X1.linoleoyl.GPC..18.2.",54.0637240006262,14.6748562812731,0.000317260592121393,"None"
"rs17309741",11,27260014,"Pyridoxate",409.079482446218,111.048671182966,0.000317627242029977,"None"
"rs545735",3,29093778,"Tyrosine",115.663768455268,31.4013701757663,0.000318070329752893,"None"
"rs4756026",11,45790536,"Palmitoylcarnitine..C16.",607.424799181664,164.930217236748,0.000318619698261257,"None"
"rs1602511",8,127028456,"Glycine",384.484070106924,104.398792923455,0.000318711394422106,"None"
"rs2582705",7,62155064,"Linoleate..18.2.",648.889267370574,176.196346777441,0.000318800852661386,"None"
"rs3013450",1,212619047,"Caffeine",160.075097403208,43.4691744914686,0.000319106051629595,"None"
"rs13387692",2,227067008,"N.acetylglycine",258.690462237092,70.2500630050673,0.000319190739908623,"None"
"rs1316468",2,130363482,"Uridine",729.578420647964,198.145192433274,0.000319632462139588,"None"
"rs17000211",19,10230086,"X1.linoleoyl.GPC..18.2.",48.9031119860636,13.2818658707187,0.000319740233956001,"None"
"rs2304935",11,59858960,"Propionylcarnitine..C3.",533.195717843807,144.825069505829,0.000320077403337392,"None"
"rs17094449",8,13420328,"Glycochenodeoxycholate",1038.09183759672,281.970960441819,0.000320190007522676,"None"
"rs3132278",9,136500061,"X1.linoleoyl.GPC..18.2.",49.8338797189128,13.5367258893199,0.000320388881594274,"None"
"rs2471017",5,174890088,"Glycochenodeoxycholate",595.634952222103,161.796701481971,0.000320394301430179,"None"
"rs7004632",8,102302415,"Glycochenodeoxycholate",961.165394874792,261.139603473744,0.000321228288453671,"None"
"rs9322560",6,156407665,"Glycochenodeoxycholate",723.861886158119,196.681555795345,0.000321555156277689,"None"
"rs1960436",19,37282711,"Glycochenodeoxycholate",630.288915502504,171.257582775672,0.000321576905905156,"None"
"rs10515395",5,108272703,"Palmitoylcarnitine..C16.",794.205702638892,215.815379996091,0.000321962443811274,"None"
"rs12636816",3,73907588,"Pyridoxate",403.066303433398,109.535793403661,0.000322259123347,"None"
"rs17630700",13,40307515,"Glutamine",116.069811880163,31.5448629076755,0.00032255232062467,"None"
"rs17707459",5,55784499,"N.acetylglycine",227.252834057306,61.7631966110693,0.000322661534533843,"None"
"rs17131544",1,91977675,"Leucine",518.470154378396,140.9381658191,0.000323493463444689,"None"
"rs10513868",18,3487714,"Xanthine",676.349313898647,183.856371451209,0.000323520869445677,"None"
"rs17390595",1,63348003,"Phenylalanine",823.651560925763,223.912166431223,0.000323782841123905,"None"
"rs6050261",20,24962206,"X1.palmitoyl.GPC..16.0.",-53.7390005025681,14.6116439465654,0.000324527550944141,"None"
"rs802297",6,124542121,"Tyrosine",155.434025433258,42.2630200942365,0.000324576415630542,"None"
"rs3805238",4,144551983,"Isoleucine",92.2744828046052,25.0913002077474,0.00032484485486204,"None"
"rs4902673",14,68462781,"Taurocholate",145.946894587498,39.6958145344719,0.000325919147227589,"None"
"rs5922289",23,85911182,"Leucine",423.041420303243,115.084219120507,0.000326744713833928,"None"
"rs2098446",2,51334759,"Isovalerylcarnitine..C5.",218.899547080055,59.5531076666201,0.000327010421811719,"None"
"rs7068946",10,2192095,"Oleate..18.1.",442.862964729932,120.490349933909,0.000327242961405333,"None"
"rs11718422",3,38834190,"X1.palmitoyl.GPC..16.0.",69.0392862218452,18.7836345787768,0.000327247302526071,"None"
"rs698104",3,188485211,"Isoleucine",101.304281705448,27.5708634612524,0.000328637672810889,"None"
"rs17610391",2,220838742,"Phenylalanine",1108.95855018007,301.822424206401,0.000328773994646105,"None"
"rs3748006",1,228451560,"Propionylcarnitine..C3.",1045.31310612107,284.500225290829,0.000328774292503176,"None"
"rs10509113",10,61236216,"Tyrosine",162.604616808884,44.2571840163949,0.000328921303061431,"None"
"rs11771438",7,1314443,"Caffeine",199.443237024483,54.2886545182295,0.000329310567729725,"None"
"rs6834019",4,184054653,"Tyrosine",166.885659754439,45.4286332942415,0.000329519969837335,"None"
"rs41461650",10,71912664,"Isovalerylcarnitine..C5.",319.80984075304,87.0574778020867,0.000329556134959434,"None"
"rs2883881",6,109004079,"X1.palmitoyl.GPC..16.0.",70.4398161795153,19.1749432102284,0.000329572329993427,"None"
"rs248820",12,96608551,"Paraxanthine",293.652924719694,79.9376026176016,0.000329581519333013,"None"
"rs7832443",8,132955625,"Glycochenodeoxycholate",1001.93871383332,272.864564533076,0.000331483824830325,"None"
"rs129128",6,26233321,"Glutamate",550.773569984005,150.02578160769,0.000332360016194986,"None"
"rs7924071",10,101737154,"Leucine",596.962318611429,162.607942503816,0.000332380522922836,"None"
"rs9311026",3,33780565,"Uridine",739.855644634557,201.565470035508,0.000333132042955168,"None"
"rs10262937",7,21948973,"Gulono.1.4.lactone",339.363699390909,92.4670606685725,0.000333664130132807,"None"
"rs9287588",2,235811903,"Pyridoxate",587.238727006988,160.00805406807,0.000333719768332964,"None"
"rs542548",8,12952445,"Erythritol",438.101275727496,119.374956234572,0.000333836917544726,"None"
"rs10982097",9,115997965,"Xanthine",732.400916521689,199.57080874412,0.000333932576056314,"None"
"rs16959389",16,55122445,"Isovalerylcarnitine..C5.",464.808125755608,126.655049311907,0.000333939255392372,"None"
"rs5957972",23,121248840,"Pyridoxate",457.828284840354,124.755306563217,0.000334016476422687,"None"
"rs6427496",1,158057450,"Linoleate..18.2.",748.501645525312,203.996717534909,0.000334768203460742,"None"
"rs2903497",2,597049,"Isoleucine",120.232354342543,32.7690759826959,0.000334894536562509,"None"
"rs6526711",23,27698149,"Pyridoxate",499.653535708128,136.188920970278,0.000335199453382913,"None"
"rs3847906",12,61536040,"Phenylalanine",1246.77811048406,339.852241768573,0.000335486136209526,"None"
"rs2313007",1,225159944,"Isovalerylcarnitine..C5.",275.778737895138,75.1775145233661,0.000335753228492038,"None"
"rs7912876",10,59072475,"Isovalerylcarnitine..C5.",274.321670583115,74.7867471921159,0.00033613405060042,"None"
"rs10745752",12,95228585,"Isoleucine",102.332269533477,27.9009564043803,0.000336562365682108,"None"
"rs9819314",3,7656695,"Taurocholate",102.661159981687,27.9933925135733,0.000337000613621064,"None"
"rs743106",10,34247465,"Paraxanthine",388.773677978242,106.014988325732,0.00033721592238221,"None"
"rs1462648",23,5089281,"Erythritol",553.355792978463,150.90226593277,0.000337429647712287,"None"
"rs12465294",2,127154862,"Linoleate..18.2.",771.034289223852,210.27946586336,0.000337756061599297,"None"
"rs3790328",20,17457014,"Glutamine",109.652405813129,29.9061238295098,0.000337948618840655,"None"
"rs16938768",8,49858045,"N.acetylglycine",302.295468898706,82.4483666907061,0.000338035312920024,"None"
"rs12660889",6,57271185,"Phenylalanine",1383.46421218281,377.332771112406,0.000338098648031191,"None"
"rs11122812",2,121208115,"Xanthine",670.369998733865,182.840146670193,0.000338102700528748,"None"
"rs2095242",6,127259185,"Theobromine",611.25625279083,166.723153154168,0.000338262803541851,"None"
"rs1893142",11,128302467,"Pyridoxate",359.890421262023,98.1703602343746,0.000338647663265822,"None"
"rs10017332",4,96561773,"Threonate",230.402498231464,62.8607512190661,0.000339493575973344,"None"
"rs17703911",5,171767087,"Uridine",1207.85413215649,329.542496933379,0.000339540462245967,"None"
"rs1382347",5,35991293,"Isoleucine",132.353581154875,36.1130019229759,0.000339859204131858,"None"
"rs11023088",11,14075677,"Isoleucine",-80.1711256952721,21.8750666672065,0.000339895355100391,"None"
"rs4871326",8,124012328,"Valine",273.714483849427,74.6853662083827,0.000339960592975139,"None"
"rs3848668",20,61763716,"N.acetylglycine",334.504853425356,91.2740349767143,0.000340033659932544,"None"
"rs2419052",1,68156922,"Linoleate..18.2.",506.533167322671,138.229335755278,0.0003405235474844,"None"
"rs3848122",15,59687881,"Tyrosine",101.982771524811,27.8323338629026,0.000340838196676986,"None"
"rs7088166",10,121591967,"Valine",445.651458128338,121.624058929828,0.000340852097582748,"None"
"rs6141035",20,9720904,"Threonate",170.451644341205,46.5225882964963,0.00034125001988164,"None"
"rs4065395",3,1303461,"Isoleucine",90.1853959961388,24.6155673818794,0.000341363339724947,"None"
"rs12138385",1,177186649,"Glycochenodeoxycholate",1124.16449275784,306.839490130008,0.000341443534448502,"None"
"rs11718610",3,21693637,"Glycochenodeoxycholate",1020.83595469156,278.719271366902,0.000342786759036184,"None"
"rs7585775",2,77431845,"Phenylalanine",1035.68588556377,282.784988574248,0.000342965858005269,"None"
"rs16861578",1,18320077,"Caffeine",189.818260047547,51.8382104223535,0.000343836032526069,"None"
"rs6789711",3,126410400,"Isoleucine",152.344240675277,41.612822806817,0.000344764507654571,"None"
"rs2244347",7,50707082,"Xanthine",434.311834906131,118.633437941432,0.000344809521763941,"None"
"rs10498258",2,232145603,"Gulono.1.4.lactone",478.904059979402,130.81526743967,0.000344856071126572,"None"
"rs6104686",20,10924618,"X1.palmitoyl.GPC..16.0.",97.0981642375283,26.5229118798146,0.000344858874427274,"None"
"rs716547",10,68424659,"Uridine",1139.01572121889,311.129474185311,0.000344871949408905,"None"
"rs5754554",22,32173347,"Oleate..18.1.",513.311611448214,140.224333743782,0.000345194037016118,"None"
"rs10897895",11,81245601,"X1.palmitoyl.GPC..16.0.",86.66258302544,23.6742517046863,0.000345218414321299,"None"
"rs10511364",3,118320586,"Palmitoylcarnitine..C16.",964.071886898675,263.380153817706,0.000345521310375014,"None"
"rs16848369",1,173619326,"Gulono.1.4.lactone",370.713570804964,101.278856850814,0.000345591098384039,"None"
"rs988671",4,70541417,"Threonate",171.921756385933,46.9705213012228,0.000345739902834083,"None"
"rs2217122",18,10340828,"X1.palmitoyl.GPC..16.0.",94.3997391568006,25.7934053336566,0.000346193386090415,"None"
"rs17050834",4,140762527,"X1.oleoyl.GPC..18.1.",183.099646222755,50.0330533668937,0.000346524436341894,"None"
"rs4382808",10,2906558,"Theobromine",439.247085049289,120.027898699606,0.00034656438156244,"None"
"rs17272617",19,53049172,"Threonate",275.673541855905,75.3311417961024,0.000346628811179907,"None"
"rs11205401",1,247044698,"Linoleate..18.2.",416.392351230783,113.785890141528,0.000346693827836705,"None"
"rs2980747",8,8385232,"Glycochenodeoxycholate",1010.97220038007,276.291573696743,0.000347142213490592,"None"
"rs2604146",8,2722323,"Leucine",331.149690949088,90.504992790556,0.000347349570584369,"None"
"rs11155632",6,149559413,"Xanthine",776.514753514107,212.234992174235,0.000347550065772257,"None"
"rs4798551",18,7274522,"Valine",568.964745476621,155.511722588302,0.000347660329245677,"None"
"rs1015385",20,40436599,"Uridine",935.157763226797,255.634135105568,0.000348251061195197,"None"
"rs12503170",4,181137515,"Phenylalanine",726.259159144127,198.63367688773,0.000350649705097966,"None"
"rs6518834",22,32419182,"N.acetylglycine",-173.540728773706,47.4639471010042,0.000350662142205024,"None"
"rs4460609",1,214302135,"Threonate",-157.505330399927,43.0799127026832,0.000350843436049272,"None"
"rs17185355",16,50440986,"Glutamate",481.548192434908,131.716136929841,0.000351051777138385,"None"
"rs7678252",4,126766647,"N.acetylglycine",219.219213669097,59.964734079431,0.000351243256765083,"None"
"rs1476443",7,91110480,"Theobromine",406.565938589683,111.212562070157,0.000351302176624107,"None"
"rs12522053",5,13662725,"Glutamine",69.7862089503664,19.0901672958852,0.000351485339636734,"None"
"rs2682982",3,60520403,"Erythritol",792.336859417821,216.747485098842,0.000351528610058066,"None"
"rs2456",18,39103191,"Glycochenodeoxycholate",636.88002289661,174.237536494623,0.00035195193969298,"None"
"rs1190447",2,233128296,"Propionylcarnitine..C3.",719.513110878552,196.84529224376,0.000351975567628136,"None"
"rs2661472",1,69296434,"Valine",631.384586415849,172.73623334157,0.000352009008747964,"None"
"rs17136099",16,309141,"X1.oleoyl.GPC..18.1.",162.931068498846,44.57810715334,0.00035230911761829,"None"
"rs1594201",23,79050926,"Glutamine",65.7472125443989,17.9890091769914,0.000352438587089021,"None"
"rs3903645",23,138315361,"Tyrosine",124.575287859714,34.0854882538352,0.000352520685458602,"None"
"rs12230745",12,112877852,"Oleate..18.1.",598.573587003554,163.824437725916,0.000353836211361494,"None"
"rs10873934",1,77613954,"Taurocholate",75.8248815267615,20.752844189222,0.000353886864797509,"None"
"rs3856411",2,179994802,"Taurocholate",104.318690605604,28.5520385429007,0.000353984061054061,"None"
"rs10073440",5,83698401,"Pyridoxate",332.84825104095,91.1028530958842,0.00035409831542839,"None"
"rs6788787",3,118353538,"X1.palmitoyl.GPC..16.0.",121.239256848204,33.1847504576491,0.000354200716392614,"None"
"rs6928665",6,52548929,"Glycochenodeoxycholate",671.533524382312,183.822743799604,0.00035458800900327,"None"
"rs7502703",17,23361830,"Taurocholate",96.2741927003405,26.3547923744386,0.000354782222644718,"None"
"rs1105574",4,57204920,"Gulono.1.4.lactone",512.324452123977,140.255095633192,0.000355037327410104,"None"
"rs10516176",4,5787393,"Uridine",1493.98674444651,409.011047918959,0.000355194962463321,"None"
"rs6892503",5,30877451,"Glycochenodeoxycholate",719.647407711553,197.061597149215,0.000356201649732954,"None"
"rs11067344",12,113884318,"Glutamine",80.7938548025858,22.1269981000825,0.000356866740287833,"None"
"rs1420145",7,29518988,"Glutamate",606.774611874326,166.177362130235,0.000356869863207832,"None"
"rs4072819",23,116046987,"X1.palmitoyl.GPC..16.0.",67.8327549373099,18.5817292083968,0.000357969810075682,"None"
"rs16978145",17,70134068,"Leucine",793.982112140571,217.501063707996,0.000358012872320912,"None"
"rs2334308",2,150953409,"Oleate..18.1.",309.841159461602,84.8892501333591,0.000358691528916217,"None"
"rs9487145",6,97341154,"Linoleate..18.2.",664.267760251073,181.996036608642,0.000358747313325324,"None"
"rs2048262",2,64955083,"Hypoxanthine",582.747713161965,159.665235105057,0.000358866427080045,"None"
"rs2352950",16,84806539,"Propionylcarnitine..C3.",445.070279411652,121.952248822263,0.000359206009857065,"None"
"rs7776431",6,77875986,"Gulono.1.4.lactone",355.719330576982,97.4696365694652,0.000359213158725841,"None"
"rs2655450",2,8488590,"Gulono.1.4.lactone",325.667520752625,89.2395507199058,0.000359440701898837,"None"
"rs6011568",20,61160156,"Xanthine",957.161827770345,262.286375721409,0.000359521108817036,"None"
"rs8079640",17,13978033,"Isoleucine",126.107522429977,34.5574417592599,0.000359631771086425,"None"
"rs437545",16,24118877,"Oleate..18.1.",531.516537574319,145.653973974888,0.000359685494763524,"None"
"rs11748540",5,135783285,"X1.palmitoyl.GPC..16.0.",70.9712291713823,19.4488365927152,0.000359747651992271,"None"
"rs10413586",19,63763133,"Glutamate",320.468742980348,87.824119947616,0.000359929822803723,"None"
"rs7598132",2,121132688,"X1.linoleoyl.GPC..18.2.",39.7549721795209,10.8979026597932,0.000361267390285647,"None"
"rs11908206",20,38600118,"X1.palmitoyl.GPC..16.0.",114.060918258197,31.2692559261995,0.000361584819301075,"None"
"rs6006951",22,43961771,"Linoleate..18.2.",857.15987150455,235.003467033042,0.000361930146149394,"None"
"rs11110715",12,100156630,"Uridine",823.798116347988,225.896729691797,0.0003627655335264,"None"
"rs6860770",5,41221669,"Oleate..18.1.",504.834543251771,138.450015385253,0.000363363285585543,"None"
"rs2498488",23,47196642,"Glutamine",75.3419968916107,20.6630146117598,0.000363500983284867,"None"
"rs7240607",18,44427894,"Glycochenodeoxycholate",721.629433269764,197.916801121508,0.000363630607189473,"None"
"rs1415563",1,95719925,"Linoleate..18.2.",943.060704628557,258.652537551986,0.000363725325185641,"None"
"rs1511324",2,444860,"Pyridoxate",-320.347944395016,87.8620990234116,0.000363753060505494,"None"
"rs7354853",1,168393347,"X1.oleoyl.GPC..18.1.",157.770806214994,43.2742561140613,0.000364008097116271,"None"
"rs7081888",10,94754640,"Isoleucine",149.333935171703,40.9631121779644,0.000364352300663311,"None"
"rs9348260",6,170358048,"Threonate",159.907673716451,43.8691888733027,0.000364964028421919,"None"
"rs6673151",1,200241335,"Palmitoylcarnitine..C16.",915.910419011197,251.307795121605,0.000365651249349753,"None"
"rs2145600",14,57820655,"Theobromine",672.428228442464,184.51847695624,0.000366101117578936,"None"
"rs4141774",13,29389900,"Pyridoxate",500.187169827631,137.269124037352,0.000366611157211169,"None"
"rs8016414",14,90358133,"X1.palmitoyl.GPC..16.0.",68.6631958469247,18.8442303263844,0.000366766035896331,"None"
"rs4947376",7,51664612,"Glycochenodeoxycholate",791.746224057589,217.318135699181,0.000367378140114156,"None"
"rs1014797",7,78464522,"Pyridoxate",633.094225418602,173.775285272377,0.000367484926380921,"None"
"rs17094783",14,96526294,"Isovalerylcarnitine..C5.",343.178113788164,94.1981586315576,0.000367519902232269,"None"
"rs9289190",3,123533313,"Tyrosine",174.554302650768,47.9131583768161,0.000367535459973387,"None"
"rs7429735",3,118066686,"Valine",293.34725055082,80.5222323227502,0.000367640683255473,"None"
"rs10941380",5,38148802,"Glutamate",346.645270109663,95.1617187701535,0.000368117518555569,"None"
"rs16824919",2,229026489,"Taurocholate",119.42026447492,32.7842401800214,0.00036822898943645,"None"
"rs4292451",5,3341041,"Taurocholate",76.9450077693731,21.1252852401392,0.000368616118621391,"None"
"rs17185211",18,65299361,"Glutamine",126.809706032156,34.8167651117391,0.000368768549235473,"None"
"rs1424066",16,81087086,"N.acetylglycine",164.428665456819,45.1513627485146,0.000369403809985209,"None"
"rs4911916",23,588171,"Propionylcarnitine..C3.",609.032411098521,167.248160732105,0.000369709717641405,"None"
"rs7599312",2,213121476,"Pyridoxate",370.531073523336,101.758514161582,0.000369988815375705,"None"
"rs2331739",1,178762293,"Oleate..18.1.",510.551082884254,140.224131981576,0.000370404150145723,"None"
"rs11845601",14,78260766,"X1.oleoyl.GPC..18.1.",112.58985536344,30.9246566390858,0.000370649153587325,"None"
"rs1634186",6,67126785,"X1.palmitoyl.GPC..16.0.",-66.4709170913311,18.257399827805,0.000370667264797674,"None"
"rs887081",17,30102223,"Caffeine",162.633386356803,44.6703734022542,0.000370696387708369,"None"
"rs4960095",6,5465692,"Phenylalanine",1070.40692431267,294.031042421352,0.00037107860867678,"None"
"rs9530551",13,75933282,"X1.linoleoyl.GPC..18.2.",67.0152518267092,18.4113107572147,0.000371821675892201,"None"
"rs10505492",8,127893982,"Xanthine",859.867287213003,236.242432572136,0.000371993486930838,"None"
"rs4886655",15,73172621,"X1.linoleoyl.GPC..18.2.",36.3074811566446,9.97623169313996,0.000372483164591502,"None"
"rs17038654",2,34410103,"Xanthine",859.64158083428,236.247766347583,0.000373375175106041,"None"
"rs7311550",12,124130700,"X1.palmitoyl.GPC..16.0.",80.7568699270821,22.1946189693601,0.000373575501319526,"None"
"rs11903923",2,46112445,"Tyrosine",89.1218526738027,24.4979952330014,0.000374449980730577,"None"
"rs2955948",11,34210736,"X1.oleoyl.GPC..18.1.",182.089875368998,50.056977135672,0.000374814082403487,"None"
"rs17042273",2,113192555,"Phenylalanine",910.914274156437,250.41570355166,0.000374872752402342,"None"
"rs6940128",6,40320698,"Oleate..18.1.",518.771284787894,142.617496977123,0.000375016661962192,"None"
"rs17810635",17,9905657,"Tyrosine",128.65619791322,35.3745887120943,0.000375733119522831,"None"
"rs10426347",19,58604054,"Hypoxanthine",395.916162228595,108.865799592212,0.000376042833336674,"None"
"rs6999963",8,106679835,"Isoleucine",98.0036806156395,26.9493811291405,0.000376247274057568,"None"
"rs4072238",15,96775464,"Valine",300.520568078437,82.6463506184152,0.00037673214672699,"None"
"rs7981680",13,27791870,"Erythritol",548.526791926517,150.857203065495,0.000376943132783548,"None"
"rs17151967",7,127715199,"X1.oleoyl.GPC..18.1.",145.781064895859,40.0955577667001,0.000377246774967942,"None"
"rs1397233",3,163366468,"Glutamate",594.029662319256,163.404758910729,0.000377940071932131,"None"
"rs17022696",4,96097795,"Glutamate",466.725137875058,128.389747413686,0.000378082222639964,"None"
"rs870511",5,61197856,"Isoleucine",116.085681861492,31.9343956881968,0.000378205328346374,"None"
"rs17434186",1,66791143,"Gulono.1.4.lactone",562.749510688635,154.814432691811,0.000378389300221008,"None"
"rs4302005",15,36944979,"Valine",377.325738804902,103.813901375683,0.000378873072611205,"None"
"rs11793373",9,128447364,"Glutamine",64.0671342002912,17.6282222334768,0.000379259664854202,"None"
"rs13228917",7,135200395,"Valine",406.099209928595,111.751589645532,0.000379807744622754,"None"
"rs10498307",14,29015604,"Valine",371.723649307633,102.296067660884,0.00038000269865177,"None"
"rs6128226",20,55964644,"Uridine",1521.2962365156,418.680680388946,0.000380347643326139,"None"
"rs10521144",16,28063021,"Taurocholate",154.297123127166,42.4651602184629,0.000380413612504671,"None"
"rs6109526",20,1271192,"Valine",261.999090108802,72.1137493070792,0.000380906368122597,"None"
"rs10998840",10,70945369,"Isovalerylcarnitine..C5.",314.158757150086,86.4778409101406,0.000381331608854054,"None"
"rs1868231",3,128725928,"Hypoxanthine",493.862309076002,135.987154098078,0.000382886260687637,"None"
"rs16852911",4,40900411,"Xanthine",567.192849637784,156.180267771454,0.000382925254957553,"None"
"rs1421551",18,60098290,"Erythritol",676.926924587929,186.397457224842,0.000382957007879785,"None"
"rs6728249",2,197030423,"Glycochenodeoxycholate",792.099334441864,218.114807628048,0.000383040498496626,"None"
"rs10520468",4,182366655,"Glycochenodeoxycholate",906.921454600734,249.742757344377,0.00038324308652079,"None"
"rs628606",11,94465471,"Uridine",1423.01513883105,391.929711817787,0.000384106415265886,"None"
"rs9680445",21,19998366,"X1.linoleoyl.GPC..18.2.",73.5086296019877,20.2481711138648,0.000384665858081774,"None"
"rs12659559",5,71173531,"Linoleate..18.2.",468.934932692139,129.179990444611,0.000385069601368387,"None"
"rs12455505",18,58824515,"Phenylalanine",879.994757606081,242.450960420401,0.000385772279877919,"None"
"rs12300114",12,99300834,"X1.oleoyl.GPC..18.1.",161.639221700316,44.5344772887439,0.000385838797283533,"None"
"rs17640127",7,42002910,"Leucine",732.574208670611,201.859935484559,0.000386401447042676,"None"
"rs11085784",19,11508141,"N.acetylglycine",204.92035405479,56.4670572745878,0.00038653448339533,"None"
"rs740586",19,48888371,"Theobromine",518.779548022968,142.965662951401,0.000386982028474592,"None"
"rs7592092",2,45850198,"Uridine",1309.47443688648,360.888859903274,0.000387299832401056,"None"
"rs16976570",16,27073797,"Xanthine",828.840295526408,228.430460067549,0.000387377208309123,"None"
"rs2839686",10,44201461,"Palmitoylcarnitine..C16.",625.194024547288,172.306160447124,0.000387409854108762,"None"
"rs4144394",13,64225784,"Linoleate..18.2.",480.837410459693,132.528552605514,0.000387700977562425,"None"
"rs2812657",10,34156932,"Isoleucine",116.03690389995,31.9828151344919,0.000387808962120247,"None"
"rs17546660",2,66071526,"Tyrosine",176.254604976534,48.580429985295,0.000387812733452575,"None"
"rs7845730",8,58512321,"Taurocholate",77.7942473723054,21.4430596239225,0.000388025172917245,"None"
"rs1425124",7,37414730,"Isovalerylcarnitine..C5.",460.059085729756,126.812142729318,0.000388117158809408,"None"
"rs3766110",1,167781807,"Glycochenodeoxycholate",540.742097002249,149.063532404009,0.000388510304814665,"None"
"rs7095140",10,70789118,"Glycochenodeoxycholate",807.210759879322,222.552114083313,0.000389246137122845,"None"
"rs846273",7,42031377,"Tyrosine",142.557801363364,39.3044263216296,0.000389312089403649,"None"
"rs9598511",13,33519920,"Glutamate",452.625868041666,124.803881242364,0.000389755570515724,"None"
"rs6547315",2,80656163,"Linoleate..18.2.",813.15607474246,224.22537884793,0.000390012422714164,"None"
"rs1604243",4,143084369,"Hypoxanthine",382.412831864914,105.461346117875,0.000390593139511825,"None"
"rs10494625",1,187823580,"Threonate",308.571184180086,85.0994937883955,0.000390718162760879,"None"
"rs17511079",14,26403057,"Leucine",623.549920564282,171.96956221043,0.000390819872711461,"None"
"rs1900710",2,111929715,"Isovalerylcarnitine..C5.",382.142549206056,105.402693927201,0.000391354583070609,"None"
"rs5968767",23,85140074,"Hypoxanthine",508.579755470576,140.282349426014,0.000391560080906685,"None"
"rs17134549",6,1919873,"Hypoxanthine",727.549114076892,200.689726160789,0.000391779823815666,"None"
"rs17736813",18,43361984,"Xanthine",635.136147835325,175.226160521655,0.000392587971807144,"None"
"rs11948570",5,11790940,"Isoleucine",104.027056011471,28.7070821960306,0.000393881274207765,"None"
"rs2890658",9,5455130,"Uridine",1132.48042351919,312.524885647602,0.000394011905005525,"None"
"rs17200502",3,16866073,"Uridine",1285.87295285823,354.877828402079,0.00039432706715285,"None"
"rs12464011",2,123207983,"Glutamate",480.1046120696,132.503285647861,0.000394443844810514,"None"
"rs2310351",2,102939361,"Glutamate",453.847322753023,125.25849438621,0.000394521679041478,"None"
"rs17073983",8,5394783,"Phenylalanine",996.791413618768,275.147552026011,0.000395272076310205,"None"
"rs6425204",1,171335867,"Valine",372.771200537148,102.902474345797,0.000395531669395495,"None"
"rs12920274",16,50036454,"Isovalerylcarnitine..C5.",242.055725478321,66.8190413897899,0.000395548303634175,"None"
"rs7112577",11,116549813,"Caffeine",227.550765351854,62.815047004726,0.000395554265941915,"None"
"rs10519617",15,25669108,"Leucine",380.675916632442,105.09726507159,0.000396149484239887,"None"
"rs17268019",2,53588554,"Phenylalanine",903.295631885782,249.38867552018,0.000396276639910538,"None"
"rs526401",6,112408629,"Paraxanthine",347.417079968534,95.9322735784388,0.000397062901237978,"None"
"rs12557937",23,150166637,"Glutamate",647.511450693747,178.806532045365,0.00039732652244569,"None"
"rs3096085",5,146026611,"Glutamate",719.751824470559,198.764456682528,0.000397562781317901,"None"
"rs9908860",17,139937,"X1.oleoyl.GPC..18.1.",198.609270295604,54.848644362986,0.000397685898114095,"None"
"rs4946900",6,108522085,"Phenylalanine",790.745081035458,218.393863460676,0.000398129381603966,"None"
"rs12442869",15,36604125,"Glutamine",84.6554113294536,23.3810145179145,0.000398184863678913,"None"
"rs889558",16,55730130,"Oleate..18.1.",537.683447016473,148.508559837244,0.000398376261560542,"None"
"rs11130880",3,62316054,"Oleate..18.1.",282.197872620055,77.9434804651377,0.000398390914225871,"None"
"rs11967453",6,14148248,"Xanthine",871.75853019533,240.781437972598,0.000398399649385235,"None"
"rs4789649",17,69838077,"Leucine",333.960935537738,92.251549813136,0.000399005438472863,"None"
"rs888225",9,127965912,"Uridine",1079.00146018964,298.064977430842,0.000399134677613366,"None"
"rs4433364",1,67040926,"Paraxanthine",291.828925210661,80.6157287208244,0.000399164654716969,"None"
"rs7792197",7,87899449,"Valine",531.526640189695,146.839978124387,0.000399494314581081,"None"
"rs11150519",16,81491808,"Isoleucine",112.780538148236,31.1630402108837,0.000400519194804625,"None"
"rs10811381",9,20641453,"Valine",419.157875816299,115.824414609174,0.000400719085288309,"None"
"rs7107217",11,128978900,"X1.linoleoyl.GPC..18.2.",34.0992738249601,9.42344698924961,0.000401220549419344,"None"
"rs11265404",1,158686947,"Palmitoylcarnitine..C16.",1034.54326786012,285.936227504929,0.000401885544794787,"None"
"rs4258695",18,29886646,"Oleate..18.1.",512.228203845496,141.580570837666,0.000402119656701833,"None"
"rs16889149",8,40296986,"X1.oleoyl.GPC..18.1.",133.260719825021,36.8352009322563,0.000402366639754988,"None"
"rs7634868",3,60908079,"Tyrosine",85.7461959817126,23.7020010534547,0.000402477107666215,"None"
"rs11237782",11,78699911,"Tyrosine",132.512562038823,36.6307963022342,0.000402705677341954,"None"
"rs6451675",5,43146612,"Oleate..18.1.",315.571484264527,87.2384645446752,0.000402955775806414,"None"
"rs661139",11,119741084,"Glycochenodeoxycholate",803.340682161982,222.081392317042,0.000402981450401427,"None"
"rs6042588",20,1421397,"Pyridoxate",421.717172171014,116.583734505448,0.00040303239690926,"None"
"rs784257",18,51548197,"Glycochenodeoxycholate",713.849464614015,197.347959721229,0.000403143775752083,"None"
"rs4894088",2,179877259,"Pyridoxate",685.489671238715,189.522032996628,0.000403535595138709,"None"
"rs9689350",6,169328299,"Glutamine",83.9835152684287,23.2206840179784,0.000403800698759064,"None"
"rs17277296",5,80413043,"Glutamine",90.9538364180025,25.1500812300568,0.00040424840201329,"None"
"rs11075994",16,52407580,"Propionylcarnitine..C3.",588.457563679487,162.781339480982,0.000406301506348582,"None"
"rs9360745",6,74936028,"Propionylcarnitine..C3.",885.069796290633,244.852788615926,0.000406759502500336,"None"
"rs3744951",18,59076960,"Leucine",766.054525779636,211.929495244787,0.00040680990526913,"None"
"rs17142139",10,6966368,"Gulono.1.4.lactone",422.065858413166,116.766659237756,0.000406893114509592,"None"
"rs12152338",3,78363820,"X1.oleoyl.GPC..18.1.",129.976072225879,35.9598283207408,0.000407080614677052,"None"
"rs1044165",23,65158451,"Leucine",542.741707759363,150.159700086107,0.00040715282874503,"None"
"rs7748529",6,5940860,"Paraxanthine",225.745053664902,62.4603786696708,0.000407468273322647,"None"
"rs759428",2,36786547,"Gulono.1.4.lactone",513.62510254448,142.115059490665,0.000407558586480532,"None"
"rs11110901",12,100554244,"Phenylalanine",1011.27143837036,279.810019152448,0.000407578596929063,"None"
"rs7808758",7,70008405,"Threonate",-154.398972647941,42.7236255203329,0.000407918454778273,"None"
"rs6753211",2,19443320,"X1.oleoyl.GPC..18.1.",132.361964584304,36.6295440774069,0.00040845714394795,"None"
"rs12502361",4,4900907,"Isovalerylcarnitine..C5.",290.532397680306,80.4041312125928,0.000408644278714127,"None"
"rs10504659",8,78848596,"Pyridoxate",684.832838159561,189.537451766242,0.000408966659935492,"None"
"rs12500546",4,166018436,"Glycochenodeoxycholate",476.959342135299,132.008202558396,0.000409076697633406,"None"
"rs16938768",8,49858045,"Paraxanthine",350.843439140851,97.1079165179477,0.000409339500351154,"None"
"rs10486108",7,10987175,"Isovalerylcarnitine..C5.",297.684834949553,82.4029140542687,0.000409879418963446,"None"
"rs29801",5,168796249,"Paraxanthine",236.209970789751,65.3891347635399,0.000410140082723994,"None"
"rs2258131",9,78121713,"Propionylcarnitine..C3.",596.794332531315,165.217598380442,0.00041043418197114,"None"
"rs10942119",5,25485932,"X1.oleoyl.GPC..18.1.",135.080866782389,37.4009697735045,0.000411131167347434,"None"
"rs16894475",5,65199525,"Erythritol",430.292550194986,119.148419249848,0.000411561858579164,"None"
"rs1459047",6,21308369,"Oleate..18.1.",432.892810534865,119.87531996573,0.000411865339469098,"None"
"rs1914129",10,113230967,"Gulono.1.4.lactone",686.174506588518,190.016577054783,0.000411956677181376,"None"
"rs6674714",1,112240977,"X1.linoleoyl.GPC..18.2.",50.7819996545401,14.0631819777505,0.000412162240938189,"None"
"rs6835798",4,155082986,"Paraxanthine",312.564006361667,86.5729391072958,0.00041300797407309,"None"
"rs7938457",11,110236804,"Theobromine",364.150301596458,100.862925340236,0.000413101769264703,"None"
"rs16867483",2,182295279,"Glutamate",742.688549722284,205.714671065525,0.000413195123953791,"None"
"rs1159317",18,53138592,"Valine",315.894062818568,87.5003045314013,0.000413311836739148,"None"
"rs894063",5,78187373,"Tyrosine",179.877167192201,49.8283028517999,0.000413702011601411,"None"
"rs134225",22,33863408,"Phenylalanine",1203.94991836269,333.523888132576,0.000413927647771216,"None"
"rs10521427",23,42615327,"Glycochenodeoxycholate",618.155419371092,171.250727424913,0.000414125917537937,"None"
"rs4894675",3,175672718,"Xanthine",440.521043030894,122.039880131317,0.000414130437392383,"None"
"rs3181334",11,104371594,"Taurocholate",119.81347232603,33.1948090348351,0.000414490096748577,"None"
"rs2854986",10,73263971,"X1.oleoyl.GPC..18.1.",158.407444247246,43.8913914503956,0.000414970475981753,"None"
"rs10861081",12,102642509,"N.acetylglycine",221.749638071456,61.4486080429445,0.000415526442446821,"None"
"rs3924248",2,235705045,"Glutamate",393.60738431123,109.072436587327,0.000415558908926626,"None"
"rs2094028",1,194417119,"X1.palmitoyl.GPC..16.0.",96.9329454866245,26.862731949566,0.000415890003654978,"None"
"rs6585459",10,119512718,"Palmitoylcarnitine..C16.",709.992766341464,196.771030865882,0.000416239463755926,"None"
"rs2030021",1,73976736,"Tyrosine",101.859742486722,28.2327770112226,0.000416777468625896,"None"
"rs12979",7,24704689,"Oleate..18.1.",542.618781199083,150.399641128883,0.000416789200973298,"None"
"rs17268300",23,129421865,"Pyridoxate",535.45988531375,148.416611638594,0.000416833379156013,"None"
"rs11036538",11,41726762,"Isoleucine",133.047812236378,36.8786093368331,0.000416971428308487,"None"
"rs7869958",9,8432098,"Phenylalanine",883.826358305921,245.01090344505,0.000417607245179475,"None"
"rs11748579",5,175073852,"X1.linoleoyl.GPC..18.2.",64.2131998465138,17.8017294295101,0.000417846476368549,"None"
"rs6132407",20,2119630,"Gulono.1.4.lactone",482.795840109764,133.853299350985,0.000418187606986998,"None"
"rs7656717",4,55865237,"Isovalerylcarnitine..C5.",346.014714250719,95.9385055410164,0.000418592439750289,"None"
"rs2573700",15,24056569,"Palmitoylcarnitine..C16.",672.536094792356,186.502365914225,0.00041946153479628,"None"
"rs9565413",13,77892138,"Valine",412.025724721208,114.261661570452,0.000419553708984255,"None"
"rs17048253",2,114701762,"X1.linoleoyl.GPC..18.2.",50.717075888189,14.0647032536694,0.000419555738394298,"None"
"rs4289011",16,6974269,"Threonate",155.364353461161,43.0877647645997,0.000419879989541824,"None"
"rs3912421",8,13584217,"Gulono.1.4.lactone",323.358292019448,89.6785521007262,0.000419904767431484,"None"
"rs8090316",18,67193012,"Tyrosine",89.6465840603946,24.8654177977721,0.000420615887420524,"None"
"rs10752856",1,179655715,"Tyrosine",96.4158958574215,26.7449202468996,0.000420995849509265,"None"
"rs41536645",13,91851042,"Glycochenodeoxycholate",829.954827337272,230.229035255207,0.000421156745292701,"None"
"rs1572898",6,70635825,"Oleate..18.1.",340.401509916224,94.4324320562442,0.000421455291962776,"None"
"rs2729687",3,15308110,"Glutamate",375.392463855126,104.143072249662,0.000421643241540872,"None"
"rs2412058",11,2597705,"Leucine",-371.497532826759,103.06355280893,0.000421697136210926,"None"
"rs2655700",6,80372537,"Leucine",452.27900902411,125.475743194701,0.000421748917294533,"None"
"rs1885170",9,17554267,"Threonate",263.095005498815,72.9977317424963,0.000422288471849403,"None"
"rs220749",6,165747184,"Threonate",177.072258871847,49.1337046087087,0.00042268927812318,"None"
"rs6712340",2,121748239,"Gulono.1.4.lactone",373.895253804467,103.758177834958,0.000423229671467421,"None"
"rs898980",1,38430739,"Glutamine",120.566372455268,33.4591526340187,0.000423433526876444,"None"
"rs10519152",15,60582927,"Erythritol",646.645870433771,179.459005874281,0.000423558241814949,"None"
"rs10107837",8,20032956,"Paraxanthine",243.996233814578,67.7165401904026,0.000423718945179663,"None"
"rs2968097",5,12251381,"Propionylcarnitine..C3.",605.741918979758,168.113910383756,0.000423773608019804,"None"
"rs16979988",23,140984282,"Tyrosine",133.404263533743,37.0301104885589,0.000424638389458839,"None"
"rs17833422",14,58494680,"Hypoxanthine",494.833625510124,137.356473371136,0.00042469623843318,"None"
"rs8022457",14,28683261,"Isoleucine",134.512989556746,37.3394046580014,0.000424861656530485,"None"
"rs10512115",9,82986774,"Threonate",298.2491665287,82.8070134284982,0.000425921744887913,"None"
"rs8020589",14,27674459,"N.acetylglycine",337.140120605734,93.6078213797663,0.000426094855991905,"None"
"rs6869396",5,60612388,"Hypoxanthine",607.435303858325,168.665352615463,0.000426397565309202,"None"
"rs4373465",7,117125184,"Propionylcarnitine..C3.",642.866651528262,178.505957004661,0.000426472388697311,"None"
"rs3797363",5,118864853,"Oleate..18.1.",429.980316246922,119.415479904004,0.000427479635580535,"None"
"rs1411153",9,18353377,"Glycochenodeoxycholate",692.223983521183,192.248538917122,0.000427534327716855,"None"
"rs1469943",2,64251922,"Phenylalanine",1173.55325309915,326.032339855576,0.000429315502299051,"None"
"rs1513747",17,11283630,"Isoleucine",82.4824920171847,22.916456096158,0.000429666317209771,"None"
"rs784595",1,39907604,"Leucine",442.727570806571,123.007254614009,0.00042977328014846,"None"
"rs17715085",14,88651324,"Oleate..18.1.",590.141673564364,163.965412906864,0.000429796079094384,"None"
"rs12484387",22,48150547,"Propionylcarnitine..C3.",569.667090819622,158.282108462532,0.000429982110344395,"None"
"rs12458196",18,10698501,"Glutamine",70.5359078584145,19.601826554019,0.000430937658097215,"None"
"rs3774529",3,53712201,"Tyrosine",172.570138653824,47.9598077566026,0.000431260489198921,"None"
"rs10834744",11,3638426,"Isoleucine",90.6218079446416,25.1878901598059,0.000431859552554082,"None"
"rs11903909",2,105955873,"Oleate..18.1.",336.220770087499,93.4557982770134,0.000432146707512465,"None"
"rs33926252",3,125752222,"Propionylcarnitine..C3.",790.039728442243,219.637900873056,0.000433119810164468,"None"
"rs2097276",3,46435798,"Taurocholate",71.4193675268132,19.8587508679858,0.000434106698194463,"None"
"rs6917182",6,106432723,"Gulono.1.4.lactone",533.088132692726,148.236282453027,0.000434356005760813,"None"
"rs7624247",3,29254436,"X1.oleoyl.GPC..18.1.",158.640628390049,44.119701821153,0.000435154802140705,"None"
"rs2998901",1,215723760,"Theobromine",383.29823141903,106.600457548872,0.00043520720416686,"None"
"rs135290",22,46851964,"Propionylcarnitine..C3.",799.112718518463,222.253610470416,0.000435443724722591,"None"
"rs213025",1,21524162,"Propionylcarnitine..C3.",637.038166846437,177.18394551897,0.000435675310011911,"None"
"rs2084436",1,30154594,"Tyrosine",120.95354172312,33.6424258977447,0.000435800504423878,"None"
"rs10999052",10,71380977,"X1.oleoyl.GPC..18.1.",155.783700509337,43.3315273857793,0.000435970049417708,"None"
"rs7247364",19,1735211,"N.acetylglycine",376.481581204662,104.722100060892,0.000436131470918656,"None"
"rs13124237",4,153849282,"Propionylcarnitine..C3.",601.810221673533,167.417838235823,0.000436739935986574,"None"
"rs12610917",19,24164923,"Phenylalanine",1395.24973033175,388.159770983631,0.000436949990943493,"None"
"rs17219363",10,3342233,"Paraxanthine",235.166930447356,65.441724103625,0.000438487892530439,"None"
"rs17650871",5,170155501,"Glutamine",77.8520204592947,21.6660632171074,0.000438894427789952,"None"
"rs5970101",23,150668673,"Hypoxanthine",582.385597287086,162.121872145781,0.0004404506162274,"None"
"rs3091400",22,49405984,"Valine",294.768345375606,82.0565558256232,0.000440469398741163,"None"
"rs6649728",23,143219175,"Hypoxanthine",522.665712148241,145.507804692507,0.0004408543096065,"None"
"rs4399974",4,22783339,"Xanthine",584.400199891226,162.701217142552,0.000441088825826418,"None"
"rs16825116",2,229114929,"Xanthine",933.974282246131,260.027808083491,0.000441146042449173,"None"
"rs894771",18,46007489,"Tyrosine",97.6299471373284,27.1817051168578,0.000441259235854834,"None"
"rs4563056",16,29606107,"Threonate",228.725773853738,63.6876704050469,0.000441861646586206,"None"
"rs4380121",18,21158612,"Gulono.1.4.lactone",354.295350932215,98.6612321810997,0.000442389797651145,"None"
"rs2022240",17,14283059,"Palmitoylcarnitine..C16.",447.237109258009,124.550778976178,0.000442746333131397,"None"
"rs6012009",20,44751093,"Pyridoxate",412.656496664506,114.92069865522,0.000442758695921618,"None"
"rs16999507",21,40508183,"Valine",538.19594721082,149.890876562232,0.000443085295567579,"None"
"rs10510579",4,142188961,"Paraxanthine",316.309120061161,88.0945499771775,0.000443118362298905,"None"
"rs4076124",7,142765004,"Erythritol",697.550865060858,194.277393431375,0.000443235802835335,"None"
"rs11920786",3,5004354,"Leucine",426.190272897557,118.712523694081,0.000443840578114039,"None"
"rs42897",23,119476138,"Oleate..18.1.",389.186742874834,108.41085208409,0.000444122536322261,"None"
"rs6671933",1,168873607,"Tyrosine",174.543804190254,48.6205227323342,0.00044412859967732,"None"
"rs9993627",4,96575782,"Threonate",174.124862764303,48.5145016114609,0.000445371754735366,"None"
"rs16921146",8,57927125,"Isovalerylcarnitine..C5.",339.471230528943,94.5853825106696,0.000445505386607368,"None"
"rs8054781",16,11292277,"Glutamate",568.539386728308,158.416890484346,0.000445764314911592,"None"
"rs3104759",16,51167030,"Threonate",274.210433471656,76.4193176772357,0.000446784896511347,"None"
"rs365028",3,55276627,"N.acetylglycine",362.139708603226,100.929402881832,0.00044707709387792,"None"
"rs13075154",3,64764151,"Tyrosine",155.950882168658,43.468632811748,0.000447686014773683,"None"
"rs17373665",20,7119612,"Phenylalanine",832.085209305149,231.95020514763,0.000448193857708016,"None"
"rs1393057",3,192151071,"Glutamate",352.57615723221,98.290220605997,0.000448592108769711,"None"
"rs2341635",19,51162274,"Isoleucine",88.7037686165094,24.7319731240988,0.000449369879445175,"None"
"rs1996630",3,21756975,"Isoleucine",130.771876503244,36.4614511033939,0.00044940791233579,"None"
"rs7735621",5,171799840,"Xanthine",688.855349947553,192.068581409466,0.000449522077759321,"None"
"rs7762993",6,130312647,"Oleate..18.1.",374.62631459389,104.460790755555,0.000449873081358966,"None"
"rs17126228",8,18018469,"Erythritol",712.35878764791,198.641235657894,0.000450077900814268,"None"
"rs10513190",9,115033744,"Erythritol",643.774093939786,179.52603825337,0.0004503844858844,"None"
"rs12459603",19,10950846,"Erythritol",452.790209755631,126.271459565899,0.000450571475646543,"None"
"rs7333854",13,26257496,"N.acetylglycine",322.350511046731,89.9141018830366,0.000451773169176261,"None"
"rs7208804",17,8756793,"X1.oleoyl.GPC..18.1.",129.177099345087,36.0353621697021,0.00045235232825945,"None"
"rs2444891",8,99085899,"Glutamine",105.373191104614,29.395360984665,0.000452422301655424,"None"
"rs4722778",7,28278588,"Valine",315.936600400896,88.1380971760961,0.00045262114212165,"None"
"rs6063438",20,47874575,"Isovalerylcarnitine..C5.",269.561354086935,75.2308046377793,0.000454927966503385,"None"
"rs7966049",12,127477299,"Propionylcarnitine..C3.",506.652810520057,141.399931815356,0.000454936802241614,"None"
"rs2305128",8,120668668,"Propionylcarnitine..C3.",763.917925290779,213.216607116769,0.000455408865125902,"None"
"rs1805962",5,9268068,"Isoleucine",79.9062531273507,22.305340480361,0.000456122904602728,"None"
"rs38280",7,14269156,"Glutamine",118.019369557307,32.9460025998648,0.000456406698246726,"None"
"rs7310004",12,69340764,"Isoleucine",110.842433536309,30.9488060947886,0.000457583627506023,"None"
"rs1224674",15,45731444,"Phenylalanine",780.236216688845,217.855901268091,0.000457655269480324,"None"
"rs9445078",6,93911853,"X1.palmitoyl.GPC..16.0.",63.7929290185791,17.8121774302738,0.000457671881813716,"None"
"rs262159",7,158464933,"X1.linoleoyl.GPC..18.2.",36.0734281798844,10.0736418082391,0.000458400398372036,"None"
"rs354985",5,173868819,"Pyridoxate",510.29143986092,142.518658763934,0.000459126408970853,"None"
"rs41483149",4,156804916,"Glutamine",90.3628204531548,25.2373728472063,0.000459138739003036,"None"
"rs1751956",10,29622004,"Paraxanthine",318.589140439231,88.983068856247,0.000459433482574576,"None"
"rs17050199",2,59586461,"Propionylcarnitine..C3.",716.286350303923,200.094100143847,0.000460386482877657,"None"
"rs17119416",12,55750583,"Isovalerylcarnitine..C5.",319.127552659331,89.1508498100742,0.000460568416157336,"None"
"rs16950388",16,50361129,"Glutamate",570.636850998821,159.422094500563,0.000460937239749345,"None"
"rs17827758",14,77758286,"Glutamine",102.665160957288,28.6825632881269,0.000461020019577505,"None"
"rs748005",16,53882623,"Taurocholate",-71.8797543014371,20.0838655686516,0.000461635423905512,"None"
"rs10513513",3,158600377,"X1.linoleoyl.GPC..18.2.",60.9874027883676,17.0414219104952,0.000461970820344776,"None"
"rs41493449",4,42590472,"Oleate..18.1.",610.052727666418,170.471926142655,0.000462237010123598,"None"
"rs7095636",10,54236214,"Gulono.1.4.lactone",432.223397600094,120.779996507996,0.000462253746324665,"None"
"rs41458445",22,18378088,"Isovalerylcarnitine..C5.",305.418715278205,85.3494675656276,0.000462501587361456,"None"
"rs13439849",8,4036897,"Theobromine",792.741630334734,221.587778460282,0.000463969265541201,"None"
"rs908568",2,45189883,"Pyridoxate",549.134884975554,153.519890531173,0.00046493420534382,"None"
"rs7190134",16,66939017,"Hypoxanthine",501.147868293593,140.114262188178,0.000465351047586106,"None"
"rs16825024",1,184415169,"Erythritol",710.625337138004,198.681548861386,0.000465356348452129,"None"
"rs4669638",2,10939182,"Tyrosine",92.2413976739084,25.7914951284058,0.000465813522702795,"None"
"rs1353302",8,108878544,"Threonate",229.851794482448,64.2696530754705,0.00046591385649366,"None"
"rs13271420",8,125517941,"Isoleucine",176.002683988032,49.2161607792404,0.000466325306105094,"None"
"rs4808025",19,16028963,"Phenylalanine",685.174195153796,191.60829865666,0.000466662371950569,"None"
"rs2496634",6,41539330,"Hypoxanthine",468.354289682531,130.990027410818,0.000467346163341605,"None"
"rs393398",5,38869623,"Isovalerylcarnitine..C5.",259.320724422037,72.5397321942232,0.000468364897937948,"None"
"rs804747",7,52577964,"Glutamate",445.264898226819,124.563610485709,0.000468827498900317,"None"
"rs12499868",4,111436740,"Isoleucine",99.9286075578689,27.957472979835,0.000469308790069762,"None"
"rs17393159",8,102469715,"Leucine",512.455634247302,143.389553878986,0.000470033415533322,"None"
"rs16871031",5,41255958,"Hypoxanthine",592.674575696356,165.851407916149,0.000470601433069987,"None"
"rs41340552",5,120426097,"Glutamine",109.7627525285,30.7207507137912,0.000471612314635406,"None"
"rs11199297",10,122114585,"Paraxanthine",342.460258064529,95.8578721627768,0.000472170282178738,"None"
"rs6431075",2,129876169,"Isoleucine",167.949423071647,47.016850825672,0.000472957027342938,"None"
"rs1261868",1,213075997,"Valine",261.979118689083,73.3417215340759,0.000473085973621954,"None"
"rs13120213",4,25572239,"Valine",-263.054736446118,73.642846373329,0.000473086208884506,"None"
"rs6786265",3,135506746,"Leucine",372.308912822149,104.232748976913,0.000473310073996967,"None"
"rs1594201",23,79050926,"Threonate",163.906828984342,45.8892130634392,0.00047348577809628,"None"
"rs11232103",11,79770063,"X1.palmitoyl.GPC..16.0.",65.5358253481699,18.3484896404871,0.000473595400646564,"None"
"rs2111949",12,107385664,"Glutamate",403.407271210086,112.950223111528,0.000473895083437,"None"
"rs11851219",14,56371433,"Taurocholate",126.260113977627,35.3527990008191,0.000474090934178554,"None"
"rs11601290",11,1622874,"Theobromine",679.749753523676,190.335664185813,0.000474276275403857,"None"
"rs17840679",7,24942603,"Isoleucine",180.122489228783,50.4451760600007,0.000475385118996081,"None"
"rs4072704",2,127300092,"Palmitoylcarnitine..C16.",-476.228029983058,133.373493101399,0.000475424649316529,"None"
"rs41356748",18,22765060,"Erythritol",775.616306353786,217.226576773,0.000475582458752659,"None"
"rs2253351",15,51915071,"Xanthine",639.058535907234,178.983917315868,0.000475683621014824,"None"
"rs17166659",7,131992684,"Valine",469.496642177434,131.506207278047,0.000476240543440057,"None"
"rs3217805",12,4258345,"Tyrosine",80.1712666878811,22.4586347065803,0.000476942354520121,"None"
"rs9752615",2,233677687,"Phenylalanine",1051.20951623456,294.480443183822,0.000476977830005498,"None"
"rs16892888",4,15662277,"Hypoxanthine",553.349154017238,155.03066464114,0.000477685286642175,"None"
"rs16924470",9,813064,"Isovalerylcarnitine..C5.",410.509487337984,115.019320377365,0.000478089839082938,"None"
"rs4972856",2,173353445,"Propionylcarnitine..C3.",923.546154565148,258.769072098919,0.000478175182529445,"None"
"rs4754136",11,105222248,"Leucine",691.143198277884,193.676913111027,0.000478951642811824,"None"
"rs2367987",10,26196388,"Valine",410.844849068831,115.133055157444,0.000479123097470586,"None"
"rs3745836",19,61344404,"N.acetylglycine",324.438720576608,90.9227418563849,0.000479368045823098,"None"
"rs17841422",17,20909727,"Isovalerylcarnitine..C5.",377.018735241481,105.661970329399,0.000479589066532222,"None"
"rs1117815",18,7829378,"Caffeine",-141.077984003737,39.5385000429814,0.000479660847279574,"None"
"rs2071749",22,34113413,"Hypoxanthine",359.496617857953,100.774025437852,0.000480951135017287,"None"
"rs1565124",8,41737370,"Phenylalanine",851.365876208128,238.686748509263,0.000481762398070235,"None"
"rs16942128",17,43119234,"Isovalerylcarnitine..C5.",483.265727586032,135.49031870956,0.000481904502446397,"None"
"rs811053",16,70808789,"Palmitoylcarnitine..C16.",534.556237986015,149.871146629587,0.000481937399478765,"None"
"rs4558072",10,24746710,"Glutamate",663.725483104534,186.092594444533,0.000482160016904128,"None"
"rs16927535",12,24410776,"X1.palmitoyl.GPC..16.0.",70.7694429918657,19.8423407027813,0.000482251019174244,"None"
"rs6544006",2,36398673,"Caffeine",186.68082518593,52.3545286562719,0.000483750901642782,"None"
"rs2346687",17,28625159,"Threonate",162.910596466258,45.7001571190068,0.000485344538102493,"None"
"rs4790055",17,75001008,"Paraxanthine",205.276353874466,57.5858755582828,0.000485466396331864,"None"
"rs12095775",1,206157933,"Isovalerylcarnitine..C5.",297.903400657643,83.5735914573051,0.000485698630512164,"None"
"rs16904685",8,133521984,"N.acetylglycine",238.688003463105,66.9638855491744,0.000485929460201623,"None"
"rs200866",6,5089904,"X1.oleoyl.GPC..18.1.",154.496297491892,43.350905311008,0.00048691343220654,"None"
"rs9944577",18,27006659,"Theobromine",595.491212604036,167.093222505659,0.000486960989655516,"None"
"rs899364",8,11366954,"Glutamate",361.417726502098,101.422762851126,0.000487559069401499,"None"
"rs239626",21,27742729,"Glutamine",121.347219818426,34.0532035774106,0.000487589429606169,"None"
"rs2682836",14,36425923,"Pyridoxate",492.641082252597,138.283555759791,0.000489165035291743,"None"
"rs929551",2,37768434,"Isovalerylcarnitine..C5.",271.595806801079,76.2393247420978,0.00048939190538151,"None"
"rs7903148",10,44723477,"Glutamine",86.3525963669254,24.2442879587257,0.00049049526334495,"None"
"rs16857440",3,184608358,"Taurocholate",116.458103106825,32.7048319764061,0.000492027992781795,"None"
"rs17065995",13,44120314,"Taurocholate",133.998552163867,37.6308445842951,0.000492051396207424,"None"
"rs2526296",16,4113728,"Threonate",331.275082220828,93.0373507964082,0.000492402031982542,"None"
"rs10485607",20,46180705,"N.acetylglycine",331.492187045806,93.1085865526875,0.000493082077203647,"None"
"rs17075936",5,172785526,"Isoleucine",109.34826023517,30.7146233202423,0.00049332204584137,"None"
"rs17125793",1,102177049,"Threonate",333.358315861888,93.6381437323506,0.000493438468632854,"None"
"rs10233689",7,132083737,"Glutamate",327.55699139734,92.0120234682625,0.000493669006430439,"None"
"rs12688752",23,25816165,"Theobromine",680.104870316627,191.052941962385,0.000493955594529494,"None"
"rs16970288",19,40578969,"Phenylalanine",935.167744237082,262.709876878993,0.000494084262686533,"None"
"rs12928035",16,53817889,"Caffeine",261.70617936696,73.5331548495396,0.000495257889798427,"None"
"rs704407",3,64220305,"Gulono.1.4.lactone",397.716928629834,111.777599968116,0.000496850713627872,"None"
"rs9306125",21,45639383,"Gulono.1.4.lactone",405.405100685185,113.950731969568,0.000497526528420928,"None"
"rs17267453",13,92362008,"Gulono.1.4.lactone",634.081317069608,178.227001135092,0.000497535580177554,"None"
"rs13384913",2,69197901,"Caffeine",147.348815280102,41.4171530278962,0.000497607947491007,"None"
"rs10898531",11,86125740,"X1.linoleoyl.GPC..18.2.",40.425478526537,11.3631879909286,0.000497771690880607,"None"
"rs736725",2,10607340,"Palmitoylcarnitine..C16.",465.94724249179,130.994496602442,0.0004987940965588,"None"
"rs2959860",15,74241390,"Glutamate",369.736802406177,103.951621528717,0.000499114072053382,"None"
"rs7786473",7,6266381,"Isoleucine",175.037072712092,49.2160945215579,0.000499667610748115,"None"
"rs10994725",10,62760435,"X1.oleoyl.GPC..18.1.",190.520275927408,53.5704485703551,0.000499767900421989,"None"
"rs2300425",14,53951378,"X1.linoleoyl.GPC..18.2.",67.7684681995699,19.0569610627491,0.000500370677596476,"None"
"rs11236187",11,74042214,"Phenylalanine",582.368903823589,163.766205083969,0.00050037255737052,"None"
"rs2501857",1,210923955,"Phenylalanine",740.006588850167,208.10291535041,0.000500609685747925,"None"
"rs2018572",17,11540523,"Caffeine",132.449778827362,37.2517303395591,0.000501368168365933,"None"
"rs2972277",16,4923531,"Threonate",348.47982669663,98.0228270034458,0.000502152663416732,"None"
"rs4338703",14,39404686,"Hypoxanthine",479.938610902477,135.004956237309,0.000502361210893994,"None"
"rs16980013",19,50959293,"Paraxanthine",213.697231065324,60.11401179427,0.000502546053796081,"None"
"rs12718096",7,204707,"X1.palmitoyl.GPC..16.0.",52.2017517223476,14.6850953484242,0.000502761041861797,"None"
"rs854326",14,24393433,"Caffeine",134.019180849831,37.7024625362435,0.000502920983841222,"None"
"rs16998572",20,51985291,"Glutamine",106.546823063503,29.9789283076953,0.000503975066893878,"None"
"rs17692448",13,58557518,"Phenylalanine",974.873450103958,274.318442651558,0.00050442663618119,"None"
"rs12273158",11,39557415,"Leucine",431.924623237684,121.544696012801,0.000504735249650696,"None"
"rs329920",3,108859730,"Gulono.1.4.lactone",299.51806365434,84.2933008204586,0.000505344579692198,"None"
"rs7792759",7,12278240,"X1.oleoyl.GPC..18.1.",179.426246482676,50.4966114860306,0.00050543493384878,"None"
"rs4721349",7,14574152,"X1.palmitoyl.GPC..16.0.",52.0729662084977,14.6557078143145,0.000505699505819058,"None"
"rs4902046",14,60859258,"Xanthine",996.697900371232,280.540899832529,0.00050625412548361,"None"
"rs17005319",4,83173587,"Isovalerylcarnitine..C5.",430.959197916644,121.309768148965,0.000506646503116493,"None"
"rs8041025",15,96442178,"Palmitoylcarnitine..C16.",685.626443250326,193.001078864114,0.000506829269339903,"None"
"rs2130589",6,124242849,"Propionylcarnitine..C3.",469.101911454018,132.060840562561,0.000507334200413094,"None"
"rs458752",5,178584888,"Hypoxanthine",452.911023093668,127.530429922758,0.000508706252594447,"None"
"rs4894230",2,177584273,"Caffeine",206.322438819916,58.0968253062408,0.000508779341782696,"None"
"rs2603275",2,158226484,"Taurocholate",88.7820176537442,25.0023781372921,0.000509515352871249,"None"
"rs840716",11,4910038,"Tyrosine",143.773821004967,40.4945687475747,0.000510402856501181,"None"
"rs7119153",11,43113886,"Valine",427.92548344488,120.534540335326,0.000510789598370551,"None"
"rs6595716",5,125871789,"Tyrosine",110.609251252974,31.1577705723001,0.000511252164288582,"None"
"rs17725600",4,146246884,"Propionylcarnitine..C3.",854.71911361863,240.781539529703,0.000511616652769052,"None"
"rs4635579",20,38432607,"Phenylalanine",1379.14839952148,388.533245036959,0.000511872232022495,"None"
"rs1979471",18,63985304,"Phenylalanine",1342.74313571637,378.286783962649,0.000512034348258734,"None"
"rs17791867",12,8025936,"Taurocholate",142.582890492253,40.1695156107798,0.0005120483299259,"None"
"rs9293255",5,26985210,"Caffeine",230.778776551285,65.0205127326099,0.000512420576171815,"None"
"rs17447848",2,50267675,"X1.oleoyl.GPC..18.1.",147.153782473993,41.4619212190102,0.000512765504054117,"None"
"rs1363057",2,15775027,"Glutamine",61.1793766707103,17.2394129327715,0.000513345493789954,"None"
"rs10131902",14,101860049,"Erythritol",676.029057260394,190.518317550239,0.00051413993091292,"None"
"rs867878",7,155991039,"Erythritol",681.735053349134,192.130660438201,0.000514282529850842,"None"
"rs563202",11,100375744,"Xanthine",550.225039592143,155.090386061942,0.000515218825554977,"None"
"rs4843344",16,84672330,"Phenylalanine",605.383526495675,170.655070191384,0.000515869738564083,"None"
"rs17036608",12,103947421,"Pyridoxate",477.014170911542,134.476913699642,0.000516281525668812,"None"
"rs9892725",17,7928241,"Valine",291.979557559054,82.3293288788907,0.000517549862446051,"None"
"rs13262643",8,11649688,"Pyridoxate",464.483571073216,130.992712904651,0.000518657148124677,"None"
"rs9505240",6,7558341,"X1.oleoyl.GPC..18.1.",151.630322145637,42.7688093035832,0.00051961288276095,"None"
"rs2920884",2,55156621,"Propionylcarnitine..C3.",850.462298712121,239.89748061124,0.000520051999138026,"None"
"rs12534343",7,156876715,"Glutamate",344.290269757952,97.1208658130654,0.000520307639538644,"None"
"rs7192266",16,80446375,"Tyrosine",113.55781664825,32.0379386902082,0.000521197597355992,"None"
"rs12200467",6,94348563,"Isoleucine",139.591607929571,39.3850195371943,0.000521558855507068,"None"
"rs7943351",11,115140633,"X1.oleoyl.GPC..18.1.",154.050344179805,43.4717400300099,0.00052264281235718,"None"
"rs2412462",15,38088462,"Tyrosine",137.793675715238,38.8865608604162,0.000523029997391293,"None"
"rs7149219",14,91380227,"Theobromine",673.564140089538,190.099866860794,0.000523517772923948,"None"
"rs17158740",7,111123667,"Erythritol",617.548128113448,174.31948703572,0.000524600419578657,"None"
"rs17585022",18,11482362,"Pyridoxate",637.92321996273,180.103451229164,0.000525778427107291,"None"
"rs12003978",9,8198825,"Phenylalanine",873.173125137071,246.527098677659,0.000525938877100252,"None"
"rs12560218",23,142616560,"Leucine",395.684900591524,111.733355671512,0.000526977443285141,"None"
"rs10876402",12,51746148,"X1.oleoyl.GPC..18.1.",85.8839661038229,24.2519329377352,0.000526991027945073,"None"
"rs7162847",15,57405714,"Hypoxanthine",442.090915558832,124.850730342484,0.000527672190079294,"None"
"rs17673975",7,55579663,"Tyrosine",143.409878808758,40.5029478938728,0.000528095277814865,"None"
"rs10092095",8,68703526,"Taurocholate",81.4779093141535,23.0150042638763,0.000529055321572512,"None"
"rs17791867",12,8025936,"Propionylcarnitine..C3.",893.562934191561,252.407797588053,0.000529152570657015,"None"
"rs1166206",16,74146007,"Pyridoxate",311.958565062107,88.1222107151103,0.000529316447915733,"None"
"rs6897944",5,78306219,"Glutamate",345.931112968073,97.7206971596352,0.000529444324682141,"None"
"rs2142531",23,128164145,"Xanthine",586.80045713331,165.770030029327,0.000529726077997197,"None"
"rs739096",22,35071686,"Taurocholate",-70.1354769131434,19.8152464766804,0.000530424235165913,"None"
"rs4750609",10,15304694,"Threonate",155.586887472405,43.9699622491773,0.00053226412008978,"None"
"rs1862084",7,130968433,"Caffeine",126.254945399088,35.6806515676509,0.000532283523375494,"None"
"rs10754855",1,14615310,"Gulono.1.4.lactone",498.180486015146,140.808332415574,0.000533153514186001,"None"
"rs12722729",1,22854653,"X1.linoleoyl.GPC..18.2.",39.2706245249246,11.1000829974326,0.000533408596107337,"None"
"rs9315256",13,33279325,"Leucine",362.703754433556,102.520898700357,0.000533438031716046,"None"
"rs1900474",10,56765406,"Caffeine",111.029955148649,31.3840213459377,0.000533560828787559,"None"
"rs9506337",13,30022678,"Pyridoxate",304.78615372673,86.1522928333157,0.000533609217919145,"None"
"rs4245513",6,121926628,"X1.oleoyl.GPC..18.1.",86.9134948483812,24.567763821867,0.000533712806407078,"None"
"rs6824813",4,85301262,"Palmitoylcarnitine..C16.",-504.017554921415,142.47121533655,0.000533759233559456,"None"
"rs10958335",8,53990521,"Palmitoylcarnitine..C16.",940.003730799595,265.730843748866,0.000534229999358213,"None"
"rs7424620",2,235081722,"X1.oleoyl.GPC..18.1.",108.416346757858,30.6488023276994,0.000534326711883036,"None"
"rs341395",15,58914648,"Theobromine",694.614011251818,196.383338303524,0.000534972262333563,"None"
"rs2239628",14,22668028,"Tyrosine",100.371442028463,28.3805352470943,0.000535724716515561,"None"
"rs1874255",3,28969213,"Phenylalanine",771.335484887104,218.111342012491,0.000536099158857058,"None"
"rs1005297",1,14113283,"Threonate",160.704302443386,45.4458915791563,0.000536590991525156,"None"
"rs7777022",7,36514138,"Theobromine",784.261489896908,221.783639106898,0.00053661378778735,"None"
"rs9327083",5,118064477,"Glutamate",431.341609166368,121.982744710759,0.000536742704330838,"None"
"rs4398055",15,59405071,"Theobromine",534.930262964458,151.278119262181,0.000536771779797579,"None"
"rs17071755",13,79149030,"Xanthine",645.075050837924,182.449044466657,0.000537573572044416,"None"
"rs17031500",4,102770127,"Glutamate",476.83188421938,134.873706765727,0.000538043163106327,"None"
"rs6981446",8,108837566,"Hypoxanthine",763.298978059635,215.910947420227,0.000538318671166855,"None"
"rs6862088",5,26358425,"Tyrosine",127.858640700046,36.1699323232283,0.000538895804055642,"None"
"rs650328",18,64058248,"Xanthine",425.405631575665,120.355123888563,0.000539567240134115,"None"
"rs41373249",2,33499750,"X1.palmitoyl.GPC..16.0.",87.1256925163629,24.6535414041377,0.000540669847337613,"None"
"rs210941",6,135578189,"X1.palmitoyl.GPC..16.0.",-51.8214138360708,14.6639776046432,0.000540815442496341,"None"
"rs7262035",20,1345898,"Gulono.1.4.lactone",638.689159152053,180.742416978223,0.000541246681002693,"None"
"rs200287",16,72745821,"Propionylcarnitine..C3.",497.771256920548,140.87049961183,0.000541550138429457,"None"
"rs2586083",17,53376876,"Theobromine",570.768001095938,161.535796860803,0.00054184176122353,"None"
"rs1643407",2,2068126,"Caffeine",215.402929931252,60.9644226367792,0.000542083801461777,"None"
"rs12670758",7,158302157,"Isoleucine",113.002309373876,31.9826188030267,0.000542112238220189,"None"
"rs16959091",15,45317724,"Gulono.1.4.lactone",557.447399533687,157.772515376171,0.000542123851065524,"None"
"rs4918699",10,113691003,"Xanthine",594.289347580058,168.209080669201,0.000542494656230438,"None"
"rs10036684",5,133832049,"Leucine",347.256789015991,98.2911095064214,0.00054267987695888,"None"
"rs7151313",14,87230613,"Valine",292.938433693987,82.922777857663,0.000543204850347786,"None"
"rs283980",13,75988010,"Xanthine",519.83019296218,147.167183182819,0.000544008555516887,"None"
"rs4964583",12,106365023,"Palmitoylcarnitine..C16.",484.010343687782,137.045482238714,0.000544946717053137,"None"
"rs1772636",1,13820106,"Hypoxanthine",443.844732020428,125.691514630662,0.000545951525152104,"None"
"rs6026565",20,56872703,"Gulono.1.4.lactone",408.465132588541,115.677560438825,0.000546250141195454,"None"
"rs6958729",7,107238447,"Threonate",-171.12504190536,48.4630727218515,0.000546300564304256,"None"
"rs2171302",10,3805292,"Xanthine",717.518195748879,203.205196436054,0.00054637061346577,"None"
"rs1017329",8,40400554,"Pyridoxate",655.042218806438,185.520037800151,0.000546675647826289,"None"
"rs31565",5,135244011,"X1.oleoyl.GPC..18.1.",153.413821984935,43.4502403960752,0.000546771374292842,"None"
"rs17026370",3,3100441,"Taurocholate",107.405769719263,30.4203146621867,0.000546901833598369,"None"
"rs1430103",2,114998655,"Hypoxanthine",458.76367785077,129.936300726212,0.000546985477699571,"None"
"rs11097397",4,95087875,"Xanthine",941.031505156425,266.531564695177,0.000547032302370038,"None"
"rs4885011",13,72010292,"Palmitoylcarnitine..C16.",740.081487456835,209.643521140323,0.000547925378623281,"None"
"rs1562459",11,45593513,"X1.oleoyl.GPC..18.1.",164.789950875635,46.6808141321207,0.00054801554720487,"None"
"rs13231153",7,77770787,"Glutamine",82.250672987216,23.3041783776375,0.000549365646397171,"None"
"rs41363349",11,78175169,"Leucine",412.13404101215,116.771045900296,0.000549402259327735,"None"
"rs17107925",14,69710144,"Propionylcarnitine..C3.",743.863179732608,210.76647595633,0.000549586203210084,"None"
"rs8007174",14,39419448,"Caffeine",-109.039272222589,30.9010794896732,0.00055087077356158,"None"
"rs34905428",16,83002236,"Taurocholate",-64.5005320803274,18.2793809133301,0.000550987723104438,"None"
"rs728395",23,142274697,"Hypoxanthine",415.28811550151,117.710053535384,0.000552018685772436,"None"
"rs6660484",1,91945196,"Isoleucine",90.2537607587458,25.5834792257412,0.000552492617647346,"None"
"rs9384032",6,153058600,"N.acetylglycine",240.78159953676,68.2563388832365,0.000552890849976547,"None"
"rs4712300",6,17639388,"Erythritol",442.357714810037,125.399112296878,0.00055290906862263,"None"
"rs2066012",6,93662174,"X1.palmitoyl.GPC..16.0.",53.9042584958294,15.2811904508094,0.000553117034681787,"None"
"rs10488187",7,42124070,"Erythritol",573.735508907567,162.65455589363,0.00055343706588355,"None"
"rs9355389",6,162543883,"Leucine",674.214795880179,191.170740126001,0.000554515541103209,"None"
"rs11717055",3,194934451,"N.acetylglycine",176.965080781534,50.1779588668015,0.000554551237847917,"None"
"rs11135923",8,26116296,"Tyrosine",-75.1671457768583,21.3147725092914,0.000554979596813632,"None"
"rs6122543",20,45033367,"Taurocholate",77.1417871707389,21.8780688432065,0.000556029231890011,"None"
"rs16959263",16,12346351,"Xanthine",856.914395910399,243.084539506913,0.000557617013081412,"None"
"rs4952923",2,48815501,"Glutamine",82.388155174792,23.3717851523152,0.000557730914225675,"None"
"rs2812533",10,71122291,"N.acetylglycine",287.520645186611,81.5644564686032,0.000557806856391501,"None"
"rs163166",11,2781804,"Erythritol",457.195824811235,129.699339538768,0.000557863706217716,"None"
"rs4527340",3,25861745,"X1.oleoyl.GPC..18.1.",117.536480262886,33.3473468973144,0.000558703545607439,"None"
"rs11627509",14,56298647,"Xanthine",897.696892307941,254.742766641651,0.000560026992313217,"None"
"rs17113768",10,102916068,"Taurocholate",71.7143335443249,20.3519266782099,0.000560462052584237,"None"
"rs2273697",10,101553805,"Erythritol",398.598748938645,113.169432901789,0.000563542463335093,"None"
"rs12455955",18,52568286,"X1.palmitoyl.GPC..16.0.",96.076219023662,27.2857791945186,0.000565574570554326,"None"
"rs956764",3,2801568,"Hypoxanthine",800.776417865021,227.435689802982,0.000566004708462941,"None"
"rs2907358",16,7757930,"Glutamine",117.8316679709,33.4741098517139,0.000567601839474602,"None"
"rs501832",1,37194545,"N.acetylglycine",164.018775240857,46.5960013266873,0.000567731367155553,"None"
"rs16853564",3,144611612,"Xanthine",884.498068600773,251.277655476054,0.000567761824449625,"None"
"rs10824541",10,78856265,"Palmitoylcarnitine..C16.",724.272478859323,205.772273231695,0.000568209538158176,"None"
"rs11631620",15,27679342,"Propionylcarnitine..C3.",536.70140115877,152.541392641313,0.000570946785593819,"None"
"rs6740421",2,208776769,"Glutamine",86.4196482232256,24.5688440703437,0.000572840126698876,"None"
"rs2035911",4,83334209,"Propionylcarnitine..C3.",434.201237718004,123.454336856831,0.000573536860685841,"None"
"rs1379329",8,119235213,"Threonate",176.44090614266,50.1679129901306,0.000573722413829567,"None"
"rs10515070",5,67561331,"Isoleucine",85.9169248395258,24.429491429209,0.000573867293925411,"None"
"rs1882321",3,54789616,"X1.oleoyl.GPC..18.1.",159.301305161683,45.2978494913081,0.000574232581103208,"None"
"rs1380053",3,48202466,"X1.oleoyl.GPC..18.1.",188.548040943447,53.6157400590536,0.000574427550328938,"None"
"rs2056983",22,33942568,"Valine",387.127261564697,110.097736090275,0.000575309136864883,"None"
"rs10988776",9,101151735,"Valine",441.439326260936,125.562243872006,0.000576339172879184,"None"
"rs4750829",10,132437251,"Gulono.1.4.lactone",547.868853916208,155.836280589909,0.000576402808649125,"None"
"rs1038331",23,126076552,"Threonate",181.606404962908,51.6618346469482,0.0005771624558489,"None"
"rs746035",12,103516041,"Leucine",-345.561361943419,98.3154524501402,0.000578106131778444,"None"
"rs8014275",14,89103339,"Pyridoxate",386.948237942296,110.100056344159,0.000578726768480886,"None"
"rs11066595",12,112466905,"X1.oleoyl.GPC..18.1.",172.977093432903,49.2180114060927,0.000578739809299488,"None"
"rs3775572",4,185606446,"Isoleucine",100.845253267779,28.6956825306589,0.000579158063943695,"None"
"rs3787508",20,16656164,"Gulono.1.4.lactone",351.354887549815,99.9841351412066,0.000579549897928569,"None"
"rs13272252",8,134658622,"Palmitoylcarnitine..C16.",834.562482459832,237.489929237858,0.000579570245113261,"None"
"rs3756092",4,185587732,"Glutamine",121.977516600895,34.7112886561209,0.000579645533549771,"None"
"rs17028563",4,153213580,"Erythritol",587.119629612468,167.096789384511,0.000580471868013168,"None"
"rs11125098",2,46948511,"Gulono.1.4.lactone",375.600938225922,106.900022138691,0.00058062925832448,"None"
"rs10487741",7,38298819,"X1.oleoyl.GPC..18.1.",181.543079853979,51.6695630404816,0.000580694095816374,"None"
"rs1046988",1,39991652,"Tyrosine",87.4909826497716,24.9024754531868,0.000581089101758698,"None"
"rs7246955",19,20020751,"Threonate",240.17520836774,68.3637859662337,0.000581395349502085,"None"
"rs6667555",1,224865089,"X1.oleoyl.GPC..18.1.",101.405672122855,28.8659617413243,0.000581818912511988,"None"
"rs518497",12,112587165,"Glutamine",80.3300574466088,22.8689729237037,0.000582553473753974,"None"
"rs10899708",11,79436375,"X1.linoleoyl.GPC..18.2.",52.6617489637452,14.9923028212763,0.000582627048627386,"None"
"rs17087338",4,67133923,"X1.palmitoyl.GPC..16.0.",65.5015763436828,18.6483655673713,0.000582888883601141,"None"
"rs10802554",1,234927416,"Gulono.1.4.lactone",620.444961103477,176.642110538158,0.00058292106913574,"None"
"rs11636093",15,34131083,"Glutamine",76.8745692888467,21.8895240468558,0.000583950054755572,"None"
"rs16959859",16,12543114,"Xanthine",831.921559369914,236.891301455388,0.000584165636022083,"None"
"rs4677062",3,72063128,"Tyrosine",117.481572938264,33.4550896361892,0.000584588569165516,"None"
"rs662035",11,74282566,"Glutamine",122.597237129635,34.9146005861973,0.000585147441082106,"None"
"rs10989904",9,104030215,"Pyridoxate",429.282222212868,122.267619228914,0.000585842053238292,"None"
"rs16911914",9,124373314,"Leucine",605.223971065793,172.394182085698,0.000586467658089806,"None"
"rs5996834",22,23813921,"Theobromine",491.372669131052,139.973150330176,0.000586917537246608,"None"
"rs1806139",5,9210051,"Glutamine",121.792611577078,34.6985531835651,0.000587854076351484,"None"
"rs952167",2,51833045,"Leucine",379.760239677733,108.214302531468,0.000589256717273709,"None"
"rs9285472",6,132754000,"Valine",412.986837197179,117.682916065217,0.000589290506648708,"None"
"rs16892666",4,15559707,"Gulono.1.4.lactone",392.517863015173,111.868945775987,0.000590499544021776,"None"
"rs7863152",9,115953817,"Threonate",222.308006307706,63.360719178287,0.000590746469301937,"None"
"rs1293927",6,154679085,"Gulono.1.4.lactone",390.531872416856,111.322971092445,0.000591798453310206,"None"
"rs3752199",19,9128319,"X1.oleoyl.GPC..18.1.",168.156417027504,47.9414544555675,0.000592954386963966,"None"
"rs2884078",6,119427883,"Taurocholate",-63.3255302596573,18.0541381110953,0.000592957133037071,"None"
"rs9993195",4,40703747,"X1.linoleoyl.GPC..18.2.",43.9006369380397,12.5165348125342,0.00059321311149963,"None"
"rs7333854",13,26257496,"Caffeine",210.377273948288,59.9854407596156,0.000593775560939536,"None"
"rs10196155",2,41954589,"N.acetylglycine",175.03830139563,49.9123383929197,0.000594239253446274,"None"
"rs10210199",2,46258349,"N.acetylglycine",213.827570679264,60.9731504814594,0.000594241036348131,"None"
"rs7103810",11,6511941,"Xanthine",674.647347475909,192.395780596239,0.000594972219783539,"None"
"rs6553184",4,189387650,"Erythritol",-329.906562072072,94.0914578174194,0.000595649403318331,"None"
"rs601063",1,108456996,"Valine",431.593659297854,123.09555864375,0.000595784604819356,"None"
"rs17824785",21,39869222,"Glutamine",100.426163888111,28.6432038837553,0.000595908258107054,"None"
"rs1520807",12,79807718,"Palmitoylcarnitine..C16.",632.890055079075,180.514566258923,0.000596063177083693,"None"
"rs4860771",4,67249699,"Valine",295.037169869453,84.1581388233631,0.000596655866707082,"None"
"rs6885758",5,117954515,"Xanthine",418.759554509405,119.45204224609,0.000596814319750381,"None"
"rs11258711",10,13974968,"Hypoxanthine",-376.476669915875,107.398525590699,0.000597340473252563,"None"
"rs428786",16,64474981,"Theobromine",666.883674824769,190.252746446078,0.000597685827965049,"None"
"rs7113047",11,118613322,"Taurocholate",-79.107439146333,22.5712136185131,0.000598637987225095,"None"
"rs11767243",7,46917385,"Propionylcarnitine..C3.",520.169235413024,148.417774239047,0.000598699558625419,"None"
"rs17091453",14,22932214,"Pyridoxate",674.801950184203,192.56119664172,0.000599559924361925,"None"
"rs1676235",14,76088319,"Hypoxanthine",482.823827158359,137.791837838592,0.000600272459206589,"None"
"rs7315599",12,4193511,"Threonate",152.798982502369,43.6070133458748,0.000600290672897175,"None"
"rs7470",12,26278710,"Gulono.1.4.lactone",520.427566046535,148.528133737606,0.000600501987129778,"None"
"rs930875",5,174692518,"X1.palmitoyl.GPC..16.0.",57.0140031877667,16.2727665156335,0.000601031344667616,"None"
"rs11838565",13,21353862,"Threonate",256.295501325523,73.1546395901663,0.000601385887407478,"None"
"rs12589946",14,75744526,"Threonate",-172.891099615535,49.3487192231123,0.000601425632732319,"None"
"rs2111565",8,129298882,"X1.oleoyl.GPC..18.1.",96.1674801556127,27.4529584901928,0.000602398622633837,"None"
"rs10263050",7,106380844,"Leucine",433.303616132911,123.71116967167,0.000603339402545138,"None"
"rs4688632",3,65975330,"X1.linoleoyl.GPC..18.2.",35.6658822544558,10.1837100082382,0.000603955965653273,"None"
"rs11183932",12,46072842,"Palmitoylcarnitine..C16.",518.29880374591,147.995352218852,0.000604206749317282,"None"
"rs4301066",4,162193855,"Leucine",557.516920438745,159.194895510575,0.000604261181312449,"None"
"rs9520372",13,87812863,"Propionylcarnitine..C3.",871.686385339824,248.915226519819,0.000604601792291465,"None"
"rs1109861",10,11286275,"Threonate",156.383290557858,44.6580744986133,0.000604914276832637,"None"
"rs12972158",19,50850313,"X1.palmitoyl.GPC..16.0.",75.2061258668958,21.4790871680116,0.0006058121698725,"None"
"rs12308292",12,96653524,"X1.linoleoyl.GPC..18.2.",32.0184191522591,9.1463574341714,0.000607267324800613,"None"
"rs11137472",9,90781500,"X1.oleoyl.GPC..18.1.",102.558798746114,29.298855193276,0.000607768049080477,"None"
"rs4801882",19,56818865,"Xanthine",-437.011159196193,124.845243561222,0.000607797790069415,"None"
"rs7032141",9,121293819,"N.acetylglycine",367.411575644315,104.978770563596,0.000608975662434424,"None"
"rs9819403",3,99728408,"Taurocholate",112.737789559628,32.2143617261853,0.000609510441635612,"None"
"rs722219",7,140434682,"Propionylcarnitine..C3.",431.092041063899,123.202207451553,0.000610679125472564,"None"
"rs7562271",2,102668769,"Erythritol",651.170159433933,186.100001032674,0.000610737223103596,"None"
"rs3654",9,86620311,"Xanthine",725.728439517663,207.421779830998,0.000611221366310077,"None"
"rs2216548",5,79615132,"Propionylcarnitine..C3.",489.821841229571,140.002990556619,0.000611545440009886,"None"
"rs7021834",9,73083905,"Pyridoxate",545.550273181071,155.947611324851,0.000612311808076638,"None"
"rs3904316",9,115486443,"Erythritol",712.723383544796,203.753719585051,0.000613007103994985,"None"
"rs11680066",2,171275171,"Valine",278.520813244471,79.6257214027906,0.000613198867956711,"None"
"rs2845573",11,61358484,"Valine",525.509784482298,150.256225326045,0.000614158547269288,"None"
"rs17560266",5,73929865,"Leucine",430.004712995493,122.950680731698,0.000614262480944702,"None"
"rs10902606",15,97034517,"Erythritol",584.346363542451,167.088573437242,0.00061458332385574,"None"
"rs34783763",1,43530349,"Hypoxanthine",475.426240713881,135.955019639754,0.000615196664534743,"None"
"rs17286513",4,183067922,"Valine",374.812176066135,107.184035191162,0.00061527082722739,"None"
"rs2009701",1,186431820,"Palmitoylcarnitine..C16.",562.393979012704,160.831718127731,0.000615522347765063,"None"
"rs824883",5,157978533,"Erythritol",364.576504753241,104.260857745523,0.00061554948095223,"None"
"rs6564741",16,78734009,"Taurocholate",74.2755496046224,21.2451546899021,0.000616951013187205,"None"
"rs10802801",1,237969464,"Leucine",320.058565121363,91.5480493469551,0.000617047828619677,"None"
"rs10904098",10,3834216,"X1.palmitoyl.GPC..16.0.",61.1014146200932,17.4776617639533,0.000617261995905125,"None"
"rs891974",5,170835385,"Hypoxanthine",548.590065880404,156.925122167899,0.000617477039085581,"None"
"rs4551738",11,38668393,"Leucine",763.150304642752,218.303430094347,0.000617579506820259,"None"
"rs10483284",14,23471589,"Hypoxanthine",612.370887847579,175.172729892761,0.000617605107866924,"None"
"rs16994534",20,8167584,"Propionylcarnitine..C3.",538.29509526924,153.983407924851,0.00061763171369492,"None"
"rs16884681",6,21327854,"Erythritol",568.621093461818,162.675435300551,0.000618417111142941,"None"
"rs648262",12,119794445,"N.acetylglycine",338.610253875297,96.8761802625198,0.000618726104235955,"None"
"rs1146358",1,116459291,"X1.oleoyl.GPC..18.1.",184.967971217245,52.9205301407239,0.000618911871811786,"None"
"rs12113884",7,88376429,"Pyridoxate",544.917019774949,155.91728506547,0.000619538341699837,"None"
"rs2487372",6,40587968,"Leucine",624.143736709773,178.609130043123,0.000620492745674039,"None"
"rs9817921",3,178133543,"Propionylcarnitine..C3.",604.424132653804,172.969781235638,0.000620655582689759,"None"
"rs16895471",8,98368525,"X1.palmitoyl.GPC..16.0.",108.339538373151,31.0065540735859,0.000621315539777139,"None"
"rs17774599",19,37272555,"X1.palmitoyl.GPC..16.0.",70.2876652804177,20.1169184218804,0.000621589774114385,"None"
"rs586197",11,125365265,"Caffeine",-111.786520469605,31.9946271879242,0.000621681334496944,"None"
"rs4709063",6,165146624,"Leucine",-364.165949653932,104.23411444859,0.000622079186298834,"None"
"rs8084536",18,72356779,"Valine",-294.821176819005,84.3951941441325,0.000622921361587926,"None"
"rs10491339",5,130124583,"Threonate",347.676738708386,99.5274947832463,0.000623067267541936,"None"
"rs17153404",10,127365853,"Pyridoxate",472.951619718532,135.39167249425,0.00062320281648153,"None"
"rs4871309",8,123893335,"Xanthine",660.458086749223,189.072872060204,0.000623354464789659,"None"
"rs6963262",7,157520348,"Glutamine",63.6695596708703,18.2286775966174,0.000624039082248356,"None"
"rs10509208",10,65959288,"Propionylcarnitine..C3.",696.738724625514,199.479333255734,0.000624119857410286,"None"
"rs10491090",17,9988337,"Leucine",422.578641291342,121.034662472376,0.000627159145629967,"None"
"rs35592604",1,75775641,"Palmitoylcarnitine..C16.",818.170594409805,234.346685811284,0.000627381635778552,"None"
"rs10259713",7,63983257,"Valine",564.027663735147,161.569462555233,0.000628149970337368,"None"
"rs949317",18,20373827,"X1.oleoyl.GPC..18.1.",87.5982741770645,25.0939108162603,0.000628393712150963,"None"
"rs17059161",6,99658886,"Glutamine",88.5853614537262,25.3777279415459,0.000628708471091433,"None"
"rs917037",7,14991857,"Xanthine",630.285625360863,180.591088187793,0.000629902801136668,"None"
"rs874494",10,80190041,"Propionylcarnitine..C3.",799.386638073884,229.059762258626,0.000630482087194615,"None"
"rs12716970",16,81842454,"N.acetylglycine",204.654612113648,58.650250473406,0.000631473182972146,"None"
"rs4280104",13,89121196,"X1.palmitoyl.GPC..16.0.",116.171260384213,33.3022615114891,0.000633703793949267,"None"
"rs17074928",5,171928800,"Glutamine",125.100862880472,35.8672715527655,0.000634815703563989,"None"
"rs17087912",5,97281350,"Gulono.1.4.lactone",553.475995385321,158.732488927694,0.000637097331969339,"None"
"rs1304551",18,48566472,"Erythritol",527.68547302382,151.339165482988,0.000637259618530712,"None"
"rs3827062",20,45077870,"Palmitoylcarnitine..C16.",558.529552519289,160.188715073303,0.00063742909619989,"None"
"rs17070045",13,57298460,"N.acetylglycine",352.611058696774,101.148253100347,0.00063878957287633,"None"
"rs261337",15,56522741,"Taurocholate",99.499865618215,28.5440552104613,0.000639335199171393,"None"
"rs2864246",5,132691563,"Gulono.1.4.lactone",388.799034277522,111.536889042752,0.000639338238330982,"None"
"rs17025692",1,110712796,"Leucine",529.82761363147,151.999664802096,0.000639599314908498,"None"
"rs10492298",12,67202400,"Theobromine",431.802178587116,123.87780961293,0.000639610822073838,"None"
"rs1705236",12,69831825,"Erythritol",591.271337317665,169.653053202693,0.000640787764628615,"None"
"rs10777085",12,86909836,"Hypoxanthine",426.749106359889,122.452737311035,0.000641162127630225,"None"
"rs6589937",11,122006372,"Xanthine",774.58455601239,222.262042423169,0.000641172633125404,"None"
"rs552989",9,100177716,"N.acetylglycine",222.121161870562,63.736926802947,0.000641256626627032,"None"
"rs2266790",23,119475769,"Glutamine",53.8847214867526,15.4626354182909,0.00064155400226339,"None"
"rs7009652",8,4440793,"Erythritol",456.415107251905,130.981165254699,0.000642106009941589,"None"
"rs2278602",15,64791388,"N.acetylglycine",231.88786528028,66.5546783820474,0.000643029058725822,"None"
"rs11139986",9,85043773,"Glutamine",132.994051809948,38.1734031206733,0.000643530863361233,"None"
"rs6739145",2,170769029,"N.acetylglycine",284.482686804357,81.6657823158926,0.000644525378677088,"None"
"rs523243",18,72843573,"Taurocholate",84.1457659127053,24.1568847465131,0.000644961572325667,"None"
"rs939980",15,27951766,"N.acetylglycine",295.819207375296,84.9258809108448,0.000645051654017437,"None"
"rs4367331",5,99350191,"N.acetylglycine",296.363602740143,85.0951669551338,0.000646240260750765,"None"
"rs4486516",10,23614656,"Valine",533.110771208505,153.126330824517,0.000648977808424482,"None"
"rs13378800",13,112050266,"Propionylcarnitine..C3.",902.374735737,259.253648646891,0.000650879385508471,"None"
"rs7700625",5,132972611,"Threonate",251.366298029746,72.2213474005581,0.000651250917427118,"None"
"rs1985101",22,48077278,"Erythritol",531.021213918552,152.599624612346,0.00065275161559306,"None"
"rs1935385",23,67841517,"Hypoxanthine",-308.217979923235,88.572856897221,0.00065277131440017,"None"
"rs10035816",5,22106389,"X1.palmitoyl.GPC..16.0.",55.6392851531884,15.9944158361833,0.00065538311135191,"None"
"rs7045959",9,4257787,"Xanthine",481.135097246273,138.348035495565,0.000657547963501091,"None"
"rs17055486",8,26505328,"Glutamine",99.6671111672191,28.660414707842,0.000657996565882205,"None"
"rs7779747",7,50458852,"Leucine",537.910167561013,154.714261185892,0.000659637158389745,"None"
"rs1464435",4,141268056,"Threonate",209.678580848817,60.3094138913474,0.000659827794902542,"None"
"rs329476",5,170072766,"X1.oleoyl.GPC..18.1.",85.1494980619364,24.4919123556079,0.000660002414288824,"None"
"rs5916033",23,5195649,"Glutamine",81.1043639272969,23.3284478214343,0.000660020974782315,"None"
"rs11071740",15,61382704,"Caffeine",229.132603345322,65.9076093766697,0.000660149681804553,"None"
"rs16890610",8,41441493,"Propionylcarnitine..C3.",684.459568529364,196.90855947914,0.000661394770025542,"None"
"rs7844799",8,57796311,"Theobromine",400.987813140847,115.363679975966,0.000661781382202711,"None"
"rs16878386",5,7178022,"Gulono.1.4.lactone",461.198559870355,132.70780967668,0.00066307465416465,"None"
"rs13126860",4,165630506,"X1.palmitoyl.GPC..16.0.",80.9436821264413,23.2917838835622,0.000663281020214082,"None"
"rs8136803",22,31567112,"Threonate",221.694249905514,63.7990849795274,0.000664018933616465,"None"
"rs4909852",8,136041106,"Xanthine",439.598201117571,126.513062423864,0.000664375814438877,"None"
"rs1469223",2,105929808,"Xanthine",796.320081811868,229.180410505226,0.000664566117056745,"None"
"rs17642500",10,53548412,"Xanthine",514.944787769703,148.223416459104,0.000665785242027401,"None"
"rs1595031",15,34246427,"Hypoxanthine",432.173813530474,124.418373240034,0.000667072422517885,"None"
"rs877087",15,31661567,"Xanthine",430.033889204434,123.807119647336,0.00066738327518094,"None"
"rs16956455",15,29095670,"Gulono.1.4.lactone",318.327624909027,91.6565414653088,0.000668235298943221,"None"
"rs2387578",20,25044494,"Caffeine",164.54125720082,47.3820339611751,0.000669153887349371,"None"
"rs6446597",4,7465127,"Taurocholate",72.2045103126893,20.7987424332879,0.000671630799229935,"None"
"rs7009874",8,62811901,"Leucine",454.020502825142,130.782167659009,0.000671636659736095,"None"
"rs3920500",6,23577670,"Threonate",-174.996019048959,50.4088239426186,0.00067173544986593,"None"
"rs4727761",7,78299816,"X1.linoleoyl.GPC..18.2.",61.9735723396256,17.8531988568353,0.000672312392571927,"None"
"rs17051320",4,122338731,"Hypoxanthine",378.850358712929,109.147703902158,0.000673006237534267,"None"
"rs2604296",11,113764863,"Erythritol",337.199214133885,97.1651806048778,0.000674440915536749,"None"
"rs848998",3,190209965,"Caffeine",233.857506591492,67.3907668333856,0.000674905562529975,"None"
"rs2973214",4,37118185,"Hypoxanthine",508.35722982317,146.494024039449,0.000674939452785794,"None"
"rs1868686",16,52886075,"Glutamine",95.4424702337921,27.5068842733706,0.000675848647218333,"None"
"rs6947609",7,106187342,"Caffeine",188.804521119208,54.4196290475194,0.000676658789282517,"None"
"rs6538168",12,87995975,"X1.palmitoyl.GPC..16.0.",103.286867324942,29.7714219035656,0.000676869287988478,"None"
"rs802891",23,7109978,"Gulono.1.4.lactone",460.447716912351,132.724738956641,0.000677188079931471,"None"
"rs11865087",16,4185910,"Caffeine",-98.6244310716392,28.4291132127994,0.000677323331921451,"None"
"rs11158905",14,24319662,"Leucine",316.094649418526,91.1277968433843,0.00067834926675401,"None"
"rs668204",11,112654852,"Taurocholate",129.127279052972,37.2277228498674,0.000678624939053662,"None"
"rs8032013",15,76405847,"Valine",300.388641201599,86.60959356202,0.000679261326225564,"None"
"rs9408754",9,9311951,"X1.linoleoyl.GPC..18.2.",36.0173996607015,10.3850711388127,0.000679535078516368,"None"
"rs7197247",16,13804258,"Xanthine",547.496744217717,157.86342786399,0.000679588750006031,"None"
"rs10882951",10,99268440,"Valine",263.200995636122,75.8945897906996,0.00068002509678117,"None"
"rs6972063",7,284803,"Xanthine",426.851840782763,123.104604984653,0.000681409565770024,"None"
"rs1475377",13,50755648,"X1.oleoyl.GPC..18.1.",160.39015121326,46.2578304860175,0.000681605163095341,"None"
"rs10947441",6,33897559,"Glutamine",74.0327941455884,21.3543891164265,0.000682646482506826,"None"
"rs2059816",19,57613718,"Gulono.1.4.lactone",345.635374047516,99.6976320281609,0.000682715041261824,"None"
"rs6763613",3,63127947,"Palmitoylcarnitine..C16.",719.626663951868,207.589333277481,0.000683300277955954,"None"
"rs9518187",13,100320971,"Gulono.1.4.lactone",-285.317542301788,82.3118823951707,0.000683982764574445,"None"
"rs17777143",16,80088604,"Xanthine",399.023565545782,115.117150658405,0.000684122585722213,"None"
"rs4801988",19,58703196,"Palmitoylcarnitine..C16.",595.897242642162,171.918254073623,0.000684294489187047,"None"
"rs17513268",17,56677825,"Erythritol",437.5714668525,126.249875402267,0.000684885013252992,"None"
"rs9831545",3,148056737,"X1.palmitoyl.GPC..16.0.",49.9040205862365,14.4022777239529,0.0006870302161147,"None"
"rs12525198",6,165587554,"Threonate",179.18906509204,51.7166374692085,0.000687467421103803,"None"
"rs2843130",1,2273173,"Pyridoxate",585.837863205299,169.085285369756,0.000687648961789507,"None"
"rs16989065",23,30393173,"X1.oleoyl.GPC..18.1.",161.361027784126,46.5749371999357,0.000688126560888913,"None"
"rs9688110",5,150943995,"X1.oleoyl.GPC..18.1.",89.6653987676229,25.8820247798424,0.000688500114113954,"None"
"rs387653",8,78655139,"Pyridoxate",519.381036076608,149.93686079469,0.00068942748492637,"None"
"rs245013",5,80082832,"Threonate",-179.48856864267,51.8161907941146,0.000689548094018867,"None"
"rs1543035",7,47487375,"Taurocholate",85.1781034363188,24.591421308463,0.000690059569159582,"None"
"rs4350155",1,73684008,"Theobromine",706.527138871012,204.003532905082,0.000691068767678933,"None"
"rs17033",4,100447968,"Caffeine",186.552577831746,53.8738425176133,0.000692358443845416,"None"
"rs723787",6,89142871,"Theobromine",573.913411106314,165.773628767849,0.000694117353022988,"None"
"rs2033481",19,19478134,"Pyridoxate",539.797051521076,155.995120075378,0.000698157721959869,"None"
"rs10507858",13,76267797,"Leucine",615.14470914,177.783353713214,0.00069879583085917,"None"
"rs4443010",2,111185609,"Xanthine",457.105593932206,132.121844542191,0.000699645400584515,"None"
"rs11033888",11,36945063,"Xanthine",535.253895161953,154.7222569151,0.000700314757700856,"None"
"rs12523364",5,153694738,"Gulono.1.4.lactone",342.761757721391,99.086087609777,0.000700840518411022,"None"
"rs11128623",3,12914829,"Threonate",304.534257339786,88.045880133654,0.000701851438147143,"None"
"rs4945515",6,114873301,"X1.linoleoyl.GPC..18.2.",43.0682915752614,12.4532582783552,0.000702861671826739,"None"
"rs10077199",5,53244145,"Gulono.1.4.lactone",288.744478988797,83.5025293888897,0.000704029912919915,"None"
"rs889201",16,19961872,"X1.oleoyl.GPC..18.1.",91.8681116468226,26.5711429448192,0.000705178809745905,"None"
"rs4611855",3,31822364,"Valine",-271.534685672523,78.536410149727,0.000705184332321175,"None"
"rs17031461",2,105635831,"Pyridoxate",580.738733123231,167.970844813753,0.000705326967473931,"None"
"rs11026144",11,21622692,"Xanthine",639.640711981559,185.015239284986,0.00070568049306353,"None"
"rs2868093",20,42397212,"Gulono.1.4.lactone",310.751762081681,89.8856890807477,0.000705787769418038,"None"
"rs6839324",4,113459978,"N.acetylglycine",311.270883209154,90.0378168949295,0.0007059715960065,"None"
"rs9808529",2,229676462,"Threonate",-146.603280352445,42.4063909759663,0.000705994159952405,"None"
"rs16968925",17,29163440,"Threonate",275.255144678805,79.620574880591,0.000706037463884106,"None"
"rs1041168",10,122208645,"Caffeine",117.898767834724,34.109028179345,0.000707396643819492,"None"
"rs10519833",15,31681787,"Glutamine",95.7932218359005,27.714598305201,0.000707662651647366,"None"
"rs31675",7,86907694,"Hypoxanthine",664.081012456569,192.142847779268,0.000708231672551535,"None"
"rs17126228",8,18018469,"Leucine",690.693219651499,199.859817503371,0.000708952106931483,"None"
"rs16829853",3,120648340,"N.acetylglycine",316.834804366117,91.6825204165962,0.000709211597533804,"None"
"rs7425090",2,85815654,"Leucine",393.949940686899,114.043567571843,0.000712637622186016,"None"
"rs11236190",11,74044403,"X1.palmitoyl.GPC..16.0.",87.6379902104766,25.3783731087729,0.000715403043527471,"None"
"rs6475265",9,18859492,"Valine",295.231571105818,85.502174189566,0.000716244401124749,"None"
"rs2622248",7,153161341,"Pyridoxate",426.975686200895,123.662883863687,0.000716672613194,"None"
"rs2485917",1,52884998,"Theobromine",582.444847783784,168.727687507123,0.000718542029653415,"None"
"rs5956023",23,117240442,"Leucine",610.366319413395,176.825126969947,0.000718971551053935,"None"
"rs228219",20,46235227,"Caffeine",176.840733065907,51.2324330404474,0.00071915340726686,"None"
"rs2784034",9,138810559,"Pyridoxate",391.994250518333,113.57837301823,0.000720200725458901,"None"
"rs34183248",5,86992824,"Taurocholate",157.038089995857,45.5022405945678,0.000720433518224139,"None"
"rs9993561",4,150165797,"X1.linoleoyl.GPC..18.2.",51.257999650448,14.8521698687832,0.000720442883610039,"None"
"rs2553014",2,173472638,"X1.linoleoyl.GPC..18.2.",66.8662201826871,19.377378258569,0.00072162416587678,"None"
"rs518457",9,134376336,"Threonate",188.744861707318,54.6978331325636,0.000721757021741955,"None"
"rs312258",23,2668316,"Caffeine",142.165466832813,41.1994528126016,0.000721803298489056,"None"
"rs17614056",8,87836535,"X1.linoleoyl.GPC..18.2.",51.7986732075675,15.0118147012337,0.000722142900241885,"None"
"rs237270",17,12278259,"Caffeine",230.769213486296,66.8909235478532,0.000723618324564047,"None"
"rs4801923",19,57791570,"X1.linoleoyl.GPC..18.2.",34.8456768676613,10.1016659785545,0.000724700959742473,"None"
"rs28924694",8,107828733,"Erythritol",493.45374948421,143.06419232329,0.000725500233017973,"None"
"rs6586637",8,17627431,"Hypoxanthine",502.071669770349,145.590389636564,0.00072713491073027,"None"
"rs17091955",10,116253976,"Leucine",448.832400022771,130.170476702351,0.000728351656567276,"None"
"rs17768474",5,128769447,"Glutamine",121.509130814231,35.2610037558464,0.000733480733963971,"None"
"rs2647517",1,77663242,"Leucine",705.236087909859,204.66222451405,0.000733828599168864,"None"
"rs7660379",4,63385930,"X1.linoleoyl.GPC..18.2.",35.5038501161771,10.303886076444,0.000734277166285729,"None"
"rs4256290",4,75762711,"X1.palmitoyl.GPC..16.0.",63.7569495213042,18.5069585620363,0.000735917239749292,"None"
"rs4301066",4,162193855,"Threonate",263.554309570722,76.5139274874967,0.000737177557564505,"None"
"rs2423190",20,7237832,"X1.palmitoyl.GPC..16.0.",78.2699450148904,22.7268803093754,0.000738672322576386,"None"
"rs331386",5,91038184,"Leucine",646.663918412889,187.772192086854,0.000738830154211003,"None"
"rs16849574",2,165119448,"Hypoxanthine",532.6459179225,154.672028423497,0.000739243047137394,"None"
"rs3853779",12,105139218,"Caffeine",163.104033701476,47.3703900238729,0.000740633744360709,"None"
"rs10423790",19,23450692,"N.acetylglycine",262.515504063183,76.255981764148,0.000742180444486084,"None"
"rs663346",2,137003410,"Palmitoylcarnitine..C16.",507.452839324104,147.418821811074,0.000742953614592211,"None"
"rs12498408",4,189559538,"Erythritol",-325.823196854827,94.6580376640268,0.000743322314963524,"None"
"rs3823669",7,141476756,"Valine",381.399362670128,110.805181879262,0.000743415518073551,"None"
"rs932485",14,57497425,"Valine",278.502146524187,80.911868740124,0.0007434878199023,"None"
"rs12590638",14,71284543,"X1.palmitoyl.GPC..16.0.",59.7400671999891,17.3563469541604,0.000743668375466884,"None"
"rs11121472",1,9655808,"Leucine",-353.003206470133,102.566239276445,0.000744339168256557,"None"
"rs10828685",10,25015623,"Taurocholate",106.423918688435,30.9262339331709,0.000745594729860531,"None"
"rs1035061",17,63077525,"Palmitoylcarnitine..C16.",552.95170539991,160.718686461005,0.000747448336114431,"None"
"rs4618585",7,18037725,"Threonate",-155.825853026016,45.2924307517272,0.000747589340328358,"None"
"rs6681725",1,153063686,"Leucine",371.127185043278,107.874034824614,0.000747752627642051,"None"
"rs12258384",10,109577855,"X1.linoleoyl.GPC..18.2.",73.4266353207852,21.3461554069197,0.000749213995903619,"None"
"rs17216035",3,6456625,"X1.linoleoyl.GPC..18.2.",46.867216675796,13.6255737563747,0.000749612819050266,"None"
"rs17194924",8,131074319,"N.acetylglycine",212.82558820248,61.8856836261587,0.00075125735333631,"None"
"rs7283567",21,40546468,"Valine",537.293829231887,156.241491933998,0.000751628072084066,"None"
"rs2178739",2,10949444,"Caffeine",118.124767135099,34.352679717836,0.000752345108875459,"None"
"rs11623367",14,88994586,"Theobromine",665.497041341057,193.548905738609,0.000752854431213129,"None"
"rs17115735",14,44538511,"N.acetylglycine",216.52335032987,62.9733384767243,0.000753005385907839,"None"
"rs728149",23,30583790,"Caffeine",208.769922879733,60.7242235743737,0.000753865283221699,"None"
"rs4803149",19,58801283,"Valine",335.515016072057,97.5906452166055,0.000753910030347419,"None"
"rs4527692",6,21268426,"X1.palmitoyl.GPC..16.0.",54.1800282663214,15.7602250802662,0.000754461694197047,"None"
"rs351572",8,16065839,"Pyridoxate",295.697227571887,86.0183282704008,0.000754882555293747,"None"
"rs3099844",6,31556955,"Caffeine",222.052210789365,64.6011648400984,0.0007557328341212,"None"
"rs2018267",14,44262123,"N.acetylglycine",-187.627102082972,54.5882138997801,0.000756103222364585,"None"
"rs1041736",21,31195196,"Pyridoxate",419.361838223394,122.019608638816,0.000756870615191368,"None"
"rs9620019",22,40791382,"Caffeine",219.321296538413,63.8186839610646,0.000757410945597211,"None"
"rs2002284",9,115948274,"N.acetylglycine",211.929280908942,61.7064910849079,0.000763031892883478,"None"
"rs11797927",23,134545034,"Leucine",403.791826339793,117.577503350178,0.000763586409841741,"None"
"rs7214739",17,9006660,"Xanthine",459.016900635377,133.678102094662,0.000764929149502841,"None"
"rs536715",11,220368,"Erythritol",473.950810874139,138.027900956076,0.000764970945637265,"None"
"rs7947255",11,20291471,"Pyridoxate",678.985419224893,197.80393089713,0.000767892955264398,"None"
"rs17181606",13,35335744,"Taurocholate",99.2382723782839,28.913669528473,0.00076892306539081,"None"
"rs4920853",5,85336583,"Taurocholate",66.9258386698662,19.5029590715343,0.000770644394794146,"None"
"rs9881576",3,33966185,"Xanthine",494.556736635081,144.120736176463,0.000770720734250327,"None"
"rs2554702",8,3757879,"Palmitoylcarnitine..C16.",-448.584077228603,130.728413494288,0.000771049846547432,"None"
"rs10812869",9,28738803,"Leucine",374.466502226034,109.143587851372,0.000772283302879475,"None"
"rs17355696",18,72307127,"Erythritol",459.195939999413,133.841178334248,0.00077241819176431,"None"
"rs3781708",11,34461235,"Xanthine",698.09935583985,203.474712142041,0.000772449381871412,"None"
"rs8123854",20,48331773,"X1.palmitoyl.GPC..16.0.",68.806809630484,20.0551185574289,0.000772462055042522,"None"
"rs7315599",12,4193511,"Caffeine",105.273443369276,30.6857833655553,0.00077297539219672,"None"
"rs17636399",2,105224251,"Threonate",-162.523475054913,47.3905850441414,0.000776274159420738,"None"
"rs883326",11,110765412,"N.acetylglycine",178.379678246729,52.0159155607295,0.000776586697694241,"None"
"rs474881",18,30860044,"Valine",-288.487424023367,84.1248964911927,0.000776729072771156,"None"
"rs1321792",6,83250088,"Caffeine",184.405886471454,53.7768514836218,0.000777210405718814,"None"
"rs11080330",17,30601007,"X1.palmitoyl.GPC..16.0.",75.3943214928171,21.9867769514271,0.000777259573243557,"None"
"rs10512188",9,89459034,"N.acetylglycine",295.877554894534,86.30637539386,0.000779528138290547,"None"
"rs6713317",2,128026101,"N.acetylglycine",238.849228018055,69.6759818228613,0.000780126013079623,"None"
"rs10504378",8,65556040,"Leucine",610.514917727238,178.142397864712,0.000782482670749754,"None"
"rs282237",16,55145971,"Caffeine",107.910098156191,31.4876889413286,0.000782644955619466,"None"
"rs529154",13,22643015,"Pyridoxate",498.245340501537,145.397675158761,0.000783395318957227,"None"
"rs1535426",10,115325413,"Taurocholate",69.0991843087098,20.1708784738968,0.000786309726073257,"None"
"rs17771890",13,96309340,"X1.linoleoyl.GPC..18.2.",56.4223257846976,16.4711007612397,0.000786728512518474,"None"
"rs9599779",13,70578186,"Valine",292.710317731391,85.468669314159,0.000788794117928845,"None"
"rs4972939",2,230732762,"Valine",292.075062208616,85.2864464841477,0.000789147736884764,"None"
"rs4736745",8,132232756,"X1.linoleoyl.GPC..18.2.",-41.8099146635817,12.2089951600537,0.000789468900776175,"None"
"rs4253662",22,44951408,"Valine",469.052709199375,136.974598615908,0.00078984654548947,"None"
"rs7598853",2,119659323,"Theobromine",495.976676451842,144.840181980286,0.000790047056631327,"None"
"rs10973511",9,3771571,"Theobromine",336.332157192323,98.2269599226764,0.000790781834722232,"None"
"rs16853541",1,202609835,"Erythritol",682.468791999253,199.321508666883,0.00079097484960225,"None"
"rs6118724",20,9694345,"Leucine",289.539944085534,84.5693644553334,0.000791682834573696,"None"
"rs7653602",3,8572771,"Valine",-326.373487068759,95.3308617234715,0.000791982857232102,"None"
"rs12465573",2,52349303,"Valine",283.262620949124,82.7415092196183,0.00079231403443021,"None"
"rs759359",2,40182609,"Erythritol",458.22120775128,133.862869182179,0.000793398194470938,"None"
"rs769818",11,39691590,"Caffeine",188.938239829647,55.1989501508937,0.000793954039022735,"None"
"rs1958673",14,83435164,"Theobromine",652.279622782154,190.581231430232,0.000794710357373856,"None"
"rs1534891",22,37025045,"N.acetylglycine",209.033690284333,61.0809984148392,0.000795641976220127,"None"
"rs12103645",17,6661940,"Threonate",169.556267121433,49.5470878830952,0.000795951441674609,"None"
"rs1473626",17,32795906,"Pyridoxate",333.2332179261,97.3765211286498,0.000795987447354363,"None"
"rs2051408",18,72989671,"Theobromine",323.289165095529,94.4742732029847,0.000796339769787731,"None"
"rs41398449",7,89544542,"Threonate",184.707993467218,53.992104121835,0.000798961436657333,"None"
"rs2098242",2,47810323,"Taurocholate",124.996027577966,36.5380698797166,0.000799065222336806,"None"
"rs1381096",3,153964066,"N.acetylglycine",208.184772083954,60.8666054797038,0.000800802130631587,"None"
"rs6703372",1,170049334,"Threonate",310.634307571517,90.8642987499311,0.000805416135584923,"None"
"rs1015020",21,23255899,"Valine",322.207041847947,94.2498584572152,0.000805455495242628,"None"
"rs9824249",3,136402192,"Leucine",314.864530504211,92.119980997988,0.000807284204298903,"None"
"rs4718593",7,66642263,"N.acetylglycine",-217.714457405923,63.6993575296851,0.000807667698406267,"None"
"rs6952791",7,106070388,"Threonate",301.53723520178,88.2324689307689,0.000808529261595409,"None"
"rs12486724",3,69859328,"Xanthine",607.014581344944,177.633723163304,0.000809372284476139,"None"
"rs800410",4,24391952,"X1.linoleoyl.GPC..18.2.",61.7371160002431,18.0672999459034,0.000809820509071809,"None"
"rs4686765",3,187557742,"N.acetylglycine",167.057201067316,48.8895976959219,0.000809914999849232,"None"
"rs11035274",11,39413566,"X1.palmitoyl.GPC..16.0.",77.6970674783181,22.7396412326197,0.000810517865398024,"None"
"rs7771018",6,56195873,"N.acetylglycine",261.555120014074,76.5574024983536,0.000811497051909061,"None"
"rs10841930",12,22105053,"Valine",388.820712155532,113.808629993827,0.000811537126298738,"None"
"rs1835933",5,171066664,"Xanthine",-452.564564596983,132.469517583898,0.00081174633755297,"None"
"rs468969",21,27113787,"Xanthine",597.578895755852,174.918724063381,0.000811869225741662,"None"
"rs16897153",8,123611948,"Xanthine",544.682092723321,159.47474726355,0.000814220290396533,"None"
"rs4910821",11,5563215,"N.acetylglycine",153.274695247601,44.8790568449586,0.000814754129663616,"None"
"rs2693443",8,59829240,"N.acetylglycine",346.056962687455,101.333128934482,0.000815423101158464,"None"
"rs1532391",4,161460361,"Threonate",163.106834581121,47.7629748161639,0.00081575878902437,"None"
"rs16955991",17,6479398,"Valine",455.972391886831,133.52831964231,0.000816100716620579,"None"
"rs12711736",2,112659541,"Valine",270.467928414464,79.2256672351254,0.00081862717228977,"None"
"rs1503513",5,63019387,"Erythritol",543.907409960621,159.353212117493,0.000820509769566017,"None"
"rs41340552",5,120426097,"Xanthine",718.202664195455,210.449735137167,0.000821951397836512,"None"
"rs16861918",2,14660925,"X1.linoleoyl.GPC..18.2.",66.9774232760944,19.6271279250534,0.000822544863466468,"None"
"rs164658",8,28497485,"Taurocholate",-75.5374774156911,22.1361215436927,0.00082278141334526,"None"
"rs34067394",5,88643460,"Pyridoxate",567.404256969737,166.281684067815,0.000823062886857799,"None"
"rs9453519",6,66705009,"Threonate",173.728306870656,50.9145535919817,0.000823493451977302,"None"
"rs11984152",7,13143371,"Caffeine",251.569021918536,73.733281633983,0.000824266685151495,"None"
"rs1033166",15,43794093,"Taurocholate",65.8144580020694,19.2909095323333,0.000824818448165232,"None"
"rs10784054",12,59108711,"Palmitoylcarnitine..C16.",610.949992833569,179.129098038122,0.000827673101136486,"None"
"rs17059517",6,131117948,"Erythritol",743.02427214675,217.878665201239,0.00082880839937205,"None"
"rs10490066",2,60262883,"Leucine",405.720668740627,118.973849009269,0.000829089477180534,"None"
"rs6901560",6,37039972,"X1.linoleoyl.GPC..18.2.",44.7154069133477,13.1134634932026,0.000829884848926905,"None"
"rs11069200",12,117880391,"Pyridoxate",542.406390416322,159.094187970258,0.000831424231597439,"None"
"rs11132435",4,188404658,"Pyridoxate",657.698103008454,192.945088462096,0.000833151543590624,"None"
"rs4720246",7,37402913,"Xanthine",541.853604699451,158.962195008123,0.000833257245632288,"None"
"rs6804911",3,34940769,"Erythritol",389.632661417427,114.305529775283,0.000833257283125024,"None"
"rs8000837",13,37460315,"X1.linoleoyl.GPC..18.2.",43.7177156723671,12.8264847330369,0.00083411081866949,"None"
"rs1569893",23,130968018,"Theobromine",306.306949995202,89.8750333622519,0.000834825085658323,"None"
"rs5754554",22,32173347,"Leucine",597.737790223069,175.400006706985,0.000835643740081702,"None"
"rs2239032",12,2207399,"X1.linoleoyl.GPC..18.2.",56.6425035222698,16.6223476269994,0.000836336821404692,"None"
"rs4954117",2,134662338,"X1.linoleoyl.GPC..18.2.",55.955873269956,16.4214580962841,0.000836697049732493,"None"
"rs2025017",1,234379501,"X1.linoleoyl.GPC..18.2.",-31.7293990670196,9.31516741869846,0.00084034241149782,"None"
"rs7643047",3,77100942,"Palmitoylcarnitine..C16.",539.064874586061,158.261234123904,0.00084044777775407,"None"
"rs10177911",2,136759546,"X1.palmitoyl.GPC..16.0.",54.6833458642993,16.0554083879326,0.000841183207291605,"None"
"rs11465990",12,64928743,"X1.palmitoyl.GPC..16.0.",110.925684251333,32.5746414697663,0.000843009375925825,"None"
"rs10897863",11,81106803,"X1.palmitoyl.GPC..16.0.",99.1161754814478,29.1077826211938,0.000843393217102518,"None"
"rs11101506",10,49682645,"Taurocholate",115.978852364604,34.0666663745989,0.000845336037215377,"None"
"rs12494658",3,85957166,"Erythritol",-370.420711431087,108.82268409944,0.000846991211021218,"None"
"rs12482483",21,42771181,"Theobromine",442.149922283143,129.910276260817,0.000848116243721377,"None"
"rs2051315",18,55859343,"X1.palmitoyl.GPC..16.0.",61.5852805197582,18.0952796681701,0.000848442419605585,"None"
"rs1631395",3,25594939,"N.acetylglycine",244.067841610375,71.7197809269083,0.00084934802572682,"None"
"rs6568041",23,111551850,"Pyridoxate",487.625117077136,143.290984324365,0.000849447752941493,"None"
"rs1034496",3,109422474,"Theobromine",524.545811799961,154.144055763561,0.000849686874822255,"None"
"rs1843755",2,172723356,"Pyridoxate",291.115682326721,85.5615098779517,0.00085126169748221,"None"
"rs485305",10,116038035,"Threonate",251.361917741655,73.8911763950776,0.000853083963190141,"None"
"rs16823642",1,162224077,"Pyridoxate",531.07777770604,156.122953236031,0.000853436914379839,"None"
"rs16995010",20,48036030,"N.acetylglycine",175.043656448259,51.4603120348194,0.000853832772144087,"None"
"rs11618706",13,104068682,"N.acetylglycine",281.972370800228,82.9146424176741,0.000856078470452587,"None"
"rs7995586",13,72675349,"N.acetylglycine",155.671580142117,45.7760454779841,0.000856175615397939,"None"
"rs4834733",4,120126850,"Leucine",-315.437016580389,92.7709235213503,0.000857779026770164,"None"
"rs254240",5,164916776,"Caffeine",174.625733524607,51.3592854434941,0.000858041753917548,"None"
"rs9555504",13,108216859,"X1.palmitoyl.GPC..16.0.",111.864102400313,32.9021567501953,0.000858564752954672,"None"
"rs3857946",8,125675435,"N.acetylglycine",227.992620000591,67.0633800520336,0.000859273869072868,"None"
"rs131838",22,35573166,"X1.palmitoyl.GPC..16.0.",86.0873199696448,25.3270789717827,0.000861133750543713,"None"
"rs17601458",4,19892167,"Taurocholate",74.1021446994761,21.8010860233318,0.000861166601676703,"None"
"rs11681430",2,130142009,"Erythritol",693.933258981066,204.174459130376,0.000861999866104419,"None"
"rs17087338",4,67133923,"Taurocholate",82.3990070101602,24.2450589459663,0.000862402430508923,"None"
"rs6101100",20,58853508,"Theobromine",-469.731391080355,138.223597148802,0.000863121499210891,"None"
"rs17021644",3,28695157,"Caffeine",192.514084444458,56.6644403761473,0.000865775641438835,"None"
"rs2090572",11,36688579,"X1.palmitoyl.GPC..16.0.",62.4763933862096,18.3921978513088,0.000867378142864635,"None"
"rs11210774",1,43223316,"Pyridoxate",294.754964118626,86.7861117605483,0.00086902564762904,"None"
"rs16866627",2,8280720,"Theobromine",573.708617810012,168.92193371787,0.000869154181347575,"None"
"rs2300833",14,32275893,"X1.palmitoyl.GPC..16.0.",-56.9688228035059,16.7815483696808,0.000873784844601108,"None"
"rs2858638",22,48034940,"Taurocholate",122.277465619698,36.0198686142986,0.000873805994155478,"None"
"rs4539561",15,71223975,"Xanthine",787.184991802377,231.937882246141,0.000876108997077785,"None"
"rs12519633",5,121967053,"Leucine",344.84463429105,101.634592121967,0.000878976599636082,"None"
"rs3848668",20,61763716,"Threonate",295.252611803301,87.0227697320902,0.000879468032221156,"None"
"rs602529",12,50503362,"N.acetylglycine",211.732534920885,62.4218225456631,0.000882029319466551,"None"
"rs4662999",2,130333425,"Taurocholate",77.5645691019034,22.8671943100729,0.000882044521664528,"None"
"rs9633679",10,108412110,"Erythritol",404.680748083747,119.341830710134,0.000885103509813125,"None"
"rs723118",20,9764249,"Palmitoylcarnitine..C16.",-479.891319152448,141.523180299324,0.000885209825070003,"None"
"rs11048032",12,25484683,"Pyridoxate",403.249035517546,118.937741978306,0.000886656892424305,"None"
"rs2810034",1,240673011,"Caffeine",-113.884705913789,33.5947381338881,0.000888055112342762,"None"
"rs41485444",4,181531743,"X1.palmitoyl.GPC..16.0.",90.2811526787783,26.6346419098157,0.000889088144422649,"None"
"rs4731454",7,127850930,"Taurocholate",69.5977162692971,20.5344472208894,0.00088998906163058,"None"
"rs6749884",2,171613556,"Taurocholate",104.327231049321,30.7926960235558,0.000893812447820448,"None"
"rs13074118",3,141565477,"N.acetylglycine",-200.131915816545,59.0715423929742,0.000894094406998293,"None"
"rs1671163",19,60282483,"N.acetylglycine",232.15928672413,68.5285020338694,0.000894643690133089,"None"
"rs13119095",4,14522132,"Leucine",535.938463598523,158.22751026735,0.000896583128383311,"None"
"rs7930503",11,70560036,"Caffeine",99.6349837017462,29.4160173495898,0.000896700508684697,"None"
"rs7133162",12,128471867,"Theobromine",-381.273289476635,112.589540914828,0.000898828019614802,"None"
"rs16841729",1,157357722,"Taurocholate",127.126587594437,37.5448233849029,0.000900064255208927,"None"
"rs17029494",4,154162849,"Threonate",178.92756730225,52.8449469758562,0.000900362375371312,"None"
"rs6958939",7,135158784,"Pyridoxate",384.624366784523,113.604393791261,0.00090112691153371,"None"
"rs879931",18,33272274,"X1.palmitoyl.GPC..16.0.",67.598308982966,19.9695097015017,0.000902871887561231,"None"
"rs6535489",4,84758200,"Caffeine",109.825725102707,32.4485370045644,0.000904291007144899,"None"
"rs2963296",5,175864376,"Threonate",218.382810528599,64.5288315046323,0.000905349540375447,"None"
"rs12592037",15,35623271,"Theobromine",506.759744898822,149.752431489784,0.000906220493705997,"None"
"rs512828",15,51335471,"Palmitoylcarnitine..C16.",587.65958437082,173.71015244294,0.000909277326131235,"None"
"rs10119298",9,33319369,"Erythritol",669.120800324779,197.835523163904,0.000911687832079152,"None"
"rs2290755",4,81433140,"Palmitoylcarnitine..C16.",884.648963877072,261.635653009028,0.000914726603654777,"None"
"rs5977655",23,131160751,"Taurocholate",71.1151909956087,21.0336139126934,0.000915343207724139,"None"
"rs1168987",14,35467431,"Caffeine",130.22275670265,38.5171453075461,0.000915721807502354,"None"
"rs4666050",2,28347213,"N.acetylglycine",170.078691520323,50.3124389074668,0.000917128702863885,"None"
"rs9476497",6,14205281,"Erythritol",544.583457001457,161.09826206286,0.000917151573199772,"None"
"rs3091400",22,49405984,"N.acetylglycine",-172.960426847971,51.1653431926909,0.000917217605170524,"None"
"rs7672897",4,97747763,"Taurocholate",70.2445534100469,20.7923027820737,0.000923538683727715,"None"
"rs16958000",13,100370870,"Taurocholate",121.661046837517,36.0116610102181,0.000923579260766066,"None"
"rs9575337",13,83036907,"Taurocholate",118.629605256612,35.1226826938866,0.000926085798672916,"None"
"rs3771105",2,65177593,"Taurocholate",139.642545639963,41.3561705464327,0.000929208196134196,"None"
"rs11714847",3,181932452,"Theobromine",520.561088552628,154.231747337349,0.000933603502062771,"None"
"rs448281",5,36672974,"Pyridoxate",441.153927476022,130.710250587481,0.00093403095903185,"None"
"rs253239",5,65580365,"Palmitoylcarnitine..C16.",747.891008138775,221.613275306863,0.000934963074994011,"None"
"rs7649045",3,198004275,"N.acetylglycine",165.095963755322,48.9222290797726,0.000935265748555445,"None"
"rs7585775",2,77431845,"N.acetylglycine",272.779897678869,80.8321024070456,0.000935308293416129,"None"
"rs10502890",18,43716165,"Theobromine",-334.984269037097,99.2675069249027,0.000935583261305693,"None"
"rs2339414",2,22536274,"Palmitoylcarnitine..C16.",877.675331526571,260.362527159968,0.000946993644312139,"None"
"rs3129303",6,33081856,"Caffeine",207.251537772519,61.4826871514032,0.000947254214972232,"None"
"rs7627969",3,55608782,"Caffeine",-102.671528259718,30.470768992246,0.000951691643493023,"None"
"rs12704383",7,87573306,"N.acetylglycine",279.234753064351,82.8746097347247,0.000952156518367201,"None"
"rs869902",4,26107611,"Theobromine",643.05424357048,190.916994887251,0.000955778323846852,"None"
"rs8018826",14,20141227,"Caffeine",127.382821490963,37.8515566548754,0.00096522494280859,"None"
"rs7797180",7,122768084,"Threonate",171.256467100677,50.9029087923856,0.000968326544939841,"None"
"rs9955123",18,59963069,"Caffeine",143.450901972369,42.653691012013,0.000972324381709388,"None"
"rs16855429",2,169079727,"Leucine",689.420920462759,205.011833046935,0.00097336939835975,"None"
"rs2797520",1,111000728,"Caffeine",-101.918682619146,30.3094111472686,0.000974112457459229,"None"
"rs6741857",2,105566366,"N.acetylglycine",278.624087057597,82.8879548056666,0.000977909833782812,"None"
"rs10790431",11,120660280,"Caffeine",202.245819664479,60.1667705946456,0.000978021665621638,"None"
"rs16943126",17,10073055,"Threonate",228.704570575134,68.044490395989,0.000979067737051101,"None"
"rs1105599",3,190539458,"Threonate",-175.999158161936,52.3868080871643,0.000984013585796889,"None"
"rs17675767",10,114226814,"Threonate",246.495194915697,73.3730063820189,0.000984437137904669,"None"
"rs6880887",5,7282253,"Palmitoylcarnitine..C16.",663.08439900557,197.468457764826,0.000989608049380928,"None"
"rs7811039",7,8420206,"Caffeine",178.751668487782,53.268845318292,0.000997216892082232,"None"
"rs16919588",8,54914244,"Palmitoylcarnitine..C16.",800.675983950232,238.607056068488,0.000997302545653285,"None"
"rs7170871",15,93334690,"Caffeine",158.067345671206,47.1141071531894,0.000999440295199652,"None"
"rs9858042",3,10629539,"Caffeine",206.254672565975,61.5044511183448,0.00100449189819798,"None"
"rs7287070",22,43819195,"Leucine",328.046941764384,97.9026510734059,0.00101381295653211,"None"
"rs10952689",7,146833830,"N.acetylglycine",159.712208115565,47.6785712065814,0.0010171495932786,"None"
"rs139677",22,23578855,"Caffeine",148.225530047666,44.270131075321,0.00102250812150205,"None"
"rs1528198",3,62379876,"Caffeine",106.935340117904,31.9478412044137,0.00102602323918125,"None"
"rs10026641",4,183668861,"Palmitoylcarnitine..C16.",797.188535690067,238.189979704212,0.00102714469122353,"None"
"rs7704706",5,12672289,"Theobromine",405.943208561239,121.351420996577,0.00103293423967487,"None"
"rs9547641",13,36150922,"Theobromine",579.590549840979,173.265945193919,0.00103326381762344,"None"
"rs1545457",2,2623573,"Leucine",484.8662643674,144.961559835344,0.00103430601821135,"None"
"rs1819031",5,45802610,"N.acetylglycine",318.688968606121,95.2845213520718,0.00103496012207752,"None"
"rs12944684",17,44864485,"Leucine",413.512613509298,123.665758741919,0.00103778437155591,"None"
"rs6625561",23,69141924,"Theobromine",316.65267519078,94.7087781568855,0.0010390291234704,"None"
"rs6843505",4,59766908,"Palmitoylcarnitine..C16.",635.66027737849,190.132402867653,0.00103967367648177,"None"
"rs705326",7,98030127,"N.acetylglycine",-155.346135947043,46.4787323537603,0.00104297693061965,"None"
"rs12379497",9,91910030,"Palmitoylcarnitine..C16.",868.575781095197,259.92005611209,0.0010450873843827,"None"
"rs2529489",7,110947132,"Theobromine",352.793104250917,105.573764500848,0.00104519112749081,"None"
"rs6075279",20,17975258,"N.acetylglycine",-164.941617856055,49.3598710655446,0.00104540295194119,"None"
"rs3767604",1,111769000,"N.acetylglycine",343.581725002893,102.845092326779,0.00104836955671554,"None"
"rs12232355",15,47619670,"Caffeine",-153.095968017707,45.8590957083972,0.00105673889822447,"None"
"rs4467100",16,60838470,"Palmitoylcarnitine..C16.",795.540200315544,238.32410390621,0.00105794112920185,"None"
"rs16854844",4,42420508,"N.acetylglycine",331.115185579678,99.2406661870614,0.00106353699807978,"None"
"rs1346474",5,4273728,"Leucine",450.410500093735,135.143329429641,0.00107663108628178,"None"
"rs4667729",2,164755339,"Theobromine",414.561041428377,124.460557829422,0.00108376832534413,"None"
"rs325369",18,36524196,"N.acetylglycine",260.600489190622,78.2441384339852,0.00108469631738937,"None"
"rs10011287",4,189376215,"Palmitoylcarnitine..C16.",532.177220236611,159.813641596483,0.00108695384773141,"None"
"rs980125",16,25397686,"Theobromine",-356.198611634444,107.004724531947,0.00109123449996588,"None"
"rs1696819",10,123452441,"Palmitoylcarnitine..C16.",663.283035594849,199.402425602427,0.00110024685809012,"None"
"rs4753534",11,93438521,"Caffeine",103.543521215295,31.1293963082414,0.0011007042102862,"None"
"rs8051275",16,24769228,"Threonate",212.763667174229,64.0004790830334,0.00110743266406055,"None"
"rs2824280",21,17642038,"Theobromine",516.174150019875,155.344945613976,0.00111354433517521,"None"
"rs4265212",8,49747511,"Threonate",198.406325793878,59.7664382106902,0.00112501255355119,"None"
"rs1159317",18,53138592,"Threonate",-171.915656821411,51.8043635181276,0.0011293007644819,"None"
"rs7917753",10,132358402,"Theobromine",543.696703559347,163.855873946126,0.00113086938380917,"None"
"rs1467242",9,110953275,"Caffeine",167.847357100156,50.589273767483,0.00113198411399168,"None"
"rs4750975",10,130217479,"Threonate",226.56869841723,68.3105640160652,0.00113614909260086,"None"
"rs6683126",1,38453613,"Caffeine",109.036317825635,32.8931576406171,0.00114330543546856,"None"
"rs7550262",1,228315362,"Theobromine",-374.900016000934,113.147875970362,0.00114904071948954,"None"
"rs6591267",11,67183373,"Caffeine",196.983890489332,59.4544115138856,0.00114969665935944,"None"
"rs1276367",20,55028093,"Palmitoylcarnitine..C16.",456.579074944132,137.832365862618,0.00115209272425945,"None"
"rs13429146",2,40561570,"Caffeine",-103.444722407582,31.2333769938592,0.00115430409634654,"None"
"rs5961748",23,5535198,"Palmitoylcarnitine..C16.",782.409378201926,236.278938374176,0.00115666490554771,"None"
"rs7191434",16,6544183,"Caffeine",214.356813750326,64.7697298584722,0.00116385313111248,"None"
"rs11939527",4,5812267,"Caffeine",116.704509715124,35.2770412309708,0.00116887880181766,"None"
"rs4112793",6,102185383,"Threonate",210.5901831757,63.6926121617417,0.00117620826227772,"None"
"rs12551572",9,123904206,"Theobromine",407.318023526869,123.22181834692,0.00117928468669707,"None"
"rs907946",17,6261243,"Caffeine",103.337009212197,31.2615429950175,0.0011793007187438,"None"
"rs11609958",12,3980221,"Theobromine",-342.412354078235,103.604787344702,0.00118157032048392,"None"
"rs4333550",8,129455617,"Threonate",293.230392969609,88.7295881299497,0.00118244128158933,"None"
"rs8074321",17,12537074,"Threonate",154.959593821156,46.8937704517303,0.00118355605762146,"None"
"rs2326366",6,3923256,"Caffeine",-105.94049822647,32.0740049428072,0.00118939888109981,"None"
"rs7863362",9,125735813,"Caffeine",221.433222696456,67.0614376255401,0.00119358631850758,"None"
"rs1890788",1,18029451,"Caffeine",182.676315670478,55.3356542501011,0.00119638870494,"None"
"rs1401086",3,117839660,"Threonate",230.058094115812,69.7059134387619,0.00119969907841108,"None"
"rs6720045",2,16304725,"Caffeine",131.548890924005,39.8589381669129,0.001199894035264,"None"
"rs7825551",8,143567923,"Threonate",209.032269813789,63.3439294909659,0.00120150620574219,"None"
"rs6088323",20,31919527,"Caffeine",-148.666390417994,45.0627028097128,0.00120493425295216,"None"
"rs2446121",8,87950657,"Threonate",294.412599345328,89.298524959537,0.00121358681986509,"None"
"rs470801",8,102624236,"Caffeine",120.171318625458,36.5369317855907,0.00124588745145875,"None"
"rs439660",9,4723368,"Caffeine",157.875550871656,48.0240501857337,0.0012525589004798,"None"
"rs6902339",6,160167239,"Caffeine",-100.998743314975,30.7522121748251,0.00126571186887844,"None"
"rs2826075",21,20490119,"Caffeine",173.127243799346,52.7219229340541,0.00126778885193238,"None"
"rs9903086",17,37203042,"Theobromine",540.523682787605,164.790156821238,0.00128345622218868,"None"
"rs11720677",3,127627436,"Caffeine",152.185994618206,46.4118553150063,0.00128788187292786,"None"
"rs12440502",15,77131379,"Theobromine",703.789943791941,214.868016089619,0.00130322936205081,"None"
"rs17770271",12,3602801,"Theobromine",466.634835494255,142.979301805231,0.00135502137163232,"None"
"rs6007995",22,45676257,"Theobromine",746.021354491104,228.672712269865,0.00136064261895703,"None"
"rs2856206",17,15421834,"Theobromine",385.590533225459,118.225586335237,0.00136476082153349,"None"
"rs10483477",14,36381267,"Theobromine",709.619771074161,217.900795048124,0.00138680446611748,"None"
"rs2975373",8,3675325,"Theobromine",594.030756558881,183.240754147494,0.00145601860100838,"None"
"rs4240941",1,228230255,"Theobromine",760.520616402107,234.987571802006,0.00148192067041015,"None"
"rs3106407",23,79881121,"Theobromine",-292.478671335251,90.4423417236999,0.00149440705563164,"None"
"rs12196205",6,49920891,"Theobromine",539.372458310523,167.348176253039,0.00154823116077582,"None"
"rs2211915",8,102725187,"Theobromine",709.616863696646,220.215804094179,0.00155170181828081,"None"
"rs719423",7,7321640,"Theobromine",-307.803758971272,95.5238411939742,0.00155220236092025,"None"
"rs2181926",9,29414847,"Theobromine",361.803234213997,112.285376209534,0.00155268768110162,"None"
"rs5935266",23,12132128,"Theobromine",308.40652532857,95.7186001146076,0.00155351696933457,"None"
"rs4244022",1,59936797,"Theobromine",-326.818854473441,101.798790636433,0.00161330473413765,"None"
"rs1953454",14,83146134,"Theobromine",-311.625203054905,97.0759862969103,0.00161500467002158,"None"
"rs6539278",12,105482994,"Theobromine",447.943056789452,139.668802425072,0.0016305229442202,"None"
"rs253239",5,65580365,"Theobromine",532.016156648909,165.906642808276,0.00163296930106358,"None"
"rs2017870",5,162905004,"Theobromine",389.632092584485,121.535451031073,0.00163726499236607,"None"
