"SNP","CHR","BP","Metabolite","Beta","SE","P","Covariates"
"rs10112030",8,6668233,"Glycochenodeoxycholate",2014.95274741121,250.158328778431,2.83897014363743e-13,"Sex, PC1-PC10, GRM (mixed model)"
"rs9875609",3,117385410,"Paraxanthine",741.940713974077,112.903688715145,8.65105252370237e-10,"Sex, PC1-PC10, GRM (mixed model)"
"rs10506868",10,114309370,"Uridine",2295.25531931368,356.074492381558,1.64717058865845e-09,"Sex, PC1-PC10, GRM (mixed model)"
"rs9311665",3,58015066,"alpha.Hydroxybutyrate",416.4713398892,66.5783276432911,4.32958208455052e-09,"Sex, PC1-PC10, GRM (mixed model)"
"rs34919777",18,50571002,"Tyrosine",290.533509381184,46.6855892829128,5.08873971666273e-09,"Sex, PC1-PC10, GRM (mixed model)"
"rs10936743",3,174256037,"Propionylcarnitine..C3.",1564.40606877377,253.829638294502,6.8698027615864e-09,"Sex, PC1-PC10, GRM (mixed model)"
"rs9986893",7,12930530,"Propionylcarnitine..C3.",1032.54588885422,167.676740582464,7.05238359082554e-09,"Sex, PC1-PC10, GRM (mixed model)"
"rs2678298",2,153100954,"alpha.Hydroxybutyrate",353.465453050925,57.7561109943815,8.52109847568019e-09,"Sex, PC1-PC10, GRM (mixed model)"
"rs16989065",23,30393173,"Glycochenodeoxycholate",1461.52057638649,241.395764610135,1.17903332979245e-08,"Sex, PC1-PC10, GRM (mixed model)"
"rs7203791",16,50593116,"alpha.Hydroxybutyrate",405.841761153172,67.0996049523374,1.21517452027059e-08,"Sex, PC1-PC10, GRM (mixed model)"
"rs6509019",19,47782093,"alpha.Hydroxybutyrate",432.34794615026,71.5309540599048,1.24027941877318e-08,"Sex, PC1-PC10, GRM (mixed model)"
"rs12881307",14,99539809,"Hexanoylcarnitine..C6.",341.156159569701,56.5679170923393,1.32438864172668e-08,"Sex, PC1-PC10, GRM (mixed model)"
"rs12327670",19,37494099,"Paraxanthine",606.533613627743,101.231346173513,1.6075354977811e-08,"Sex, PC1-PC10, GRM (mixed model)"
"rs6729316",2,216441026,"Hexanoylcarnitine..C6.",379.355205271202,63.404900832212,1.67609298461833e-08,"Sex, PC1-PC10, GRM (mixed model)"
"rs7722362",5,51408289,"Hippurate",411.048051759046,69.339516648804,2.1944071810465e-08,"Sex, PC1-PC10, GRM (mixed model)"
"rs2275753",1,203894696,"Glycine",882.664448597865,149.370593438091,2.40559763702507e-08,"Sex, PC1-PC10, GRM (mixed model)"
"rs11083366",18,25587760,"Glycochenodeoxycholate",1618.08477557918,274.505182559107,2.58393856393808e-08,"Sex, PC1-PC10, GRM (mixed model)"
"rs17121392",14,85178188,"Uridine",2355.28099120083,403.900687126681,3.51224826463023e-08,"Sex, PC1-PC10, GRM (mixed model)"
"rs17067210",13,76584034,"Xanthine",1194.78865731915,206.585186208282,4.42475142899488e-08,"Sex, PC1-PC10, GRM (mixed model)"
"rs11200847",10,85845432,"Paraxanthine",613.502648939815,106.789900646395,5.32643061214582e-08,"Sex, PC1-PC10, GRM (mixed model)"
"rs17801149",20,58286392,"Isovalerylcarnitine..C5.",536.794716296528,94.3188639713488,6.88689736431389e-08,"Sex, PC1-PC10, GRM (mixed model)"
"rs13438707",7,77491157,"alpha.Hydroxybutyrate",381.855673612358,67.3224835090908,7.54871673654346e-08,"Sex, PC1-PC10, GRM (mixed model)"
"rs11783611",8,6542023,"N.acetylglycine",252.061344486322,44.6739565466582,8.69826992984168e-08,"Sex, PC1-PC10, GRM (mixed model)"
"rs6985032",8,130740930,"Linoleate..18.2.",970.21904679605,172.110804367243,8.91010369530883e-08,"Sex, PC1-PC10, GRM (mixed model)"
"rs1353302",8,108878544,"Linoleate..18.2.",935.121546214421,165.971286275588,9.03532617124124e-08,"Sex, PC1-PC10, GRM (mixed model)"
"rs4635207",13,31290752,"Linoleate..18.2.",1308.04680292178,232.306012479116,9.18800531923116e-08,"Sex, PC1-PC10, GRM (mixed model)"
"rs7052616",23,43228260,"Hexanoylcarnitine..C6.",297.464718974887,52.8295457523115,9.19040576914835e-08,"Sex, PC1-PC10, GRM (mixed model)"
"rs12053941",3,191164935,"Uridine",2541.14794564142,455.91319974816,1.20288988372032e-07,"Sex, PC1-PC10, GRM (mixed model)"
"rs2322732",11,126661942,"Isovalerylcarnitine..C5.",575.514256598668,103.351524955053,1.23298809753862e-07,"Sex, PC1-PC10, GRM (mixed model)"
"rs307238",11,13451340,"Glycine",842.349878532732,151.295024198296,1.23831418757703e-07,"Sex, PC1-PC10, GRM (mixed model)"
"rs2487372",6,40587968,"alpha.Hydroxybutyrate",313.013201435622,56.2442032511228,1.25207751036262e-07,"Sex, PC1-PC10, GRM (mixed model)"
"rs12461154",19,9934324,"Tyrosine",201.741322456436,36.2827629008454,1.28192105599847e-07,"Sex, PC1-PC10, GRM (mixed model)"
"rs12438191",15,76990629,"Isovalerylcarnitine..C5.",527.882064248973,94.9796006763123,1.29652637153814e-07,"Sex, PC1-PC10, GRM (mixed model)"
"rs17098586",10,120996217,"Paraxanthine",733.290807021855,132.148720848154,1.35176498112124e-07,"Sex, PC1-PC10, GRM (mixed model)"
"rs17023457",1,119677253,"Glycine",949.851308916621,171.391014130935,1.396790573086e-07,"Sex, PC1-PC10, GRM (mixed model)"
"rs11173546",12,38461138,"Paraxanthine",567.275813643873,102.443120772656,1.42692837825709e-07,"Sex, PC1-PC10, GRM (mixed model)"
"rs17817461",8,13314065,"Gulono.1.4.lactone",903.429965043206,163.852582439772,1.59549024898605e-07,"Sex, PC1-PC10, GRM (mixed model)"
"rs10494137",1,111928822,"Glycine",752.628641159013,136.58918320556,1.62196668294521e-07,"Sex, PC1-PC10, GRM (mixed model)"
"rs12514249",5,31738040,"Paraxanthine",585.030108673325,106.906104928992,1.93538611157238e-07,"Sex, PC1-PC10, GRM (mixed model)"
"rs135290",22,46851964,"Hypoxanthine",976.145744814352,178.495493192297,1.96844982106367e-07,"Sex, PC1-PC10, GRM (mixed model)"
"rs4725805",7,148650645,"Paraxanthine",644.873346939002,117.920352890741,1.96865246045001e-07,"Sex, PC1-PC10, GRM (mixed model)"
"rs2824011",21,17035528,"alpha.Hydroxybutyrate",310.663305653883,56.8372788982754,1.99529157504838e-07,"Sex, PC1-PC10, GRM (mixed model)"
"rs11701620",21,43474442,"Tyrosine",221.684085572689,40.6219576919577,2.07677455785293e-07,"Sex, PC1-PC10, GRM (mixed model)"
"rs739150",22,41058112,"Propionylcarnitine..C3.",724.754714884896,132.947831602288,2.1338815672925e-07,"Sex, PC1-PC10, GRM (mixed model)"
"rs2451374",6,34067974,"alpha.Hydroxybutyrate",310.766392225606,57.2897188952332,2.41864832483994e-07,"Sex, PC1-PC10, GRM (mixed model)"
"rs406069",21,27465586,"Phenylalanine",1921.35570950541,354.32433099746,2.43984289364192e-07,"Sex, PC1-PC10, GRM (mixed model)"
"rs10880385",12,41580708,"Glutamine",139.148733701963,25.6990431147341,2.53255319797729e-07,"Sex, PC1-PC10, GRM (mixed model)"
"rs11041272",11,7218131,"Glutamate",920.916823976374,170.340721491917,2.63096252235656e-07,"Sex, PC1-PC10, GRM (mixed model)"
"rs3898982",8,17905246,"Gulono.1.4.lactone",861.908026856622,159.478901149877,2.65292711192438e-07,"Sex, PC1-PC10, GRM (mixed model)"
"rs16930873",9,13763241,"alpha.Hydroxybutyrate",367.695596812351,68.4362378204823,3.07169057343931e-07,"Sex, PC1-PC10, GRM (mixed model)"
"rs4745218",9,74961755,"Paraxanthine",613.567231961485,114.711275983588,3.4312715990666e-07,"Sex, PC1-PC10, GRM (mixed model)"
"rs261565",8,97088752,"alpha.Hydroxybutyrate",356.168601142452,66.5919342348216,3.43556138604963e-07,"Sex, PC1-PC10, GRM (mixed model)"
"rs17348756",2,73266690,"Linoleate..18.2.",1290.42106772456,241.511243699071,3.52221530990948e-07,"Sex, PC1-PC10, GRM (mixed model)"
"rs7990571",13,112784127,"Uridine",1602.51741436617,300.878531867105,3.8080304777398e-07,"Sex, PC1-PC10, GRM (mixed model)"
"rs848519",2,36605505,"Glycochenodeoxycholate",1277.89591303092,239.995918070836,3.83381909777028e-07,"Sex, PC1-PC10, GRM (mixed model)"
"rs733075",8,27581324,"Glycine",530.163825089543,99.6660088932787,3.92732090985145e-07,"Sex, PC1-PC10, GRM (mixed model)"
"rs17108004",14,78180904,"Isovalerylcarnitine..C5.",606.520491297701,114.048724426764,3.95121043912426e-07,"Sex, PC1-PC10, GRM (mixed model)"
"rs881186",18,31004956,"Uridine",1832.94579313324,345.277098294179,4.12628336215521e-07,"Sex, PC1-PC10, GRM (mixed model)"
"rs17096870",14,30054233,"Hexanoylcarnitine..C6.",348.092844924309,65.5942786045917,4.16170706859288e-07,"Sex, PC1-PC10, GRM (mixed model)"
"rs11847415",14,94953269,"Hexanoylcarnitine..C6.",273.711922691726,51.6667379365724,4.33898307939937e-07,"Sex, PC1-PC10, GRM (mixed model)"
"rs6086545",20,863863,"Glycochenodeoxycholate",1205.75783669346,227.77695494719,4.42016177397565e-07,"Sex, PC1-PC10, GRM (mixed model)"
"rs201363",12,97768957,"Hexanoylcarnitine..C6.",304.315935599847,57.6230483774892,4.67871238006544e-07,"Sex, PC1-PC10, GRM (mixed model)"
"rs2077733",10,95371358,"X1.linoleoyl.GPC..18.2.",89.4606517477665,16.9403224514807,4.68341162080766e-07,"Sex, PC1-PC10, GRM (mixed model)"
"rs17034099",3,11195006,"alpha.Hydroxybutyrate",361.975817689186,68.5646864417729,4.71767598992034e-07,"Sex, PC1-PC10, GRM (mixed model)"
"rs7358964",13,96612627,"Uridine",2131.76907255654,403.826389514112,4.72648103906516e-07,"Sex, PC1-PC10, GRM (mixed model)"
"rs6966547",7,41541216,"Hippurate",413.309246719768,78.3076078956746,4.74600399520322e-07,"Sex, PC1-PC10, GRM (mixed model)"
"rs17103589",10,86269854,"X1.linoleoyl.GPC..18.2.",106.363420909823,20.250139255184,5.33197359551796e-07,"Sex, PC1-PC10, GRM (mixed model)"
"rs12038771",1,5646230,"Paraxanthine",719.234281390093,136.952743742532,5.35097543772473e-07,"Sex, PC1-PC10, GRM (mixed model)"
"rs12571935",10,98498311,"Hippurate",418.884429134208,79.8596347210516,5.51000285112933e-07,"Sex, PC1-PC10, GRM (mixed model)"
"rs17132870",11,73638172,"Glutamine",207.812566124283,39.6832288388386,5.72631616231731e-07,"Sex, PC1-PC10, GRM (mixed model)"
"rs12776610",10,108854723,"Pyridoxate",797.856110600574,152.377121368757,5.74516226305042e-07,"Sex, PC1-PC10, GRM (mixed model)"
"rs13029887",2,237423445,"Erythritol",872.737638076587,166.770140209354,5.82094361562833e-07,"Sex, PC1-PC10, GRM (mixed model)"
"rs17063760",9,79377780,"Paraxanthine",591.358956454083,113.107957909358,5.95204922475787e-07,"Sex, PC1-PC10, GRM (mixed model)"
"rs9468645",6,29940846,"Glycochenodeoxycholate",1023.09685964275,195.745523086161,5.99547684673158e-07,"Sex, PC1-PC10, GRM (mixed model)"
"rs2826175",21,20620980,"Linoleate..18.2.",996.802305163291,190.905097847998,6.13893820291811e-07,"Sex, PC1-PC10, GRM (mixed model)"
"rs12204701",6,4589600,"Glutamate",883.463049292827,169.2248222826,6.16146116672523e-07,"Sex, PC1-PC10, GRM (mixed model)"
"rs7297806",12,59247296,"X1.linoleoyl.GPC..18.2.",105.702530029655,20.2639650015476,6.28461642520013e-07,"Sex, PC1-PC10, GRM (mixed model)"
"rs2390850",7,23901655,"Paraxanthine",548.678903450297,105.232149980522,6.35031471767098e-07,"Sex, PC1-PC10, GRM (mixed model)"
"rs490144",3,171925918,"Isovalerylcarnitine..C5.",691.415089700516,132.696929745451,6.4518619223612e-07,"Sex, PC1-PC10, GRM (mixed model)"
"rs17084735",13,26309121,"Phenylalanine",1624.71527978215,313.069611510013,7.09000164829581e-07,"Sex, PC1-PC10, GRM (mixed model)"
"rs3006864",1,109057036,"Glycine",689.442193926725,133.258900408478,7.61829592604486e-07,"Sex, PC1-PC10, GRM (mixed model)"
"rs17000668",21,41509081,"Pyridoxate",938.763244965858,181.529673906193,7.69772582637143e-07,"Sex, PC1-PC10, GRM (mixed model)"
"rs1388136",5,107061430,"Glycine",907.739482982913,175.600492425005,7.76949099164937e-07,"Sex, PC1-PC10, GRM (mixed model)"
"rs17820108",12,12637140,"Glutamate",1010.08183618745,195.597087226249,7.95544148944098e-07,"Sex, PC1-PC10, GRM (mixed model)"
"rs328131",18,42518576,"Hippurate",233.693250220002,45.2661152896109,8.00724417039265e-07,"Sex, PC1-PC10, GRM (mixed model)"
"rs740588",19,48888729,"X1.oleoyl.GPC..18.1.",208.514787703509,40.3895215076702,8.009297982345e-07,"Sex, PC1-PC10, GRM (mixed model)"
"rs214440",6,9502146,"Glutamine",107.561821781154,20.882793152638,8.44818418530305e-07,"Sex, PC1-PC10, GRM (mixed model)"
"rs4840096",6,100434037,"Isovalerylcarnitine..C5.",679.030316801005,131.952888311612,8.62985670964991e-07,"Sex, PC1-PC10, GRM (mixed model)"
"rs16991180",20,10096468,"Glycine",631.784216677959,123.123596966168,9.21881029925357e-07,"Sex, PC1-PC10, GRM (mixed model)"
"rs4036025",16,76929109,"Glycine",624.966235352282,122.019791620745,9.61807561928205e-07,"Sex, PC1-PC10, GRM (mixed model)"
"rs583326",11,35513412,"Glycine",662.041004553253,129.468744279725,9.98332535147559e-07,"Sex, PC1-PC10, GRM (mixed model)"
"rs7629864",3,190577002,"Uridine",1882.06455216629,368.348087483671,1.0165764456437e-06,"Sex, PC1-PC10, GRM (mixed model)"
"rs9808399",2,178404874,"Oleate..18.1.",722.260573782396,141.379939855824,1.02032705434417e-06,"Sex, PC1-PC10, GRM (mixed model)"
"rs10494813",1,198624737,"Glycine",659.727686476168,129.626924825732,1.11179427802681e-06,"Sex, PC1-PC10, GRM (mixed model)"
"rs1365681",8,82281514,"Glycine",670.379161149519,132.087216415587,1.18423644724357e-06,"Sex, PC1-PC10, GRM (mixed model)"
"rs11101349",10,49385114,"Hexanoylcarnitine..C6.",239.741840915762,47.2510846452649,1.19213130285327e-06,"Sex, PC1-PC10, GRM (mixed model)"
"rs1453505",16,16878868,"alpha.Hydroxybutyrate",319.852140631897,63.1407020544728,1.23579443477901e-06,"Sex, PC1-PC10, GRM (mixed model)"
"rs7354853",1,168393347,"Erythritol",891.817285434032,176.255937237071,1.26875927889617e-06,"Sex, PC1-PC10, GRM (mixed model)"
"rs13148238",4,144067928,"Glutamine",168.919839413292,33.3996538101107,1.28153157171134e-06,"Sex, PC1-PC10, GRM (mixed model)"
"rs7584378",2,49889892,"alpha.Hydroxybutyrate",343.567896277329,67.9477813319682,1.28827436542571e-06,"Sex, PC1-PC10, GRM (mixed model)"
"rs7119414",11,132213585,"Erythritol",591.605660693576,117.157245384244,1.32707688626991e-06,"Sex, PC1-PC10, GRM (mixed model)"
"rs10517287",4,33301097,"Propionylcarnitine..C3.",1212.9085074003,240.292426141822,1.33913253883425e-06,"Sex, PC1-PC10, GRM (mixed model)"
"rs7297442",12,95996436,"Paraxanthine",591.257850097864,117.194331643841,1.35424961398173e-06,"Sex, PC1-PC10, GRM (mixed model)"
"rs10895178",11,101089600,"alpha.Hydroxybutyrate",245.51124206119,48.6781570076366,1.36356911782783e-06,"Sex, PC1-PC10, GRM (mixed model)"
"rs6775518",3,185180913,"Paraxanthine",420.447780709266,83.4767444403787,1.40566458593512e-06,"Sex, PC1-PC10, GRM (mixed model)"
"rs958535",5,82639636,"Isovalerylcarnitine..C5.",700.149530694458,139.074014320938,1.42031590290538e-06,"Sex, PC1-PC10, GRM (mixed model)"
"rs13116847",4,189922979,"alpha.Hydroxybutyrate",278.729065553675,55.3941370833643,1.43692244208294e-06,"Sex, PC1-PC10, GRM (mixed model)"
"rs6774838",3,12122403,"Taurocholate",215.35250796311,42.8147405082124,1.44890599033754e-06,"Sex, PC1-PC10, GRM (mixed model)"
"rs4754276",11,107311199,"Taurocholate",152.311150959531,30.3137417352863,1.48381382645619e-06,"Sex, PC1-PC10, GRM (mixed model)"
"rs2136834",2,120445975,"Glycine",671.319910675169,133.65034412401,1.49392990717545e-06,"Sex, PC1-PC10, GRM (mixed model)"
"rs7513022",1,239568815,"Hippurate",456.838676122297,91.0789926550707,1.54163456793068e-06,"Sex, PC1-PC10, GRM (mixed model)"
"rs7628932",3,42525327,"Isoleucine",267.536466835273,53.3417042022553,1.54388339620405e-06,"Sex, PC1-PC10, GRM (mixed model)"
"rs16834635",1,163006475,"Hippurate",436.568838779409,87.1551796689563,1.58834262781886e-06,"Sex, PC1-PC10, GRM (mixed model)"
"rs1367",11,8999145,"Glycine",711.167231630221,142.247359851002,1.65701933403705e-06,"Sex, PC1-PC10, GRM (mixed model)"
"rs10513388",9,123856819,"Hexanoylcarnitine..C6.",304.798452242435,61.0048356792805,1.68065995843959e-06,"Sex, PC1-PC10, GRM (mixed model)"
"rs1256505",14,64799959,"Propionylcarnitine..C3.",1369.90974428424,274.539792979456,1.72921235507088e-06,"Sex, PC1-PC10, GRM (mixed model)"
"rs17198823",6,21922476,"Glycochenodeoxycholate",1001.6127842652,200.86502439032,1.75487706694752e-06,"Sex, PC1-PC10, GRM (mixed model)"
"rs17084123",5,94192660,"Paraxanthine",585.745000899745,117.653827252076,1.81739740527388e-06,"Sex, PC1-PC10, GRM (mixed model)"
"rs16875765",5,5628229,"alpha.Hydroxybutyrate",288.821622725247,58.040462981812,1.83616223197119e-06,"Sex, PC1-PC10, GRM (mixed model)"
"rs325032",4,187938686,"Xanthine",953.984198252732,191.761641092914,1.8472440163974e-06,"Sex, PC1-PC10, GRM (mixed model)"
"rs12955010",18,24964220,"Leucine",844.182974695409,169.72752421504,1.85611813229952e-06,"Sex, PC1-PC10, GRM (mixed model)"
"rs2953452",17,10011497,"Glycine",553.136474178748,111.40799616147,1.92925437022915e-06,"Sex, PC1-PC10, GRM (mixed model)"
"rs4900116",14,91898133,"Hexanoylcarnitine..C6.",320.324191293665,64.5724558917352,1.96575954030857e-06,"Sex, PC1-PC10, GRM (mixed model)"
"rs2287101",2,70889990,"Valine",657.310000195651,132.546109525797,1.97952525563004e-06,"Sex, PC1-PC10, GRM (mixed model)"
"rs17101216",14,63004076,"Hexanoylcarnitine..C6.",311.060725910479,62.759387028308,2.00314795205463e-06,"Sex, PC1-PC10, GRM (mixed model)"
"rs9291708",5,60560342,"Paraxanthine",588.562246463255,118.790943797496,2.01899805381039e-06,"Sex, PC1-PC10, GRM (mixed model)"
"rs1942109",11,99850196,"Glutamate",1213.30831170901,244.962681227694,2.03297001188645e-06,"Sex, PC1-PC10, GRM (mixed model)"
"rs4738393",8,56762331,"Glutamate",593.717606582506,119.995797944367,2.07997835770632e-06,"Sex, PC1-PC10, GRM (mixed model)"
"rs17322855",8,3368396,"Taurocholate",228.305280474965,46.2309593597308,2.16795410849405e-06,"Sex, PC1-PC10, GRM (mixed model)"
"rs12951810",17,8840537,"Hexanoylcarnitine..C6.",271.379462080155,54.9549601896944,2.16935443730517e-06,"Sex, PC1-PC10, GRM (mixed model)"
"rs631618",13,97485325,"Glycochenodeoxycholate",1293.38430062624,262.53698542988,2.28359721871775e-06,"Sex, PC1-PC10, GRM (mixed model)"
"rs7900263",10,50258909,"Glycine",735.511225481045,149.403761694701,2.31887215277245e-06,"Sex, PC1-PC10, GRM (mixed model)"
"rs16873193",5,35284302,"Phenylalanine",1501.27811786007,305.072828646161,2.33848985458476e-06,"Sex, PC1-PC10, GRM (mixed model)"
"rs3758245",9,4669078,"alpha.Hydroxybutyrate",255.390372268308,51.9399904961335,2.37991175754856e-06,"Sex, PC1-PC10, GRM (mixed model)"
"rs7170706",15,64707615,"alpha.Hydroxybutyrate",274.63675704886,55.9154601118727,2.43650812622527e-06,"Sex, PC1-PC10, GRM (mixed model)"
"rs877316",5,19400480,"Oleate..18.1.",650.776874442689,132.572229749068,2.46639561475631e-06,"Sex, PC1-PC10, GRM (mixed model)"
"rs2693443",8,59829240,"Glycochenodeoxycholate",1377.65393597843,281.100978926066,2.55309402255011e-06,"Sex, PC1-PC10, GRM (mixed model)"
"rs275876",18,20103018,"X1.oleoyl.GPC..18.1.",162.915545444539,33.2483059842895,2.56375565379292e-06,"Sex, PC1-PC10, GRM (mixed model)"
"rs17490586",7,104104341,"Isoleucine",193.488757455161,39.5145932523538,2.60114947059283e-06,"Sex, PC1-PC10, GRM (mixed model)"
"rs4807287",19,2474660,"alpha.Hydroxybutyrate",200.175562608793,40.8888686401213,2.61295532106056e-06,"Sex, PC1-PC10, GRM (mixed model)"
"rs16901935",8,128145727,"Oleate..18.1.",578.912284727888,118.464866158124,2.71513248489074e-06,"Sex, PC1-PC10, GRM (mixed model)"
"rs7597841",2,227948442,"Caffeine",178.981583485489,36.6347443181368,2.72951812921274e-06,"Sex, PC1-PC10, GRM (mixed model)"
"rs3845368",1,174399939,"Gulono.1.4.lactone",780.38069467902,160.135015743537,2.87936861152651e-06,"Sex, PC1-PC10, GRM (mixed model)"
"rs9445305",6,95262434,"Paraxanthine",508.665669454857,104.379907489688,2.88002652298995e-06,"Sex, PC1-PC10, GRM (mixed model)"
"rs9483720",6,134896383,"X1.palmitoyl.GPC..16.0.",115.095306244869,23.6410794284927,2.94024842136295e-06,"Sex, PC1-PC10, GRM (mixed model)"
"rs291799",5,96767581,"alpha.Hydroxybutyrate",437.731104932456,90.0266488220501,3.02045097792878e-06,"Sex, PC1-PC10, GRM (mixed model)"
"rs10513793",3,184706797,"Tyrosine",147.253998269785,30.2914648117633,3.03359640728751e-06,"Sex, PC1-PC10, GRM (mixed model)"
"rs12111171",6,36192743,"Linoleate..18.2.",812.131230479698,167.085948483795,3.04251740534199e-06,"Sex, PC1-PC10, GRM (mixed model)"
"rs519413",11,125074856,"alpha.Hydroxybutyrate",297.540270835172,61.2340402157395,3.06226773265413e-06,"Sex, PC1-PC10, GRM (mixed model)"
"rs17763929",9,103024721,"Glutamate",849.17931515948,174.792991209226,3.0737842778417e-06,"Sex, PC1-PC10, GRM (mixed model)"
"rs11926996",3,2401089,"Phenylalanine",1922.52298968863,396.116369344094,3.13794595433527e-06,"Sex, PC1-PC10, GRM (mixed model)"
"rs6035924",20,21610517,"alpha.Hydroxybutyrate",355.444445266004,73.2470222190945,3.14813246128846e-06,"Sex, PC1-PC10, GRM (mixed model)"
"rs9680927",3,152097970,"Tyrosine",222.493777122961,45.8694263281595,3.17675787325861e-06,"Sex, PC1-PC10, GRM (mixed model)"
"rs12968895",18,17904705,"Uridine",1630.54995721908,336.469036857395,3.23959812457241e-06,"Sex, PC1-PC10, GRM (mixed model)"
"rs1998115",20,19655009,"N.acetylglycine",-222.331926021909,45.8886147511442,3.25403098830105e-06,"Sex, PC1-PC10, GRM (mixed model)"
"rs1702405",21,30914735,"alpha.Hydroxybutyrate",280.338410068922,57.8734788715398,3.26879799365446e-06,"Sex, PC1-PC10, GRM (mixed model)"
"rs2616879",15,52002772,"Uridine",2232.32802337248,461.080033077083,3.30386104164694e-06,"Sex, PC1-PC10, GRM (mixed model)"
"rs636283",11,118437655,"Glutamine",112.125610314446,23.1978780497982,3.42118349295631e-06,"Sex, PC1-PC10, GRM (mixed model)"
"rs7708999",5,170641783,"Pyridoxate",561.744624817085,116.253921301894,3.44183162369033e-06,"Sex, PC1-PC10, GRM (mixed model)"
"rs4669198",2,5329230,"Gulono.1.4.lactone",719.0266527719,148.868989343989,3.47346908549527e-06,"Sex, PC1-PC10, GRM (mixed model)"
"rs12101038",14,99641219,"Hexanoylcarnitine..C6.",294.498365763855,60.9767928434591,3.47721182365582e-06,"Sex, PC1-PC10, GRM (mixed model)"
"rs560632",1,199790687,"Hexanoylcarnitine..C6.",246.963951233747,51.176221695192,3.53657784493181e-06,"Sex, PC1-PC10, GRM (mixed model)"
"rs4426233",13,39838726,"Glycochenodeoxycholate",1399.82325032191,290.207820298995,3.57084367899182e-06,"Sex, PC1-PC10, GRM (mixed model)"
"rs10960416",9,11978659,"Oleate..18.1.",720.446190234964,149.390591347809,3.58554285813552e-06,"Sex, PC1-PC10, GRM (mixed model)"
"rs578786",18,24782107,"Xanthine",791.848214262044,164.202004024571,3.5880868026192e-06,"Sex, PC1-PC10, GRM (mixed model)"
"rs4468012",9,85127575,"X1.oleoyl.GPC..18.1.",138.874299745216,28.813431179067,3.62893945725571e-06,"Sex, PC1-PC10, GRM (mixed model)"
"rs1846664",5,157087096,"Oleate..18.1.",656.791950827667,136.485101186445,3.74952983472146e-06,"Sex, PC1-PC10, GRM (mixed model)"
"rs4742834",9,103689472,"Propionylcarnitine..C3.",733.025787489128,152.335230224621,3.75376716712153e-06,"Sex, PC1-PC10, GRM (mixed model)"
"rs1653782",2,23623270,"Oleate..18.1.",563.793567491828,117.175831339224,3.76036694743564e-06,"Sex, PC1-PC10, GRM (mixed model)"
"rs1669872",15,50471296,"Valine",971.405837062747,202.059329278241,3.82549726574884e-06,"Sex, PC1-PC10, GRM (mixed model)"
"rs7499320",16,7887099,"Phenylalanine",1661.45190583891,345.69862715332,3.84956088126347e-06,"Sex, PC1-PC10, GRM (mixed model)"
"rs670754",7,51897517,"Phenylalanine",1089.07426138058,226.608077695646,3.85102944535584e-06,"Sex, PC1-PC10, GRM (mixed model)"
"rs9409657",9,93586135,"Valine",705.734712742631,146.873595360373,3.8665228874245e-06,"Sex, PC1-PC10, GRM (mixed model)"
"rs16905816",11,8755429,"Glycine",813.755901717662,169.531327146244,3.95081719409895e-06,"Sex, PC1-PC10, GRM (mixed model)"
"rs669733",1,78639573,"Propionylcarnitine..C3.",1494.95603111381,311.769413748112,4.03597843393567e-06,"Sex, PC1-PC10, GRM (mixed model)"
"rs2098885",8,54290198,"Erythritol",714.87950471815,149.163092162457,4.07895863115789e-06,"Sex, PC1-PC10, GRM (mixed model)"
"rs1976131",7,3060662,"Glycine",682.180252923448,142.424776847779,4.12908413250834e-06,"Sex, PC1-PC10, GRM (mixed model)"
"rs41504448",5,59606386,"X1.linoleoyl.GPC..18.2.",79.9451026519941,16.6915170705763,4.13251455511621e-06,"Sex, PC1-PC10, GRM (mixed model)"
"rs3847464",10,131978731,"Isovalerylcarnitine..C5.",471.727469550506,98.5712005415597,4.20248687819054e-06,"Sex, PC1-PC10, GRM (mixed model)"
"rs2822704",21,14789617,"Gulono.1.4.lactone",828.346493934953,173.22135568208,4.26862346777956e-06,"Sex, PC1-PC10, GRM (mixed model)"
"rs2897275",12,85250259,"Hippurate",305.358305163018,63.8858189590316,4.31019183786168e-06,"Sex, PC1-PC10, GRM (mixed model)"
"rs6027005",20,57632613,"Propionylcarnitine..C3.",1104.99354648588,231.479380630397,4.42500795119648e-06,"Sex, PC1-PC10, GRM (mixed model)"
"rs16914496",9,100078523,"Uridine",1575.276861412,330.042914264424,4.43772159629269e-06,"Sex, PC1-PC10, GRM (mixed model)"
"rs910118",20,10604087,"Uridine",1295.29973707534,271.393158604364,4.44087630074372e-06,"Sex, PC1-PC10, GRM (mixed model)"
"rs17390595",1,63348003,"Erythritol",623.710782936925,130.730947092169,4.47580904158747e-06,"Sex, PC1-PC10, GRM (mixed model)"
"rs1548984",14,86487768,"Hexanoylcarnitine..C6.",207.683506995381,43.5429328459452,4.50124529656523e-06,"Sex, PC1-PC10, GRM (mixed model)"
"rs1338637",10,72425160,"Glycine",817.053953444178,171.379389636262,4.54208427583475e-06,"Sex, PC1-PC10, GRM (mixed model)"
"rs7669823",4,157583159,"Erythritol",545.152192776379,114.364448547076,4.55606344048864e-06,"Sex, PC1-PC10, GRM (mixed model)"
"rs7917268",10,77198003,"Uridine",1650.52242797005,346.273129250139,4.56121981744234e-06,"Sex, PC1-PC10, GRM (mixed model)"
"rs5981187",23,68343158,"Glutamate",750.955973604911,157.632927915152,4.61183659639708e-06,"Sex, PC1-PC10, GRM (mixed model)"
"rs3099152",10,60275414,"Glycine",554.256278753072,116.346397970572,4.61396947928559e-06,"Sex, PC1-PC10, GRM (mixed model)"
"rs17158863",7,111246371,"alpha.Hydroxybutyrate",370.004120309129,77.7384466687012,4.69844474140786e-06,"Sex, PC1-PC10, GRM (mixed model)"
"rs17196097",3,137090597,"Hypoxanthine",632.80207742635,132.984095382118,4.72105875009399e-06,"Sex, PC1-PC10, GRM (mixed model)"
"rs790606",6,91163036,"Hexanoylcarnitine..C6.",193.71167177721,40.7121521434907,4.72912709428563e-06,"Sex, PC1-PC10, GRM (mixed model)"
"rs1425124",7,37414730,"Hippurate",412.235415786562,86.6721253113654,4.76598955002032e-06,"Sex, PC1-PC10, GRM (mixed model)"
"rs4872419",8,26077882,"Caffeine",281.473189817444,59.2238763589565,4.83912762259421e-06,"Sex, PC1-PC10, GRM (mixed model)"
"rs493248",13,36371386,"X1.palmitoyl.GPC..16.0.",94.9809642462644,19.9949413493352,4.88997956181757e-06,"Sex, PC1-PC10, GRM (mixed model)"
"rs17322855",8,3368396,"Propionylcarnitine..C3.",1383.19651960104,291.630757841994,5.04422154903283e-06,"Sex, PC1-PC10, GRM (mixed model)"
"rs7961192",12,128178291,"N.acetylglycine",327.031598053709,68.9842542491369,5.0939780129996e-06,"Sex, PC1-PC10, GRM (mixed model)"
"rs6748307",2,235048683,"Isovalerylcarnitine..C5.",349.105981508742,73.6553654176357,5.11460467029787e-06,"Sex, PC1-PC10, GRM (mixed model)"
"rs925920",2,170838278,"Gulono.1.4.lactone",630.699881077403,133.2814582252,5.28366351865239e-06,"Sex, PC1-PC10, GRM (mixed model)"
"rs16897796",5,67728460,"Leucine",1003.90940744705,212.164778633416,5.29145989825008e-06,"Sex, PC1-PC10, GRM (mixed model)"
"rs4305900",8,84883539,"Tyrosine",269.945559339622,57.0713688745664,5.33169969125185e-06,"Sex, PC1-PC10, GRM (mixed model)"
"rs13434465",4,8441848,"alpha.Hydroxybutyrate",302.370733145083,63.932571376157,5.34167544586658e-06,"Sex, PC1-PC10, GRM (mixed model)"
"rs41488847",14,71550353,"alpha.Hydroxybutyrate",332.598449516294,70.3391574180558,5.36513023651192e-06,"Sex, PC1-PC10, GRM (mixed model)"
"rs17634990",8,138682048,"Propionylcarnitine..C3.",765.705664710309,161.984176164001,5.39849060137995e-06,"Sex, PC1-PC10, GRM (mixed model)"
"rs17620924",6,17109784,"Paraxanthine",580.267818697171,122.759742764299,5.40268126454659e-06,"Sex, PC1-PC10, GRM (mixed model)"
"rs35976042",2,45185408,"X1.linoleoyl.GPC..18.2.",104.637675218761,22.1450832049897,5.44329644255961e-06,"Sex, PC1-PC10, GRM (mixed model)"
"rs17432461",15,34962248,"Paraxanthine",543.871545508357,115.102934968504,5.4435044831074e-06,"Sex, PC1-PC10, GRM (mixed model)"
"rs1569467",1,166593947,"Glycine",540.259241617419,114.353364323446,5.45780385104082e-06,"Sex, PC1-PC10, GRM (mixed model)"
"rs4973309",2,228333406,"Glutamine",139.124335742743,29.4527835223248,5.47715748807552e-06,"Sex, PC1-PC10, GRM (mixed model)"
"rs993765",2,144931231,"Oleate..18.1.",502.488259364421,106.558000888574,5.66683720042835e-06,"Sex, PC1-PC10, GRM (mixed model)"
"rs6094023",20,42769634,"alpha.Hydroxybutyrate",214.027931203647,45.3943969361852,5.68559829263286e-06,"Sex, PC1-PC10, GRM (mixed model)"
"rs7792939",7,99045812,"Propionylcarnitine..C3.",1201.70712972009,254.945419165499,5.71629711752731e-06,"Sex, PC1-PC10, GRM (mixed model)"
"rs41402144",21,31693750,"Taurocholate",210.165433085272,44.6365345798027,5.84424751002225e-06,"Sex, PC1-PC10, GRM (mixed model)"
"rs11802540",1,25870455,"Paraxanthine",549.304474987806,116.731323597292,5.91050311967171e-06,"Sex, PC1-PC10, GRM (mixed model)"
"rs1479385",4,176187505,"Glycochenodeoxycholate",988.060216576266,210.014733155691,5.93557191224725e-06,"Sex, PC1-PC10, GRM (mixed model)"
"rs6966547",7,41541216,"Phenylalanine",1689.85186023131,359.30029895686,5.97458713565285e-06,"Sex, PC1-PC10, GRM (mixed model)"
"rs12014280",23,30502846,"Tyrosine",192.422721996499,40.9314442057513,6.02742797436907e-06,"Sex, PC1-PC10, GRM (mixed model)"
"rs4700243",5,57374114,"Leucine",852.417976088633,181.334689579609,6.03506230269958e-06,"Sex, PC1-PC10, GRM (mixed model)"
"rs1910300",4,79194300,"X1.oleoyl.GPC..18.1.",213.14324428252,45.3471145679698,6.04886822424276e-06,"Sex, PC1-PC10, GRM (mixed model)"
"rs1921386",23,31087359,"Glutamate",922.404951816495,196.24756466622,6.05013515245896e-06,"Sex, PC1-PC10, GRM (mixed model)"
"rs12946796",17,52671064,"Valine",572.579109151253,121.909400237414,6.13930276151019e-06,"Sex, PC1-PC10, GRM (mixed model)"
"rs11954814",5,155068532,"Hexanoylcarnitine..C6.",296.127052607696,63.0881445635128,6.21512600669631e-06,"Sex, PC1-PC10, GRM (mixed model)"
"rs246958",5,132838545,"Glycochenodeoxycholate",1000.80770546322,213.291348673885,6.25878091778937e-06,"Sex, PC1-PC10, GRM (mixed model)"
"rs9873245",3,65687373,"Gulono.1.4.lactone",579.403476373367,123.490531660683,6.267367214407e-06,"Sex, PC1-PC10, GRM (mixed model)"
"rs10953450",7,104190506,"Oleate..18.1.",427.052436424815,91.0210741534549,6.26971558897643e-06,"Sex, PC1-PC10, GRM (mixed model)"
"rs7785386",7,79891845,"Pyridoxate",585.434360370167,124.817869074486,6.30935650640108e-06,"Sex, PC1-PC10, GRM (mixed model)"
"rs716547",10,68424659,"Phenylalanine",1334.99814285991,284.701128741261,6.34115611602054e-06,"Sex, PC1-PC10, GRM (mixed model)"
"rs9443050",6,63554706,"alpha.Hydroxybutyrate",321.628214120083,68.6322705702366,6.41859330063353e-06,"Sex, PC1-PC10, GRM (mixed model)"
"rs3829196",10,131452243,"Propionylcarnitine..C3.",1381.52371164041,294.875875151123,6.44992539288925e-06,"Sex, PC1-PC10, GRM (mixed model)"
"rs17087338",4,67133923,"Linoleate..18.2.",674.274453614723,143.965236066789,6.49126783773197e-06,"Sex, PC1-PC10, GRM (mixed model)"
"rs11686482",2,153086085,"Glycine",567.878626430625,121.271985847363,6.51619597041157e-06,"Sex, PC1-PC10, GRM (mixed model)"
"rs9314355",8,27755087,"Glycine",524.347454153349,111.982723648505,6.52419273380508e-06,"Sex, PC1-PC10, GRM (mixed model)"
"rs5918955",23,64720598,"Uridine",1393.66471018931,297.716700340106,6.55789725297741e-06,"Sex, PC1-PC10, GRM (mixed model)"
"rs1016892",7,10568402,"Pyridoxate",458.872760756494,98.0268195445874,6.56021112891106e-06,"Sex, PC1-PC10, GRM (mixed model)"
"rs17705117",11,108395930,"Isovalerylcarnitine..C5.",638.765847205809,136.503520803408,6.60505910341987e-06,"Sex, PC1-PC10, GRM (mixed model)"
"rs1806156",11,31796992,"Glycine",604.704021043815,129.269221866287,6.65036377010927e-06,"Sex, PC1-PC10, GRM (mixed model)"
"rs2281789",9,113843154,"Theobromine",1176.4541538394,251.716764912363,6.76781853546646e-06,"Sex, PC1-PC10, GRM (mixed model)"
"rs10939916",5,61169949,"Linoleate..18.2.",990.365114483052,211.979285053085,6.81750171497684e-06,"Sex, PC1-PC10, GRM (mixed model)"
"rs2007633",4,15149384,"Gulono.1.4.lactone",941.668484317126,201.675225756418,6.89734529900603e-06,"Sex, PC1-PC10, GRM (mixed model)"
"rs12289513",11,7942015,"Glycine",697.096188764096,149.341182607908,6.93889297964931e-06,"Sex, PC1-PC10, GRM (mixed model)"
"rs12524781",6,154933088,"Tyrosine",172.765291513427,37.0373957814954,7.03297657836382e-06,"Sex, PC1-PC10, GRM (mixed model)"
"rs3915024",15,23872367,"Gulono.1.4.lactone",839.593428297225,180.078849647836,7.1001022048088e-06,"Sex, PC1-PC10, GRM (mixed model)"
"rs2084436",1,30154594,"Valine",562.899105095873,120.734679183144,7.10260897538954e-06,"Sex, PC1-PC10, GRM (mixed model)"
"rs10969339",9,29723159,"Taurocholate",215.806075532092,46.3300677220022,7.23157997498846e-06,"Sex, PC1-PC10, GRM (mixed model)"
"rs17091674",14,94508853,"Hexanoylcarnitine..C6.",263.097876349021,56.4955799925774,7.26363489580482e-06,"Sex, PC1-PC10, GRM (mixed model)"
"rs10892151",11,117036941,"Xanthine",1283.05913549927,275.537350696467,7.27568184402056e-06,"Sex, PC1-PC10, GRM (mixed model)"
"rs11246074",11,326332,"Glycochenodeoxycholate",1189.40328660727,255.605351339511,7.37724197855524e-06,"Sex, PC1-PC10, GRM (mixed model)"
"rs7811179",7,8806096,"Glycochenodeoxycholate",663.036523962239,142.511083443549,7.40070710395326e-06,"Sex, PC1-PC10, GRM (mixed model)"
"rs17037046",3,1292631,"Paraxanthine",522.22567709912,112.248971519369,7.40503524366359e-06,"Sex, PC1-PC10, GRM (mixed model)"
"rs848086",14,36349467,"Glutamate",654.871716097888,140.865228320755,7.51380225782839e-06,"Sex, PC1-PC10, GRM (mixed model)"
"rs1040449",23,96170341,"Gulono.1.4.lactone",774.713730206102,166.747742007053,7.60611107559763e-06,"Sex, PC1-PC10, GRM (mixed model)"
"rs17664533",5,30686697,"Oleate..18.1.",738.782647973539,159.027039724028,7.61830077945685e-06,"Sex, PC1-PC10, GRM (mixed model)"
"rs2876358",20,13620331,"Glycine",818.46470030457,176.21577513313,7.64940188948082e-06,"Sex, PC1-PC10, GRM (mixed model)"
"rs7527754",1,95567184,"Paraxanthine",594.333857406061,128.141152091209,7.86315240189785e-06,"Sex, PC1-PC10, GRM (mixed model)"
"rs2079511",5,130588027,"Hexanoylcarnitine..C6.",213.283247626296,46.0085120489928,7.94231877956782e-06,"Sex, PC1-PC10, GRM (mixed model)"
"rs9837304",3,14598564,"Glutamine",135.364588058292,29.2027324468502,7.95550017852386e-06,"Sex, PC1-PC10, GRM (mixed model)"
"rs11711828",3,188201492,"Propionylcarnitine..C3.",789.786430391695,170.422595760441,7.99091677303084e-06,"Sex, PC1-PC10, GRM (mixed model)"
"rs6006951",22,43961771,"alpha.Hydroxybutyrate",313.921724635042,67.8048788829023,8.14339974555686e-06,"Sex, PC1-PC10, GRM (mixed model)"
"rs481818",1,232492929,"Xanthine",960.928250317072,207.576945200082,8.16112112161543e-06,"Sex, PC1-PC10, GRM (mixed model)"
"rs244692",5,133480434,"Glycine",530.904060580473,114.731717616871,8.22682790000152e-06,"Sex, PC1-PC10, GRM (mixed model)"
"rs10985311",9,123343453,"Phenylalanine",1901.44667343035,410.966878515131,8.24716319789291e-06,"Sex, PC1-PC10, GRM (mixed model)"
"rs17112591",1,55890693,"Hexanoylcarnitine..C6.",227.104893072759,49.1201218738826,8.36227401332923e-06,"Sex, PC1-PC10, GRM (mixed model)"
"rs12004211",9,134081399,"alpha.Hydroxybutyrate",242.831519009887,52.5502377236769,8.45106911824912e-06,"Sex, PC1-PC10, GRM (mixed model)"
"rs7678272",4,153449318,"Isoleucine",184.270047806474,39.8989470038992,8.54086731191811e-06,"Sex, PC1-PC10, GRM (mixed model)"
"rs5994459",22,30690202,"Glycine",586.255045271919,127.145881343543,8.81467643775738e-06,"Sex, PC1-PC10, GRM (mixed model)"
"rs10483185",22,33604183,"alpha.Hydroxybutyrate",290.192985425332,62.9586448946634,8.87470896240614e-06,"Sex, PC1-PC10, GRM (mixed model)"
"rs6537895",9,137458345,"Oleate..18.1.",717.689383772347,155.779866416292,8.95639327153316e-06,"Sex, PC1-PC10, GRM (mixed model)"
"rs1076164",17,2720682,"Uridine",1762.1256548672,382.537897376547,8.98138455492673e-06,"Sex, PC1-PC10, GRM (mixed model)"
"rs6829616",4,25075851,"Erythritol",776.713000413306,168.667939086769,9.03508289903417e-06,"Sex, PC1-PC10, GRM (mixed model)"
"rs16981123",21,28039454,"Gulono.1.4.lactone",731.345300534303,158.908989612062,9.13740061562869e-06,"Sex, PC1-PC10, GRM (mixed model)"
"rs11125098",2,46948511,"Glutamine",107.99530409503,23.4660908643028,9.14140345705147e-06,"Sex, PC1-PC10, GRM (mixed model)"
"rs7493865",14,100673143,"Valine",516.402657343983,112.229153588985,9.17440317525334e-06,"Sex, PC1-PC10, GRM (mixed model)"
"rs2244008",6,129854746,"Paraxanthine",588.023757208568,127.83427742015,9.22950474420333e-06,"Sex, PC1-PC10, GRM (mixed model)"
"rs2701865",13,40061373,"Isovalerylcarnitine..C5.",509.524200931901,110.778196219152,9.2446436803705e-06,"Sex, PC1-PC10, GRM (mixed model)"
"rs7633584",3,120139205,"X1.oleoyl.GPC..18.1.",242.684339996952,52.7661377747612,9.25450246882412e-06,"Sex, PC1-PC10, GRM (mixed model)"
"rs246219",16,15993136,"Propionylcarnitine..C3.",898.579750030198,195.445146826194,9.31806902676851e-06,"Sex, PC1-PC10, GRM (mixed model)"
"rs7947255",11,20291471,"Pyridoxate",978.771863836516,212.985981396327,9.40136707225524e-06,"Sex, PC1-PC10, GRM (mixed model)"
"rs1817664",11,106242434,"Propionylcarnitine..C3.",1100.34188511381,239.516250430754,9.45878464194716e-06,"Sex, PC1-PC10, GRM (mixed model)"
"rs17142281",10,7018367,"Pyridoxate",510.718896483505,111.183055799123,9.47942152231906e-06,"Sex, PC1-PC10, GRM (mixed model)"
"rs1908952",21,27304374,"Glycochenodeoxycholate",1152.98201253195,251.083835143347,9.53800921872687e-06,"Sex, PC1-PC10, GRM (mixed model)"
"rs2059867",5,31801547,"Isoleucine",190.87200863581,41.6003679667774,9.69013495022097e-06,"Sex, PC1-PC10, GRM (mixed model)"
"rs1574468",5,159723912,"Tyrosine",173.340129706099,37.8168034979993,9.87574887829722e-06,"Sex, PC1-PC10, GRM (mixed model)"
"rs12428588",13,98503828,"Glycochenodeoxycholate",1053.35908856103,229.929414957421,9.97722404946555e-06,"Sex, PC1-PC10, GRM (mixed model)"
"rs11645525",16,84644530,"Glutamine",171.147409948919,37.3685339613028,1.00289556754095e-05,"Sex, PC1-PC10, GRM (mixed model)"
"rs7341232",6,11999623,"alpha.Hydroxybutyrate",312.14350024442,68.1584504504395,1.0042047324407e-05,"Sex, PC1-PC10, GRM (mixed model)"
"rs4144394",13,64225784,"Linoleate..18.2.",644.646330679966,140.887881184459,1.02140337553417e-05,"Sex, PC1-PC10, GRM (mixed model)"
"rs16934193",8,69203675,"Glycochenodeoxycholate",1205.02477586944,263.382664080015,1.0231566152448e-05,"Sex, PC1-PC10, GRM (mixed model)"
"rs4346988",8,35428765,"Phenylalanine",1332.38040578664,291.525813897954,1.04388599155902e-05,"Sex, PC1-PC10, GRM (mixed model)"
"rs1292210",23,123278309,"Paraxanthine",408.875687302574,89.4642908465722,1.04432760069922e-05,"Sex, PC1-PC10, GRM (mixed model)"
"rs12550877",9,31702096,"Xanthine",1061.35120371421,232.235512309826,1.04483434821607e-05,"Sex, PC1-PC10, GRM (mixed model)"
"rs10476969",5,150642499,"alpha.Hydroxybutyrate",265.741554351065,58.1605096611131,1.04938329496346e-05,"Sex, PC1-PC10, GRM (mixed model)"
"rs11203910",8,17656736,"alpha.Hydroxybutyrate",294.269531203383,64.4366540141772,1.05948566183451e-05,"Sex, PC1-PC10, GRM (mixed model)"
"rs2068490",15,85506265,"alpha.Hydroxybutyrate",278.718381247297,61.0471097443969,1.06467884085e-05,"Sex, PC1-PC10, GRM (mixed model)"
"rs16890148",8,118832619,"Paraxanthine",580.911576728308,127.2847603221,1.07247290199413e-05,"Sex, PC1-PC10, GRM (mixed model)"
"rs1357068",3,36566875,"Uridine",1855.82309356733,406.692949835856,1.07546125259651e-05,"Sex, PC1-PC10, GRM (mixed model)"
"rs1876614",3,7296289,"Xanthine",1174.56515947664,257.70681367901,1.10008334041599e-05,"Sex, PC1-PC10, GRM (mixed model)"
"rs1215411",5,3204931,"alpha.Hydroxybutyrate",261.893617117413,57.482855528809,1.10800482555225e-05,"Sex, PC1-PC10, GRM (mixed model)"
"rs16896479",8,123059031,"Caffeine",167.527235369415,36.7859651647215,1.1168862977402e-05,"Sex, PC1-PC10, GRM (mixed model)"
"rs4292451",5,3341041,"Taurocholate",99.5679816638277,21.8641063936797,1.11763024598779e-05,"Sex, PC1-PC10, GRM (mixed model)"
"rs11532502",12,40491596,"Threonate",304.307608518561,66.8484037950249,1.12574366008841e-05,"Sex, PC1-PC10, GRM (mixed model)"
"rs819348",5,89104246,"Oleate..18.1.",624.795657622232,137.26693465627,1.1281803641762e-05,"Sex, PC1-PC10, GRM (mixed model)"
"rs873224",8,142600146,"Glutamate",897.369567722972,197.270878227061,1.14118951045161e-05,"Sex, PC1-PC10, GRM (mixed model)"
"rs16894638",5,65304426,"Phenylalanine",1358.74647851885,298.741205988489,1.14441987215803e-05,"Sex, PC1-PC10, GRM (mixed model)"
"rs16876913",5,6128956,"Glycochenodeoxycholate",859.279130014331,189.050156226754,1.15872390801159e-05,"Sex, PC1-PC10, GRM (mixed model)"
"rs4463564",23,149858781,"Tyrosine",155.573072598396,34.2279893225696,1.15893420895818e-05,"Sex, PC1-PC10, GRM (mixed model)"
"rs7751473",6,7606630,"Glutamate",590.851846562418,130.142472053875,1.18399687292295e-05,"Sex, PC1-PC10, GRM (mixed model)"
"rs1860642",18,23969771,"Erythritol",549.702140880819,121.152938216469,1.19771337468968e-05,"Sex, PC1-PC10, GRM (mixed model)"
"rs4462702",18,59357480,"Pyridoxate",874.931383968915,192.879653880214,1.20321297198492e-05,"Sex, PC1-PC10, GRM (mixed model)"
"rs1561555",12,8673170,"Paraxanthine",589.322036367416,129.952477353053,1.20944432451212e-05,"Sex, PC1-PC10, GRM (mixed model)"
"rs16827613",2,186787822,"X1.linoleoyl.GPC..18.2.",86.6887724420721,19.1181703894583,1.21214462408044e-05,"Sex, PC1-PC10, GRM (mixed model)"
"rs1322252",9,113461917,"X1.palmitoyl.GPC..16.0.",103.703842876125,22.8718056161401,1.21330438999691e-05,"Sex, PC1-PC10, GRM (mixed model)"
"rs16878863",6,88039784,"Hippurate",321.274789832296,70.858390289247,1.21377812453659e-05,"Sex, PC1-PC10, GRM (mixed model)"
"rs17031482",12,100420774,"Hippurate",312.463742678081,68.9378538362874,1.22132664264889e-05,"Sex, PC1-PC10, GRM (mixed model)"
"rs7378584",5,175525010,"X1.palmitoyl.GPC..16.0.",67.3456159680271,14.861763390654,1.22676518705838e-05,"Sex, PC1-PC10, GRM (mixed model)"
"rs1417603",9,109171243,"Linoleate..18.2.",566.720896565583,125.065553798892,1.22716094918157e-05,"Sex, PC1-PC10, GRM (mixed model)"
"rs6495739",15,33108035,"X1.oleoyl.GPC..18.1.",151.426142232321,33.4316129615461,1.23715804653156e-05,"Sex, PC1-PC10, GRM (mixed model)"
"rs11753055",6,91600801,"Taurocholate",220.712386302681,48.7483425229394,1.24662111864683e-05,"Sex, PC1-PC10, GRM (mixed model)"
"rs2156467",11,94967616,"Hexanoylcarnitine..C6.",298.883722216218,66.0143525430588,1.24678007732381e-05,"Sex, PC1-PC10, GRM (mixed model)"
"rs2783239",14,57519279,"Paraxanthine",531.415410172441,117.386226822788,1.24930315323445e-05,"Sex, PC1-PC10, GRM (mixed model)"
"rs1145300",18,48380357,"Oleate..18.1.",549.37999183728,121.356850049262,1.24975870021169e-05,"Sex, PC1-PC10, GRM (mixed model)"
"rs11125373",2,51799667,"Valine",455.12713622986,100.558510156592,1.25486671544378e-05,"Sex, PC1-PC10, GRM (mixed model)"
"rs17533645",4,22082575,"Gulono.1.4.lactone",614.106969670136,135.737808204913,1.26412803645452e-05,"Sex, PC1-PC10, GRM (mixed model)"
"rs4958141",5,133044327,"Hexanoylcarnitine..C6.",244.911737685714,54.133760694152,1.26422564964467e-05,"Sex, PC1-PC10, GRM (mixed model)"
"rs7302923",12,50202853,"Glycine",453.182871008249,100.198179956633,1.27119750155637e-05,"Sex, PC1-PC10, GRM (mixed model)"
"rs3790861",1,63860032,"Leucine",557.647137916245,123.334823143106,1.27887226285534e-05,"Sex, PC1-PC10, GRM (mixed model)"
"rs10847143",12,125451628,"Uridine",2462.87758523953,544.767356907062,1.28118537257551e-05,"Sex, PC1-PC10, GRM (mixed model)"
"rs11576155",1,114514674,"Oleate..18.1.",581.233359311271,128.607226602944,1.28928623081786e-05,"Sex, PC1-PC10, GRM (mixed model)"
"rs4958765",5,154071950,"Hexanoylcarnitine..C6.",165.07404496188,36.5363935877513,1.29662306714781e-05,"Sex, PC1-PC10, GRM (mixed model)"
"rs12608218",18,67465207,"Tyrosine",157.592330260733,34.8839419903452,1.29905368707107e-05,"Sex, PC1-PC10, GRM (mixed model)"
"rs2198526",3,177709313,"Propionylcarnitine..C3.",1010.01839253984,223.609434699141,1.30298553538103e-05,"Sex, PC1-PC10, GRM (mixed model)"
"rs2472692",17,18799743,"Valine",629.614481469132,139.420768689924,1.30813847492563e-05,"Sex, PC1-PC10, GRM (mixed model)"
"rs1547304",9,97453581,"Tyrosine",161.184087506161,35.6977388204666,1.31183719781392e-05,"Sex, PC1-PC10, GRM (mixed model)"
"rs6513367",20,56077689,"Gulono.1.4.lactone",751.774153036531,166.544526205662,1.31885998553108e-05,"Sex, PC1-PC10, GRM (mixed model)"
"rs2339917",3,181152142,"Phenylalanine",1492.80242772082,330.739902520977,1.32119780929468e-05,"Sex, PC1-PC10, GRM (mixed model)"
"rs7402701",15,89944570,"Hypoxanthine",564.202653255467,125.043189719481,1.32919053349044e-05,"Sex, PC1-PC10, GRM (mixed model)"
"rs8005369",14,68816368,"Leucine",994.697112326986,220.453440230594,1.32925343788656e-05,"Sex, PC1-PC10, GRM (mixed model)"
"rs2120992",12,52561392,"Uridine",2040.05930199314,452.214694685921,1.33358225390727e-05,"Sex, PC1-PC10, GRM (mixed model)"
"rs16981123",21,28039454,"Isovalerylcarnitine..C5.",505.654813893788,112.096715804492,1.33569060184651e-05,"Sex, PC1-PC10, GRM (mixed model)"
"rs17253318",9,22476246,"Oleate..18.1.",438.190054530954,97.1518349131322,1.33854064804352e-05,"Sex, PC1-PC10, GRM (mixed model)"
"rs875765",19,53233536,"Isoleucine",185.752508875635,41.1925144079224,1.3440055525098e-05,"Sex, PC1-PC10, GRM (mixed model)"
"rs6679048",1,213612425,"Hypoxanthine",1141.93930191019,253.240843848564,1.34441529210616e-05,"Sex, PC1-PC10, GRM (mixed model)"
"rs35991088",17,64707408,"Pyridoxate",685.757881772975,152.083454699355,1.34559197190779e-05,"Sex, PC1-PC10, GRM (mixed model)"
"rs10969339",9,29723159,"Hexanoylcarnitine..C6.",297.968348416346,66.1154578100058,1.35842237815021e-05,"Sex, PC1-PC10, GRM (mixed model)"
"rs11601290",11,1622874,"Linoleate..18.2.",1046.07079121204,232.163365643996,1.36423044085268e-05,"Sex, PC1-PC10, GRM (mixed model)"
"rs7464123",8,66654097,"Hypoxanthine",718.486312718436,159.476216759584,1.36684717258217e-05,"Sex, PC1-PC10, GRM (mixed model)"
"rs4514282",1,23784754,"Paraxanthine",519.443158722459,115.330910053128,1.37448000529738e-05,"Sex, PC1-PC10, GRM (mixed model)"
"rs6536692",4,164037310,"Linoleate..18.2.",546.32962404838,121.3227563824,1.37917685278197e-05,"Sex, PC1-PC10, GRM (mixed model)"
"rs4940481",18,55807441,"X1.linoleoyl.GPC..18.2.",88.0529520474465,19.559024704233,1.38601335940944e-05,"Sex, PC1-PC10, GRM (mixed model)"
"rs2744237",6,25463094,"Paraxanthine",446.75548379802,99.2969078224865,1.40163432875933e-05,"Sex, PC1-PC10, GRM (mixed model)"
"rs10452847",7,150154412,"Propionylcarnitine..C3.",924.8048741089,205.552622100458,1.40205769050318e-05,"Sex, PC1-PC10, GRM (mixed model)"
"rs12097373",1,113187470,"alpha.Hydroxybutyrate",194.831085972481,43.3043369199004,1.40207148448586e-05,"Sex, PC1-PC10, GRM (mixed model)"
"rs10470062",20,14528082,"Glycochenodeoxycholate",847.519510560423,188.421880893151,1.40857450495363e-05,"Sex, PC1-PC10, GRM (mixed model)"
"rs16905606",8,137392050,"Uridine",1899.49963805508,422.376605620472,1.41332782905259e-05,"Sex, PC1-PC10, GRM (mixed model)"
"rs755254",10,13008009,"Tyrosine",125.112626893336,27.8282219426532,1.42079749668223e-05,"Sex, PC1-PC10, GRM (mixed model)"
"rs3743651",16,83006662,"Gulono.1.4.lactone",662.817512879902,147.455852693232,1.42587461002256e-05,"Sex, PC1-PC10, GRM (mixed model)"
"rs6592552",11,69901479,"N.acetylglycine",328.884059348593,73.1799530395551,1.43081818323943e-05,"Sex, PC1-PC10, GRM (mixed model)"
"rs9360745",6,74936028,"Propionylcarnitine..C3.",1174.32376956925,261.323953525379,1.43338339100646e-05,"Sex, PC1-PC10, GRM (mixed model)"
"rs12726803",1,88070515,"Glutamate",816.533993696146,181.724851243117,1.43635736651224e-05,"Sex, PC1-PC10, GRM (mixed model)"
"rs7634813",3,117038899,"Paraxanthine",491.247940385092,109.354640094193,1.44226405720221e-05,"Sex, PC1-PC10, GRM (mixed model)"
"rs12373499",18,73947895,"Glycochenodeoxycholate",950.812323022545,211.815271180574,1.4623982097e-05,"Sex, PC1-PC10, GRM (mixed model)"
"rs755768",17,72534983,"Valine",818.962018816478,182.46349228533,1.46549362655931e-05,"Sex, PC1-PC10, GRM (mixed model)"
"rs16883548",5,9852238,"Linoleate..18.2.",832.935422711725,185.583225627436,1.46643825977056e-05,"Sex, PC1-PC10, GRM (mixed model)"
"rs16993306",20,7200261,"Glycine",537.106263575046,119.694781189914,1.47190644346226e-05,"Sex, PC1-PC10, GRM (mixed model)"
"rs16936772",10,80478713,"Taurocholate",196.994642093818,43.9175806307869,1.48250653785354e-05,"Sex, PC1-PC10, GRM (mixed model)"
"rs16864594",3,154027019,"Gulono.1.4.lactone",886.677253384783,197.688225504093,1.48447380381429e-05,"Sex, PC1-PC10, GRM (mixed model)"
"rs7284468",22,35197410,"X1.linoleoyl.GPC..18.2.",53.357187116084,11.900149565221,1.493588110442e-05,"Sex, PC1-PC10, GRM (mixed model)"
"rs17793950",20,58855929,"Phenylalanine",1552.81380638725,346.45761528406,1.50447286022206e-05,"Sex, PC1-PC10, GRM (mixed model)"
"rs3816193",2,143516377,"Uridine",1287.4918247428,287.376414428492,1.51573010611628e-05,"Sex, PC1-PC10, GRM (mixed model)"
"rs12607971",18,63771915,"Erythritol",976.166646508167,217.914910751267,1.51935170703902e-05,"Sex, PC1-PC10, GRM (mixed model)"
"rs16998308",23,32352267,"Uridine",1359.78285635247,303.568228733087,1.52088213067011e-05,"Sex, PC1-PC10, GRM (mixed model)"
"rs17090036",4,60922822,"Paraxanthine",618.866018166558,138.199455943448,1.52881938183504e-05,"Sex, PC1-PC10, GRM (mixed model)"
"rs1424066",16,81087086,"N.acetylglycine",199.170342169914,44.4864749716382,1.53488932898284e-05,"Sex, PC1-PC10, GRM (mixed model)"
"rs389870",5,31749959,"Isoleucine",194.413478872429,43.4398316387927,1.54521078559421e-05,"Sex, PC1-PC10, GRM (mixed model)"
"rs10798707",1,177905434,"X1.oleoyl.GPC..18.1.",259.413850542864,57.9938813545031,1.56012552991887e-05,"Sex, PC1-PC10, GRM (mixed model)"
"rs391974",5,67650649,"X1.linoleoyl.GPC..18.2.",68.9492907824093,15.4162210790812,1.56402636776133e-05,"Sex, PC1-PC10, GRM (mixed model)"
"rs7908075",10,28656562,"Tyrosine",209.745720587304,46.9009891661534,1.56672183528797e-05,"Sex, PC1-PC10, GRM (mixed model)"
"rs17185211",18,65299361,"Gulono.1.4.lactone",742.294256748655,165.990900906936,1.56799861019812e-05,"Sex, PC1-PC10, GRM (mixed model)"
"rs80680",22,44290254,"Linoleate..18.2.",1128.14576602241,252.396822921823,1.58199318158325e-05,"Sex, PC1-PC10, GRM (mixed model)"
"rs9951326",18,27580270,"alpha.Hydroxybutyrate",-275.120215505528,61.5934356278049,1.60168055563922e-05,"Sex, PC1-PC10, GRM (mixed model)"
"rs17821135",15,56283262,"Isovalerylcarnitine..C5.",478.070288275042,107.116149241916,1.62555526863829e-05,"Sex, PC1-PC10, GRM (mixed model)"
"rs7567228",2,209122744,"Uridine",1667.33374905943,373.811199865914,1.64388834516262e-05,"Sex, PC1-PC10, GRM (mixed model)"
"rs11923681",3,62124475,"Glycine",602.650207582817,135.145915293211,1.65135848838005e-05,"Sex, PC1-PC10, GRM (mixed model)"
"rs11234095",11,83990352,"X1.linoleoyl.GPC..18.2.",83.1268381456861,18.643299033218,1.65440747359591e-05,"Sex, PC1-PC10, GRM (mixed model)"
"rs9864300",3,192922489,"Taurocholate",169.281119516324,37.9659018622125,1.65466435505208e-05,"Sex, PC1-PC10, GRM (mixed model)"
"rs7627115",3,181596733,"Glycine",610.025898650679,136.883123311727,1.66977670093677e-05,"Sex, PC1-PC10, GRM (mixed model)"
"rs5761891",22,25710713,"Hypoxanthine",1034.54802390466,232.224649046023,1.68074878317024e-05,"Sex, PC1-PC10, GRM (mixed model)"
"rs7924071",10,101737154,"Leucine",780.086134096952,175.125359880305,1.6841954944277e-05,"Sex, PC1-PC10, GRM (mixed model)"
"rs10042330",5,2721187,"Taurocholate",164.218544776058,36.8685351479533,1.68611858017985e-05,"Sex, PC1-PC10, GRM (mixed model)"
"rs12142526",1,90177778,"Isovalerylcarnitine..C5.",471.665781807167,105.917267148228,1.69311424156074e-05,"Sex, PC1-PC10, GRM (mixed model)"
"rs295867",17,32222676,"Linoleate..18.2.",529.073786981048,118.821103378681,1.69630778721639e-05,"Sex, PC1-PC10, GRM (mixed model)"
"rs10509798",10,107493731,"alpha.Hydroxybutyrate",249.720597980045,56.0885373039311,1.69932673437684e-05,"Sex, PC1-PC10, GRM (mixed model)"
"rs11108953",12,96200778,"Uridine",1174.53223020322,263.923416091636,1.71314338935989e-05,"Sex, PC1-PC10, GRM (mixed model)"
"rs920331",2,119384990,"Linoleate..18.2.",947.092155405729,212.848403671033,1.71782626635386e-05,"Sex, PC1-PC10, GRM (mixed model)"
"rs17722860",8,134684834,"Glycine",601.81168994853,135.268878509576,1.72208370082834e-05,"Sex, PC1-PC10, GRM (mixed model)"
"rs7359590",17,68798755,"Palmitoylcarnitine..C16.",822.630865025474,184.923708860829,1.72571582201491e-05,"Sex, PC1-PC10, GRM (mixed model)"
"rs659944",11,78401371,"Leucine",739.29063599566,166.219887423908,1.73151729122137e-05,"Sex, PC1-PC10, GRM (mixed model)"
"rs17010085",3,72791534,"Hippurate",202.96154181549,45.6459751622176,1.74030238066822e-05,"Sex, PC1-PC10, GRM (mixed model)"
"rs1727778",19,49790431,"Phenylalanine",1134.31532474346,255.165706774067,1.74757910774867e-05,"Sex, PC1-PC10, GRM (mixed model)"
"rs11247281",15,99701852,"Linoleate..18.2.",655.203482576579,147.462155190322,1.76341826688455e-05,"Sex, PC1-PC10, GRM (mixed model)"
"rs6660968",1,93947107,"Phenylalanine",1223.01298437172,275.339337784887,1.77322795985752e-05,"Sex, PC1-PC10, GRM (mixed model)"
"rs3825593",14,52455987,"Valine",377.256237790933,84.9390953818136,1.77574758694143e-05,"Sex, PC1-PC10, GRM (mixed model)"
"rs7568953",2,126249416,"Glycochenodeoxycholate",1159.53963908879,261.197379394778,1.79152975616875e-05,"Sex, PC1-PC10, GRM (mixed model)"
"rs4562370",8,90704907,"Glutamine",111.458088573085,25.1189743390256,1.80706861628556e-05,"Sex, PC1-PC10, GRM (mixed model)"
"rs9646544",18,41551736,"Hexanoylcarnitine..C6.",213.568308805447,48.1361828987868,1.81042564059172e-05,"Sex, PC1-PC10, GRM (mixed model)"
"rs10437024",1,82673852,"Glycine",562.094162572986,126.695159728785,1.81164143533122e-05,"Sex, PC1-PC10, GRM (mixed model)"
"rs9366301",6,10294561,"Hypoxanthine",585.028866335844,131.877364331759,1.81481608079048e-05,"Sex, PC1-PC10, GRM (mixed model)"
"rs484717",11,34790216,"Isoleucine",228.004664890454,51.4088982865469,1.82251387164509e-05,"Sex, PC1-PC10, GRM (mixed model)"
"rs7206844",16,85243457,"Paraxanthine",474.928403714554,107.108952520224,1.83035276976326e-05,"Sex, PC1-PC10, GRM (mixed model)"
"rs10800806",1,200239744,"Glycochenodeoxycholate",1119.24560946091,252.446509898697,1.83388753340985e-05,"Sex, PC1-PC10, GRM (mixed model)"
"rs7694032",4,61235645,"Isoleucine",159.049552448047,35.913749943908,1.87120153838383e-05,"Sex, PC1-PC10, GRM (mixed model)"
"rs1147474",14,68851148,"Threonate",346.168878654384,78.1708817018849,1.87343303343548e-05,"Sex, PC1-PC10, GRM (mixed model)"
"rs1482619",3,83091740,"alpha.Hydroxybutyrate",243.230175010034,54.9432462676518,1.88434848143119e-05,"Sex, PC1-PC10, GRM (mixed model)"
"rs2810569",1,41668084,"Linoleate..18.2.",947.091510801021,214.007308119883,1.89531551090623e-05,"Sex, PC1-PC10, GRM (mixed model)"
"rs7111672",11,4391233,"Erythritol",543.822643498478,122.905068348111,1.90128976489951e-05,"Sex, PC1-PC10, GRM (mixed model)"
"rs2236030",22,49246176,"Uridine",1604.06787480786,362.529637986366,1.90194222776295e-05,"Sex, PC1-PC10, GRM (mixed model)"
"rs7562954",2,133045078,"Uridine",2424.79164258361,548.315168549424,1.92057183657809e-05,"Sex, PC1-PC10, GRM (mixed model)"
"rs17488303",8,16762389,"Phenylalanine",1192.03250817527,269.616512529808,1.92875150307849e-05,"Sex, PC1-PC10, GRM (mixed model)"
"rs10777902",12,97022354,"Threonate",-221.721297342081,50.1697792055028,1.94289435714448e-05,"Sex, PC1-PC10, GRM (mixed model)"
"rs2322790",17,12975344,"Glutamine",164.262282667023,37.169676325122,1.94419368663942e-05,"Sex, PC1-PC10, GRM (mixed model)"
"rs35225245",1,231576204,"Uridine",1572.39467587285,355.885377995898,1.95206867981224e-05,"Sex, PC1-PC10, GRM (mixed model)"
"rs11108454",12,95207304,"Uridine",1397.03338088344,316.294599341366,1.96311761356344e-05,"Sex, PC1-PC10, GRM (mixed model)"
"rs11085118",19,5165158,"Hypoxanthine",433.611737635192,98.1836061745741,1.9674221224779e-05,"Sex, PC1-PC10, GRM (mixed model)"
"rs11165727",1,97076109,"Glycine",645.84869656743,146.249832407196,1.96959078899477e-05,"Sex, PC1-PC10, GRM (mixed model)"
"rs17078383",6,117230654,"Propionylcarnitine..C3.",1158.38318562671,262.368172448682,1.97728604078852e-05,"Sex, PC1-PC10, GRM (mixed model)"
"rs10085484",7,63769540,"Paraxanthine",417.538405376337,94.6033567860647,1.98968048352263e-05,"Sex, PC1-PC10, GRM (mixed model)"
"rs16920467",11,93827574,"Oleate..18.1.",741.710091319318,168.094132793436,1.99859648698866e-05,"Sex, PC1-PC10, GRM (mixed model)"
"rs16922823",10,67755168,"Palmitoylcarnitine..C16.",1348.3160418977,305.610619109561,2.00341935315331e-05,"Sex, PC1-PC10, GRM (mixed model)"
"rs6997598",8,16562352,"Glycochenodeoxycholate",805.522768954566,182.588489967655,2.00497799346819e-05,"Sex, PC1-PC10, GRM (mixed model)"
"rs11937054",4,10302947,"Tyrosine",220.027373477183,49.8907133237412,2.01721413217293e-05,"Sex, PC1-PC10, GRM (mixed model)"
"rs17065995",13,44120314,"Isovalerylcarnitine..C5.",517.647387499226,117.379632441574,2.01852286873832e-05,"Sex, PC1-PC10, GRM (mixed model)"
"rs1010786",3,129588973,"Paraxanthine",364.258146940715,82.6037947674867,2.02118990255066e-05,"Sex, PC1-PC10, GRM (mixed model)"
"rs7701007",5,95174048,"Glutamine",154.300426379765,35.0236795065818,2.05512332652542e-05,"Sex, PC1-PC10, GRM (mixed model)"
"rs10758242",9,34136776,"Taurocholate",87.5147671703849,19.8731747758902,2.07137110828074e-05,"Sex, PC1-PC10, GRM (mixed model)"
"rs17085776",13,69428901,"alpha.Hydroxybutyrate",195.355090029423,44.3669309592435,2.07553059165402e-05,"Sex, PC1-PC10, GRM (mixed model)"
"rs769483",5,14128834,"Erythritol",869.318128839821,197.448391794344,2.07896719103431e-05,"Sex, PC1-PC10, GRM (mixed model)"
"rs7952054",11,96490299,"alpha.Hydroxybutyrate",209.67391270966,47.6248486384052,2.08019448198198e-05,"Sex, PC1-PC10, GRM (mixed model)"
"rs10491289",5,133356459,"Hexanoylcarnitine..C6.",201.307717134653,45.7285064444558,2.08339608919949e-05,"Sex, PC1-PC10, GRM (mixed model)"
"rs7977312",12,23941586,"Palmitoylcarnitine..C16.",800.348042190823,181.824029048408,2.08732426147013e-05,"Sex, PC1-PC10, GRM (mixed model)"
"rs5945108",23,153557591,"Palmitoylcarnitine..C16.",832.775721512401,189.211059368634,2.09128275529376e-05,"Sex, PC1-PC10, GRM (mixed model)"
"rs6466066",7,104876049,"X1.linoleoyl.GPC..18.2.",91.1284398828203,20.7159386710229,2.11133885699432e-05,"Sex, PC1-PC10, GRM (mixed model)"
"rs13157917",5,79428697,"Erythritol",818.857567407954,186.150877696562,2.11186282739269e-05,"Sex, PC1-PC10, GRM (mixed model)"
"rs7173521",15,89294211,"Leucine",787.20452546236,178.974630123809,2.11595891718186e-05,"Sex, PC1-PC10, GRM (mixed model)"
"rs6659942",1,93076039,"Hippurate",333.493166656455,75.8288736722171,2.11976655493804e-05,"Sex, PC1-PC10, GRM (mixed model)"
"rs1533303",2,177385733,"Gulono.1.4.lactone",672.421292285479,152.914672031487,2.12499870789678e-05,"Sex, PC1-PC10, GRM (mixed model)"
"rs17294061",10,1710740,"Isovalerylcarnitine..C5.",401.279229472327,91.2578899118789,2.12639870223086e-05,"Sex, PC1-PC10, GRM (mixed model)"
"rs874494",10,80190041,"Taurocholate",167.581052740619,38.117154859858,2.13267709204665e-05,"Sex, PC1-PC10, GRM (mixed model)"
"rs7592092",2,45850198,"Uridine",1898.45402831044,431.86542870653,2.13730279483757e-05,"Sex, PC1-PC10, GRM (mixed model)"
"rs173638",5,146198419,"Tyrosine",152.391838100994,34.6754838745842,2.14718762311221e-05,"Sex, PC1-PC10, GRM (mixed model)"
"rs11154581",6,130812526,"Propionylcarnitine..C3.",1164.97260810386,265.082568557855,2.14759574510023e-05,"Sex, PC1-PC10, GRM (mixed model)"
"rs9283722",5,30117422,"X1.oleoyl.GPC..18.1.",256.283561819828,58.3416027017918,2.16458243782128e-05,"Sex, PC1-PC10, GRM (mixed model)"
"rs3200218",8,19868351,"Phenylalanine",1220.17521807864,277.84491134447,2.17548809164805e-05,"Sex, PC1-PC10, GRM (mixed model)"
"rs9806181",15,23591163,"Hippurate",278.275763435372,63.3870677221739,2.18844883473871e-05,"Sex, PC1-PC10, GRM (mixed model)"
"rs558930",13,74684158,"Xanthine",1015.59943204864,231.362562224215,2.19251647911177e-05,"Sex, PC1-PC10, GRM (mixed model)"
"rs9289190",3,123533313,"Tyrosine",241.394856481024,54.995229683887,2.19488469872296e-05,"Sex, PC1-PC10, GRM (mixed model)"
"rs1426307",18,72117555,"Isoleucine",214.802191675058,48.9391792791836,2.19676905811586e-05,"Sex, PC1-PC10, GRM (mixed model)"
"rs17194099",12,91153869,"Caffeine",276.512483865469,62.9991229725898,2.19692969771655e-05,"Sex, PC1-PC10, GRM (mixed model)"
"rs329476",5,170072766,"X1.oleoyl.GPC..18.1.",108.29758904206,24.6751189242225,2.19879229034399e-05,"Sex, PC1-PC10, GRM (mixed model)"
"rs12114331",8,217923,"Paraxanthine",441.952894975197,100.71742817506,2.20674032227938e-05,"Sex, PC1-PC10, GRM (mixed model)"
"rs4554462",8,62017395,"Valine",341.084533711276,77.7577344453623,2.22058624101461e-05,"Sex, PC1-PC10, GRM (mixed model)"
"rs16977507",15,55527416,"Glycochenodeoxycholate",936.649872910471,213.578363950695,2.2295373517846e-05,"Sex, PC1-PC10, GRM (mixed model)"
"rs476466",1,57436511,"Phenylalanine",882.030785080757,201.16884689685,2.23839315712121e-05,"Sex, PC1-PC10, GRM (mixed model)"
"rs1982654",15,93008720,"Pyridoxate",599.836193640553,136.860754498335,2.25392316360546e-05,"Sex, PC1-PC10, GRM (mixed model)"
"rs676755",7,123226318,"Pyridoxate",414.250157204827,94.5505877788854,2.26825531419631e-05,"Sex, PC1-PC10, GRM (mixed model)"
"rs8059887",16,85652900,"alpha.Hydroxybutyrate",324.972089864757,74.1941396564747,2.27957191615905e-05,"Sex, PC1-PC10, GRM (mixed model)"
"rs6508826",19,44117562,"Xanthine",1268.69450549644,289.790945965404,2.29863075630386e-05,"Sex, PC1-PC10, GRM (mixed model)"
"rs16972210",15,39955248,"Leucine",842.798731522432,192.511225016529,2.29904586484654e-05,"Sex, PC1-PC10, GRM (mixed model)"
"rs17224078",16,49409330,"N.acetylglycine",463.358764993523,105.868904460141,2.31020618379122e-05,"Sex, PC1-PC10, GRM (mixed model)"
"rs285031",13,97584032,"X1.oleoyl.GPC..18.1.",149.084020849654,34.0653354027962,2.3130814143411e-05,"Sex, PC1-PC10, GRM (mixed model)"
"rs7845814",8,56419043,"Propionylcarnitine..C3.",1289.07804702953,294.583736515239,2.31760593992692e-05,"Sex, PC1-PC10, GRM (mixed model)"
"rs17823433",6,112612350,"Valine",800.096485485607,182.881071703864,2.3267621111004e-05,"Sex, PC1-PC10, GRM (mixed model)"
"rs10989662",9,103663864,"Phenylalanine",1213.49542640144,277.504348339539,2.34627676265115e-05,"Sex, PC1-PC10, GRM (mixed model)"
"rs2617921",18,26432008,"Glycochenodeoxycholate",983.769774394225,224.977499164273,2.34760948094674e-05,"Sex, PC1-PC10, GRM (mixed model)"
"rs3764276",16,29580704,"Propionylcarnitine..C3.",733.898625078944,167.843717169649,2.3498452803908e-05,"Sex, PC1-PC10, GRM (mixed model)"
"rs10276928",7,138964356,"Theobromine",549.35872942036,125.700642273665,2.3702281849321e-05,"Sex, PC1-PC10, GRM (mixed model)"
"rs16891116",5,62155105,"Hypoxanthine",847.276249127079,193.899195532691,2.37693152319385e-05,"Sex, PC1-PC10, GRM (mixed model)"
"rs8136803",22,31567112,"Threonate",295.355440716776,67.6072003763172,2.38631504051206e-05,"Sex, PC1-PC10, GRM (mixed model)"
"rs6539009",12,100613223,"Leucine",909.7542759596,208.252824730592,2.38813934354228e-05,"Sex, PC1-PC10, GRM (mixed model)"
"rs940390",10,95312034,"X1.oleoyl.GPC..18.1.",141.373035655554,32.3689425111058,2.39738093266856e-05,"Sex, PC1-PC10, GRM (mixed model)"
"rs11769541",7,154004091,"Isoleucine",204.502645167204,46.8238841359374,2.39802123172832e-05,"Sex, PC1-PC10, GRM (mixed model)"
"rs2097983",19,62472907,"Hypoxanthine",600.318522517087,137.452180017927,2.39815576515262e-05,"Sex, PC1-PC10, GRM (mixed model)"
"rs9303350",17,49905876,"X1.palmitoyl.GPC..16.0.",98.1811739501883,22.4817718581597,2.40131417594667e-05,"Sex, PC1-PC10, GRM (mixed model)"
"rs10488978",4,13982575,"X1.linoleoyl.GPC..18.2.",60.3685310766093,13.8242960902854,2.40424958283798e-05,"Sex, PC1-PC10, GRM (mixed model)"
"rs571196",23,137807942,"X1.palmitoyl.GPC..16.0.",84.0310718558834,19.2463436152302,2.4116665257657e-05,"Sex, PC1-PC10, GRM (mixed model)"
"rs17709142",1,212041357,"Palmitoylcarnitine..C16.",969.474997077173,222.047132602479,2.41168846711643e-05,"Sex, PC1-PC10, GRM (mixed model)"
"rs1606610",17,6242286,"Oleate..18.1.",455.679977138603,104.402093851067,2.42549074819161e-05,"Sex, PC1-PC10, GRM (mixed model)"
"rs11176449",12,65527920,"Oleate..18.1.",766.726038477036,175.728707648936,2.44060367561773e-05,"Sex, PC1-PC10, GRM (mixed model)"
"rs156601",20,51443548,"Phenylalanine",1274.7723342812,292.17642800205,2.44159710648125e-05,"Sex, PC1-PC10, GRM (mixed model)"
"rs17759655",2,28240704,"Palmitoylcarnitine..C16.",1201.89392188542,275.509533660416,2.44733627647979e-05,"Sex, PC1-PC10, GRM (mixed model)"
"rs7175886",15,31780252,"Paraxanthine",468.366081279836,107.367954990281,2.44919614306468e-05,"Sex, PC1-PC10, GRM (mixed model)"
"rs8096871",18,68725703,"Xanthine",1142.04250174636,261.925271992629,2.46970090052712e-05,"Sex, PC1-PC10, GRM (mixed model)"
"rs11136360",8,1140018,"Linoleate..18.2.",812.015943888115,186.298425419386,2.48468582443438e-05,"Sex, PC1-PC10, GRM (mixed model)"
"rs7222943",17,62318151,"Linoleate..18.2.",1075.01742966821,246.690073074702,2.49390234745799e-05,"Sex, PC1-PC10, GRM (mixed model)"
"rs4724951",7,7154047,"Leucine",796.611847136727,182.863135238485,2.50838544308075e-05,"Sex, PC1-PC10, GRM (mixed model)"
"rs1992535",11,99293949,"Uridine",1670.85656005858,383.688962295271,2.52472903175371e-05,"Sex, PC1-PC10, GRM (mixed model)"
"rs2271315",17,6743013,"Tyrosine",161.976833797588,37.1991658048298,2.52882722736961e-05,"Sex, PC1-PC10, GRM (mixed model)"
"rs807267",1,25942094,"Glycine",613.11248391185,140.852783975303,2.54367299337689e-05,"Sex, PC1-PC10, GRM (mixed model)"
"rs2769916",13,106618390,"Isoleucine",103.624290675389,23.8085708529334,2.54844911835823e-05,"Sex, PC1-PC10, GRM (mixed model)"
"rs17776428",2,119095585,"Gulono.1.4.lactone",595.840199169996,136.907122208623,2.55096840201174e-05,"Sex, PC1-PC10, GRM (mixed model)"
"rs2815067",6,39374614,"Threonate",325.42451192909,74.7763654908994,2.5528062678078e-05,"Sex, PC1-PC10, GRM (mixed model)"
"rs17109739",14,79218034,"Phenylalanine",1563.15341447221,359.216556157654,2.55699653784781e-05,"Sex, PC1-PC10, GRM (mixed model)"
"rs4373465",7,117125184,"Propionylcarnitine..C3.",878.296345432173,201.851575496431,2.56074629920253e-05,"Sex, PC1-PC10, GRM (mixed model)"
"rs7247284",19,12782186,"Isovalerylcarnitine..C5.",554.695842272615,127.514815239766,2.57261534194062e-05,"Sex, PC1-PC10, GRM (mixed model)"
"rs16831597",3,121947350,"Glycine",790.330037834437,181.684638780601,2.57302882857459e-05,"Sex, PC1-PC10, GRM (mixed model)"
"rs1590190",6,132568341,"N.acetylglycine",-206.834579656742,47.5852149607191,2.60843213697665e-05,"Sex, PC1-PC10, GRM (mixed model)"
"rs9306818",23,143231618,"Uridine",1704.96785662868,392.30616917323,2.61474650412033e-05,"Sex, PC1-PC10, GRM (mixed model)"
"rs11114068",12,107762088,"X1.oleoyl.GPC..18.1.",180.445029910937,41.5209596324901,2.6161695259102e-05,"Sex, PC1-PC10, GRM (mixed model)"
"rs13295326",9,72746499,"Linoleate..18.2.",1090.37060081204,250.952553831192,2.62619437550167e-05,"Sex, PC1-PC10, GRM (mixed model)"
"rs951776",3,150456991,"Glycine",501.50473830162,115.424824420386,2.62690201779611e-05,"Sex, PC1-PC10, GRM (mixed model)"
"rs17357836",1,41162544,"Palmitoylcarnitine..C16.",1029.55733290803,237.038988593437,2.64227630942213e-05,"Sex, PC1-PC10, GRM (mixed model)"
"rs16975402",18,37722267,"Theobromine",991.6382015568,228.468116017272,2.67466192632135e-05,"Sex, PC1-PC10, GRM (mixed model)"
"rs1420411",12,96715212,"X1.linoleoyl.GPC..18.2.",56.4084879768072,12.9996326155338,2.6869640191047e-05,"Sex, PC1-PC10, GRM (mixed model)"
"rs16830177",2,152101033,"Propionylcarnitine..C3.",1147.17850507961,264.386644604457,2.68932672881002e-05,"Sex, PC1-PC10, GRM (mixed model)"
"rs17035372",12,103265691,"Isovalerylcarnitine..C5.",624.667787486409,143.988594667682,2.69694495900074e-05,"Sex, PC1-PC10, GRM (mixed model)"
"rs2036010",5,26357418,"alpha.Hydroxybutyrate",-264.481185592595,60.9680752455246,2.7000553243391e-05,"Sex, PC1-PC10, GRM (mixed model)"
"rs1448265",16,10134609,"Isoleucine",236.513466804906,54.5338222825869,2.71116771140501e-05,"Sex, PC1-PC10, GRM (mixed model)"
"rs1626487",10,28674776,"Glutamine",100.289257712825,23.1275734574264,2.71830951852292e-05,"Sex, PC1-PC10, GRM (mixed model)"
"rs2032155",21,19562828,"alpha.Hydroxybutyrate",291.828980222763,67.3249607297253,2.73712361153882e-05,"Sex, PC1-PC10, GRM (mixed model)"
"rs7210592",17,73478189,"Isovalerylcarnitine..C5.",519.193941005001,119.788813070179,2.74139999262454e-05,"Sex, PC1-PC10, GRM (mixed model)"
"rs7876582",23,5296649,"X1.linoleoyl.GPC..18.2.",42.5899574537956,9.84082769609047,2.81227718905642e-05,"Sex, PC1-PC10, GRM (mixed model)"
"rs11964138",6,54802799,"X1.oleoyl.GPC..18.1.",139.060257139264,32.156144430633,2.8503385540326e-05,"Sex, PC1-PC10, GRM (mixed model)"
"rs13145913",4,7203523,"Glycochenodeoxycholate",561.126851544149,129.799194654259,2.86745374377963e-05,"Sex, PC1-PC10, GRM (mixed model)"
"rs9324141",1,85057961,"Linoleate..18.2.",765.704783144326,177.134682947174,2.8710364563608e-05,"Sex, PC1-PC10, GRM (mixed model)"
"rs11645525",16,84644530,"Isoleucine",204.895957485881,47.4079337125307,2.87968334897663e-05,"Sex, PC1-PC10, GRM (mixed model)"
"rs17538591",13,42760855,"Gulono.1.4.lactone",503.410321278805,116.507728287701,2.89291608547582e-05,"Sex, PC1-PC10, GRM (mixed model)"
"rs1456583",2,40847090,"Phenylalanine",1112.88867920021,257.594134017241,2.89887527115151e-05,"Sex, PC1-PC10, GRM (mixed model)"
"rs17590535",13,101907430,"Glycine",467.629163485162,108.332046587962,2.94204064561481e-05,"Sex, PC1-PC10, GRM (mixed model)"
"rs288650",16,61152892,"Hexanoylcarnitine..C6.",214.51362025846,49.6976124089739,2.94500348035858e-05,"Sex, PC1-PC10, GRM (mixed model)"
"rs273655",19,56363926,"Oleate..18.1.",611.060656556187,141.641556662901,2.97156409792045e-05,"Sex, PC1-PC10, GRM (mixed model)"
"rs1929876",9,80605815,"Glutamate",415.676785739761,96.4066157278192,3.00060234695808e-05,"Sex, PC1-PC10, GRM (mixed model)"
"rs17474534",11,18075466,"Hexanoylcarnitine..C6.",214.735792978618,49.8046691881814,3.00233739548735e-05,"Sex, PC1-PC10, GRM (mixed model)"
"rs12454775",18,71210571,"alpha.Hydroxybutyrate",236.925153059779,54.9572921766295,3.00813063323454e-05,"Sex, PC1-PC10, GRM (mixed model)"
"rs41398449",7,89544542,"Threonate",249.547360791694,57.8857697138451,3.0086891581748e-05,"Sex, PC1-PC10, GRM (mixed model)"
"rs11600901",11,117537196,"Palmitoylcarnitine..C16.",1051.82708187749,244.002727555624,3.01245506659679e-05,"Sex, PC1-PC10, GRM (mixed model)"
"rs1815570",17,20581526,"alpha.Hydroxybutyrate",207.662933308793,48.1781672580094,3.01735792784275e-05,"Sex, PC1-PC10, GRM (mixed model)"
"rs11925597",3,153768105,"Glutamine",106.474768434542,24.7075058321751,3.02826613011858e-05,"Sex, PC1-PC10, GRM (mixed model)"
"rs10484729",6,116089663,"Phenylalanine",1625.87791920342,377.317696232178,3.03272049236606e-05,"Sex, PC1-PC10, GRM (mixed model)"
"rs1321606",6,153586972,"Glutamine",184.206934197435,42.7598588040296,3.04611066792836e-05,"Sex, PC1-PC10, GRM (mixed model)"
"rs2822704",21,14789617,"alpha.Hydroxybutyrate",261.407900667549,60.6863778343798,3.05121552020949e-05,"Sex, PC1-PC10, GRM (mixed model)"
"rs2478037",14,67013123,"alpha.Hydroxybutyrate",-128.940399698438,29.9389909267675,3.0603805439897e-05,"Sex, PC1-PC10, GRM (mixed model)"
"rs7781179",7,7050687,"Glycine",512.876316470932,119.146998728855,3.08746198715352e-05,"Sex, PC1-PC10, GRM (mixed model)"
"rs17633721",15,52107864,"Glycine",664.368018383768,154.36653470197,3.09652103541521e-05,"Sex, PC1-PC10, GRM (mixed model)"
"rs9552848",13,22603934,"X1.oleoyl.GPC..18.1.",211.495042180545,49.1790385460183,3.13789691300505e-05,"Sex, PC1-PC10, GRM (mixed model)"
"rs11646984",16,6851211,"Glycine",535.794461218482,124.593629000464,3.14010324927397e-05,"Sex, PC1-PC10, GRM (mixed model)"
"rs6969759",7,66997997,"Hexanoylcarnitine..C6.",188.499895383344,43.8443620281482,3.15316971081561e-05,"Sex, PC1-PC10, GRM (mixed model)"
"rs12558995",23,143670886,"Glutamine",88.5097860437285,20.588739741697,3.15763875561394e-05,"Sex, PC1-PC10, GRM (mixed model)"
"rs13223215",7,141497241,"Threonate",335.930587514184,78.1627874329759,3.17164682525527e-05,"Sex, PC1-PC10, GRM (mixed model)"
"rs231707",4,2664183,"Xanthine",746.871511653135,173.803687760823,3.17950002842435e-05,"Sex, PC1-PC10, GRM (mixed model)"
"rs11099594",4,84459871,"Caffeine",187.081570442348,43.5390391702947,3.18386561064497e-05,"Sex, PC1-PC10, GRM (mixed model)"
"rs2455066",19,56333487,"Glutamine",162.390753915498,37.8034641105235,3.19929798629909e-05,"Sex, PC1-PC10, GRM (mixed model)"
"rs9506441",13,19650437,"Erythritol",605.222756754624,140.899156526401,3.20218406384314e-05,"Sex, PC1-PC10, GRM (mixed model)"
"rs1356896",3,54600757,"Propionylcarnitine..C3.",1246.81634106152,290.307412386157,3.2100916898321e-05,"Sex, PC1-PC10, GRM (mixed model)"
"rs2346687",17,28625159,"Threonate",218.180943544181,50.8034040570682,3.21267144617509e-05,"Sex, PC1-PC10, GRM (mixed model)"
"rs12100914",14,60922603,"Paraxanthine",496.427201447757,115.625485880968,3.22817064638661e-05,"Sex, PC1-PC10, GRM (mixed model)"
"rs1870162",10,87981078,"Taurocholate",161.074691185204,37.5177911922644,3.22969292949314e-05,"Sex, PC1-PC10, GRM (mixed model)"
"rs12986266",19,5949890,"Phenylalanine",1047.89346855779,244.173263395811,3.25154195082205e-05,"Sex, PC1-PC10, GRM (mixed model)"
"rs4278438",10,132419543,"Isovalerylcarnitine..C5.",405.305620809032,94.4557757144192,3.2598705634429e-05,"Sex, PC1-PC10, GRM (mixed model)"
"rs2033791",10,132883393,"Gulono.1.4.lactone",750.94166081254,175.00631239062,3.26007897177009e-05,"Sex, PC1-PC10, GRM (mixed model)"
"rs766857",10,107968162,"Isovalerylcarnitine..C5.",289.289020462687,67.4201841728162,3.26142391577777e-05,"Sex, PC1-PC10, GRM (mixed model)"
"rs2014378",3,45451490,"X1.linoleoyl.GPC..18.2.",67.4510719740613,15.720703687482,3.26465606051862e-05,"Sex, PC1-PC10, GRM (mixed model)"
"rs9470663",6,12094807,"Glutamine",103.322029286463,24.0881093400519,3.28098282321286e-05,"Sex, PC1-PC10, GRM (mixed model)"
"rs12857448",23,143490965,"Oleate..18.1.",658.357673844611,153.529681646676,3.29660459839959e-05,"Sex, PC1-PC10, GRM (mixed model)"
"rs11913160",22,45484501,"alpha.Hydroxybutyrate",278.682845810724,64.9965918290139,3.30308471301797e-05,"Sex, PC1-PC10, GRM (mixed model)"
"rs6703372",1,170049334,"Threonate",436.903872844937,101.956297122972,3.33543619322795e-05,"Sex, PC1-PC10, GRM (mixed model)"
"rs10505342",8,119674736,"Uridine",1229.50486332181,287.065436856605,3.36472559104716e-05,"Sex, PC1-PC10, GRM (mixed model)"
"rs10142529",14,69687081,"Erythritol",898.202218036288,209.721527571024,3.36713620265524e-05,"Sex, PC1-PC10, GRM (mixed model)"
"rs2532103",15,89178254,"Hypoxanthine",714.44241886502,166.83824163851,3.3750107819184e-05,"Sex, PC1-PC10, GRM (mixed model)"
"rs6989838",8,128198554,"Phenylalanine",1720.71718573986,401.890532065671,3.38428657485742e-05,"Sex, PC1-PC10, GRM (mixed model)"
"rs41335148",2,112201804,"Hypoxanthine",814.497070011096,190.304990241704,3.40592001265618e-05,"Sex, PC1-PC10, GRM (mixed model)"
"rs7649792",3,67857697,"Uridine",1185.52829700979,277.0509699951,3.41757601580507e-05,"Sex, PC1-PC10, GRM (mixed model)"
"rs381485",12,69120265,"Xanthine",1015.75666972274,237.509274099355,3.45030401618941e-05,"Sex, PC1-PC10, GRM (mixed model)"
"rs6513367",20,56077689,"Glutamine",153.870459972312,35.9811025334927,3.45413506536718e-05,"Sex, PC1-PC10, GRM (mixed model)"
"rs7181453",15,61449210,"Oleate..18.1.",696.080897068911,162.888349597587,3.49646397449142e-05,"Sex, PC1-PC10, GRM (mixed model)"
"rs2653828",4,174087663,"alpha.Hydroxybutyrate",304.834185754211,71.3467883077744,3.50748629977834e-05,"Sex, PC1-PC10, GRM (mixed model)"
"rs830504",8,73478558,"Glycochenodeoxycholate",977.649197129198,228.83744809685,3.51205635380313e-05,"Sex, PC1-PC10, GRM (mixed model)"
"rs17317153",20,40380498,"Tyrosine",167.501964073822,39.2235248248407,3.53722880649815e-05,"Sex, PC1-PC10, GRM (mixed model)"
"rs10894589",11,131998236,"Uridine",1566.66046009125,366.877538679669,3.53992916498595e-05,"Sex, PC1-PC10, GRM (mixed model)"
"rs2848777",18,37394400,"Hexanoylcarnitine..C6.",223.739543448307,52.4000807294892,3.5458779375435e-05,"Sex, PC1-PC10, GRM (mixed model)"
"rs41477247",7,16474672,"Paraxanthine",525.639973459925,123.140690242909,3.56309471852654e-05,"Sex, PC1-PC10, GRM (mixed model)"
"rs2783614",10,29383978,"Glutamate",622.507887412609,145.836930676836,3.56441110984846e-05,"Sex, PC1-PC10, GRM (mixed model)"
"rs3024668",16,27279450,"Glycine",612.776784174224,143.558460502473,3.56494461576631e-05,"Sex, PC1-PC10, GRM (mixed model)"
"rs10829675",10,131688458,"Glutamate",438.97084258291,102.863020921718,3.57848790440805e-05,"Sex, PC1-PC10, GRM (mixed model)"
"rs7931121",11,4355135,"Gulono.1.4.lactone",463.847099661317,108.694541589248,3.5797858719658e-05,"Sex, PC1-PC10, GRM (mixed model)"
"rs2268663",6,146724455,"Propionylcarnitine..C3.",718.092985634095,168.301449155401,3.59017989179846e-05,"Sex, PC1-PC10, GRM (mixed model)"
"rs10800812",1,200322561,"Erythritol",527.951284035148,123.803519773718,3.62281431911027e-05,"Sex, PC1-PC10, GRM (mixed model)"
"rs1781417",1,149974389,"Linoleate..18.2.",1214.48206955585,284.956401621169,3.65802310893469e-05,"Sex, PC1-PC10, GRM (mixed model)"
"rs10908250",11,69404715,"Leucine",623.977450112979,146.41891141662,3.66386494555961e-05,"Sex, PC1-PC10, GRM (mixed model)"
"rs1868849",2,2625597,"Leucine",613.731176315577,144.019700060478,3.66606855248753e-05,"Sex, PC1-PC10, GRM (mixed model)"
"rs11128623",3,12914829,"Threonate",410.814321309427,96.4311326290285,3.68438130754243e-05,"Sex, PC1-PC10, GRM (mixed model)"
"rs16896849",5,66826707,"X1.oleoyl.GPC..18.1.",192.135030601097,45.1113230253088,3.69980141334202e-05,"Sex, PC1-PC10, GRM (mixed model)"
"rs2581689",18,66181741,"Oleate..18.1.",464.601496559736,109.09927041968,3.70876983662202e-05,"Sex, PC1-PC10, GRM (mixed model)"
"rs11074436",16,20085436,"Hippurate",249.67930575075,58.6309230667579,3.7091942490739e-05,"Sex, PC1-PC10, GRM (mixed model)"
"rs17099427",11,102079814,"Pyridoxate",660.994999757439,155.23615020488,3.71648801067695e-05,"Sex, PC1-PC10, GRM (mixed model)"
"rs10809221",9,10843336,"Phenylalanine",1200.11238571748,281.850041885021,3.71670426667031e-05,"Sex, PC1-PC10, GRM (mixed model)"
"rs6579607",23,667125,"Gulono.1.4.lactone",518.523802871078,121.818588755029,3.73825187414615e-05,"Sex, PC1-PC10, GRM (mixed model)"
"rs4562370",8,90704907,"Gulono.1.4.lactone",500.443952958159,117.588521021585,3.74765132577862e-05,"Sex, PC1-PC10, GRM (mixed model)"
"rs4661081",1,155290916,"Glutamate",701.77946253706,164.896876169986,3.7479850874731e-05,"Sex, PC1-PC10, GRM (mixed model)"
"rs2281144",6,167011834,"Glutamine",104.087857279903,24.4712294370039,3.78366618836937e-05,"Sex, PC1-PC10, GRM (mixed model)"
"rs1322239",6,7659190,"Gulono.1.4.lactone",658.433131133157,154.806884177978,3.78702742099933e-05,"Sex, PC1-PC10, GRM (mixed model)"
"rs3115752",1,184626373,"Isovalerylcarnitine..C5.",411.858734617074,96.8389967634432,3.79046980387495e-05,"Sex, PC1-PC10, GRM (mixed model)"
"rs17688430",3,62433123,"Pyridoxate",805.736998872078,189.487637254053,3.80307885819311e-05,"Sex, PC1-PC10, GRM (mixed model)"
"rs9466963",6,23995567,"Phenylalanine",1453.91409397748,342.020224003715,3.8216343697437e-05,"Sex, PC1-PC10, GRM (mixed model)"
"rs2136822",4,67165359,"Phenylalanine",1559.4467351676,366.881258619863,3.82785528866299e-05,"Sex, PC1-PC10, GRM (mixed model)"
"rs1592015",20,17135908,"X1.oleoyl.GPC..18.1.",132.884218528091,31.2666321359566,3.83568721781476e-05,"Sex, PC1-PC10, GRM (mixed model)"
"rs10060095",5,152877600,"Oleate..18.1.",476.825145393379,112.217684084269,3.84975635961485e-05,"Sex, PC1-PC10, GRM (mixed model)"
"rs17002208",4,77926400,"Glutamine",174.174570427975,40.9937612484507,3.85436419028878e-05,"Sex, PC1-PC10, GRM (mixed model)"
"rs700467",1,199517954,"Glycine",621.947925904261,146.396293464742,3.86079707209782e-05,"Sex, PC1-PC10, GRM (mixed model)"
"rs1521496",4,141288597,"X1.linoleoyl.GPC..18.2.",52.5601719098721,12.3737549025476,3.87108191741206e-05,"Sex, PC1-PC10, GRM (mixed model)"
"rs17099779",5,142353997,"Glycine",691.047934901445,162.691906154701,3.87303784388324e-05,"Sex, PC1-PC10, GRM (mixed model)"
"rs7422960",2,178591439,"Glycochenodeoxycholate",1002.34631003378,236.01726155963,3.88328015364128e-05,"Sex, PC1-PC10, GRM (mixed model)"
"rs10845852",12,13918404,"Phenylalanine",992.54408375502,233.807107724955,3.91072349033864e-05,"Sex, PC1-PC10, GRM (mixed model)"
"rs1538106",10,108958361,"Paraxanthine",486.714583456829,114.659021909205,3.91465491563629e-05,"Sex, PC1-PC10, GRM (mixed model)"
"rs16927109",9,125874796,"Gulono.1.4.lactone",562.644696026699,132.587694577854,3.93516754811722e-05,"Sex, PC1-PC10, GRM (mixed model)"
"rs938991",10,12285607,"Xanthine",729.9876161354,172.02564055429,3.93649179965115e-05,"Sex, PC1-PC10, GRM (mixed model)"
"rs3751184",12,124063008,"Propionylcarnitine..C3.",1162.30374390749,273.956934301637,3.94944482963554e-05,"Sex, PC1-PC10, GRM (mixed model)"
"rs4722534",7,25886323,"Glycochenodeoxycholate",901.517503436689,212.500976975235,3.95312673402837e-05,"Sex, PC1-PC10, GRM (mixed model)"
"rs1462648",23,5089281,"Leucine",652.352664817857,153.947500790669,4.0307260396979e-05,"Sex, PC1-PC10, GRM (mixed model)"
"rs362855",6,146760626,"Gulono.1.4.lactone",521.773523329975,123.161412067005,4.04667967860494e-05,"Sex, PC1-PC10, GRM (mixed model)"
"rs6479746",10,62458439,"Propionylcarnitine..C3.",968.246519490348,228.552205945337,4.04774886114554e-05,"Sex, PC1-PC10, GRM (mixed model)"
"rs9318525",13,77666942,"X1.linoleoyl.GPC..18.2.",75.2757068876581,17.771531867636,4.05877374545614e-05,"Sex, PC1-PC10, GRM (mixed model)"
"rs3755326",2,241822555,"Hypoxanthine",545.681907393114,128.846896212105,4.06885881280696e-05,"Sex, PC1-PC10, GRM (mixed model)"
"rs7959120",12,39972038,"Isovalerylcarnitine..C5.",361.844742490342,85.4811379529166,4.10248162294762e-05,"Sex, PC1-PC10, GRM (mixed model)"
"rs2682338",12,51601000,"Glutamine",89.6080852099426,21.181488222314,4.14393954122919e-05,"Sex, PC1-PC10, GRM (mixed model)"
"rs17091453",14,22932214,"Pyridoxate",861.046615964158,203.544828623355,4.14778859284627e-05,"Sex, PC1-PC10, GRM (mixed model)"
"rs7899419",10,16751463,"Hippurate",338.47739762636,80.0167666956731,4.15064796798489e-05,"Sex, PC1-PC10, GRM (mixed model)"
"rs16923508",9,1987552,"Taurocholate",196.898614127357,46.5511143790818,4.15641427701268e-05,"Sex, PC1-PC10, GRM (mixed model)"
"rs1945935",11,130506095,"Hexanoylcarnitine..C6.",243.400717955571,57.5457883953091,4.1570963616812e-05,"Sex, PC1-PC10, GRM (mixed model)"
"rs578786",18,24782107,"Threonate",260.510484554103,61.6220404037797,4.19226864855105e-05,"Sex, PC1-PC10, GRM (mixed model)"
"rs5906864",23,49327202,"Glycochenodeoxycholate",708.803617726008,167.679205949614,4.1991060097042e-05,"Sex, PC1-PC10, GRM (mixed model)"
"rs281441",5,67342532,"Pyridoxate",829.400482518089,196.247656984629,4.21314776397461e-05,"Sex, PC1-PC10, GRM (mixed model)"
"rs2586770",18,46597648,"Pyridoxate",709.585888592054,167.915411554257,4.220497959633e-05,"Sex, PC1-PC10, GRM (mixed model)"
"rs17664162",11,61977085,"Paraxanthine",415.655498067583,98.3758124652952,4.23172801639665e-05,"Sex, PC1-PC10, GRM (mixed model)"
"rs1832185",10,56174379,"Glycochenodeoxycholate",908.367958511263,215.020741870482,4.24209464985881e-05,"Sex, PC1-PC10, GRM (mixed model)"
"rs3885179",19,14688830,"Hippurate",355.128371828349,84.0787803950707,4.2555422431949e-05,"Sex, PC1-PC10, GRM (mixed model)"
"rs3746679",20,5126611,"Isoleucine",228.237006676656,54.0452576742331,4.26706571363424e-05,"Sex, PC1-PC10, GRM (mixed model)"
"rs17032149",4,156010096,"Gulono.1.4.lactone",823.267661773597,194.945487653537,4.26716420166814e-05,"Sex, PC1-PC10, GRM (mixed model)"
"rs17246218",23,146211470,"Uridine",1548.05375118956,366.709117220532,4.29400576695309e-05,"Sex, PC1-PC10, GRM (mixed model)"
"rs4234805",4,7492223,"Hypoxanthine",781.916476921975,185.227394967483,4.29551734345083e-05,"Sex, PC1-PC10, GRM (mixed model)"
"rs16963382",18,28286383,"Glycochenodeoxycholate",1221.64298319603,289.430586483996,4.30462509808268e-05,"Sex, PC1-PC10, GRM (mixed model)"
"rs735183",2,153936590,"Paraxanthine",446.2437761749,105.744887532247,4.31901231467276e-05,"Sex, PC1-PC10, GRM (mixed model)"
"rs6454677",6,88935925,"alpha.Hydroxybutyrate",287.954527333533,68.2869909085215,4.37339638623237e-05,"Sex, PC1-PC10, GRM (mixed model)"
"rs17770503",3,100435133,"Glycine",513.529994873433,121.797462909509,4.38317135239115e-05,"Sex, PC1-PC10, GRM (mixed model)"
"rs17094449",8,13420328,"Glycochenodeoxycholate",1192.79164460786,282.90265871529,4.38317375152149e-05,"Sex, PC1-PC10, GRM (mixed model)"
"rs11054489",12,11939631,"Gulono.1.4.lactone",775.908069830118,184.062346699171,4.39698229389777e-05,"Sex, PC1-PC10, GRM (mixed model)"
"rs11996557",8,102970569,"Isoleucine",191.553282410712,45.4486961245049,4.40996985170779e-05,"Sex, PC1-PC10, GRM (mixed model)"
"rs6912059",6,55235885,"Hexanoylcarnitine..C6.",287.397138939513,68.1970833289931,4.41866448141893e-05,"Sex, PC1-PC10, GRM (mixed model)"
"rs17434403",1,204803899,"Threonate",352.825141274245,83.7296377799417,4.42480319646743e-05,"Sex, PC1-PC10, GRM (mixed model)"
"rs16987911",23,27394296,"Pyridoxate",627.174981806541,148.844397989278,4.42887644181602e-05,"Sex, PC1-PC10, GRM (mixed model)"
"rs1751956",10,29622004,"Paraxanthine",396.85544135905,94.2138347117742,4.45238265238251e-05,"Sex, PC1-PC10, GRM (mixed model)"
"rs41398251",21,41401898,"X1.linoleoyl.GPC..18.2.",78.9234024588972,18.7387651881151,4.46137328979923e-05,"Sex, PC1-PC10, GRM (mixed model)"
"rs825497",12,123091396,"Xanthine",918.768754556099,218.150930497674,4.46404549188164e-05,"Sex, PC1-PC10, GRM (mixed model)"
"rs17088938",4,58490840,"Paraxanthine",379.445298511481,90.1072188925274,4.47420637495427e-05,"Sex, PC1-PC10, GRM (mixed model)"
"rs2682846",2,56831843,"X1.oleoyl.GPC..18.1.",122.445846182654,29.0814094818553,4.484632416548e-05,"Sex, PC1-PC10, GRM (mixed model)"
"rs2116356",8,124914360,"Phenylalanine",1535.631841961,364.901719077388,4.52197793362351e-05,"Sex, PC1-PC10, GRM (mixed model)"
"rs1323497",9,10280234,"Hypoxanthine",860.090771233541,204.379907869938,4.52285920273185e-05,"Sex, PC1-PC10, GRM (mixed model)"
"rs2245003",20,18207392,"Hippurate",275.59401734034,65.4902015288541,4.52503768888493e-05,"Sex, PC1-PC10, GRM (mixed model)"
"rs12928035",16,53817889,"Uridine",1938.62234488369,460.700542700338,4.52831123223395e-05,"Sex, PC1-PC10, GRM (mixed model)"
"rs3903645",23,138315361,"Tyrosine",161.274781317497,38.3359613709993,4.5480972081261e-05,"Sex, PC1-PC10, GRM (mixed model)"
"rs12514249",5,31738040,"Gulono.1.4.lactone",689.838587784123,163.985997212633,4.55145781576516e-05,"Sex, PC1-PC10, GRM (mixed model)"
"rs10461639",5,57159074,"Glutamate",786.408473982493,186.956140307568,4.55705700802337e-05,"Sex, PC1-PC10, GRM (mixed model)"
"rs17154410",5,125697935,"X1.linoleoyl.GPC..18.2.",91.8202843927307,21.828990317711,4.55765876691887e-05,"Sex, PC1-PC10, GRM (mixed model)"
"rs1416327",1,218671204,"Uridine",1695.10608964725,403.027026532917,4.56500409403536e-05,"Sex, PC1-PC10, GRM (mixed model)"
"rs6026345",20,56554479,"Propionylcarnitine..C3.",690.798490184211,164.265982009482,4.57526845988625e-05,"Sex, PC1-PC10, GRM (mixed model)"
"rs5008744",13,33345299,"Oleate..18.1.",563.879551374355,134.085944979356,4.57538292159568e-05,"Sex, PC1-PC10, GRM (mixed model)"
"rs2503690",13,72589529,"Hippurate",204.504428647743,48.643407843868,4.59709892546611e-05,"Sex, PC1-PC10, GRM (mixed model)"
"rs12703532",7,142872766,"Taurocholate",160.317670897695,38.1467606025281,4.62429278721143e-05,"Sex, PC1-PC10, GRM (mixed model)"
"rs319327",7,95388036,"Linoleate..18.2.",572.264283710755,136.197174621725,4.64106513794014e-05,"Sex, PC1-PC10, GRM (mixed model)"
"rs7585775",2,77431845,"Glutamate",682.428767117027,162.45056232846,4.65740491507979e-05,"Sex, PC1-PC10, GRM (mixed model)"
"rs13411115",2,56448080,"X1.palmitoyl.GPC..16.0.",80.5594729294531,19.1808006428743,4.67269274885504e-05,"Sex, PC1-PC10, GRM (mixed model)"
"rs16836856",1,236649196,"Hypoxanthine",1027.12561523652,244.630719394571,4.69713308030948e-05,"Sex, PC1-PC10, GRM (mixed model)"
"rs17092018",8,20010485,"Gulono.1.4.lactone",500.183806617264,119.15632294226,4.7150096087438e-05,"Sex, PC1-PC10, GRM (mixed model)"
"rs13374982",1,162039079,"alpha.Hydroxybutyrate",-264.756177337301,63.0731713855735,4.71699718195777e-05,"Sex, PC1-PC10, GRM (mixed model)"
"rs11115091",12,80837812,"alpha.Hydroxybutyrate",283.794137595151,67.6101746073925,4.71880103714659e-05,"Sex, PC1-PC10, GRM (mixed model)"
"rs10505951",12,24839309,"Phenylalanine",1149.90561975319,273.957804445591,4.72110222738089e-05,"Sex, PC1-PC10, GRM (mixed model)"
"rs7773913",6,26581962,"X1.linoleoyl.GPC..18.2.",68.353834772691,16.2872497506415,4.73247535749324e-05,"Sex, PC1-PC10, GRM (mixed model)"
"rs4789205",17,71021136,"Uridine",1213.96998788199,289.300294484164,4.74255259295504e-05,"Sex, PC1-PC10, GRM (mixed model)"
"rs9830446",3,2719503,"alpha.Hydroxybutyrate",238.677069644648,56.8972175218559,4.76769812148587e-05,"Sex, PC1-PC10, GRM (mixed model)"
"rs10114774",9,84663725,"Paraxanthine",518.311729921023,123.571422010245,4.77614403069991e-05,"Sex, PC1-PC10, GRM (mixed model)"
"rs17819626",4,2273893,"Glutamine",129.188865927577,30.8022660232423,4.78168373255537e-05,"Sex, PC1-PC10, GRM (mixed model)"
"rs9378833",6,3909456,"Hypoxanthine",756.826840684216,180.454521458345,4.78416076603367e-05,"Sex, PC1-PC10, GRM (mixed model)"
"rs954492",9,10870887,"Tyrosine",143.377780041305,34.1864799035559,4.7843948610043e-05,"Sex, PC1-PC10, GRM (mixed model)"
"rs7964049",12,24220741,"Linoleate..18.2.",1135.13564661964,270.684577135876,4.79223892744766e-05,"Sex, PC1-PC10, GRM (mixed model)"
"rs989396",4,137531406,"Linoleate..18.2.",663.621936378136,158.335866352256,4.83652721709818e-05,"Sex, PC1-PC10, GRM (mixed model)"
"rs34511938",3,150786114,"Glutamate",691.739152698778,165.058454552873,4.84327990500497e-05,"Sex, PC1-PC10, GRM (mixed model)"
"rs16864594",3,154027019,"Glutamine",179.250976333953,42.7719189002453,4.84360778461961e-05,"Sex, PC1-PC10, GRM (mixed model)"
"rs10947508",6,34588615,"X1.palmitoyl.GPC..16.0.",127.478530629608,30.4211996710243,4.85133068728173e-05,"Sex, PC1-PC10, GRM (mixed model)"
"rs16903936",5,38358732,"Threonate",331.076418214202,79.0336706705581,4.87795466905478e-05,"Sex, PC1-PC10, GRM (mixed model)"
"rs10489135",1,4482059,"Linoleate..18.2.",1008.51675683446,240.762529715811,4.88199313798079e-05,"Sex, PC1-PC10, GRM (mixed model)"
"rs17437990",18,10132983,"Isovalerylcarnitine..C5.",463.598483132275,110.701417411148,4.90149346056889e-05,"Sex, PC1-PC10, GRM (mixed model)"
"rs16854936",4,42446765,"Propionylcarnitine..C3.",1095.45708194096,261.610327657388,4.91046105129768e-05,"Sex, PC1-PC10, GRM (mixed model)"
"rs11216067",11,116009587,"Valine",642.680252668162,153.496180575772,4.91846867712288e-05,"Sex, PC1-PC10, GRM (mixed model)"
"rs17622868",14,38981887,"Taurocholate",121.769901855419,29.0887267175842,4.93376154545799e-05,"Sex, PC1-PC10, GRM (mixed model)"
"rs2299267",7,94899857,"alpha.Hydroxybutyrate",218.855935911348,52.287600966827,4.94414332256639e-05,"Sex, PC1-PC10, GRM (mixed model)"
"rs10520468",4,182366655,"Glycochenodeoxycholate",1009.717806366,241.239878802824,4.94576879311826e-05,"Sex, PC1-PC10, GRM (mixed model)"
"rs4141774",13,29389900,"Pyridoxate",608.756356043119,145.45125245755,4.95041775252158e-05,"Sex, PC1-PC10, GRM (mixed model)"
"rs11263756",17,33123933,"Glycine",450.570093897504,107.707310341836,4.9896153059824e-05,"Sex, PC1-PC10, GRM (mixed model)"
"rs41326844",2,174313741,"Glutamine",162.339094678698,38.8213345452636,5.02068739398586e-05,"Sex, PC1-PC10, GRM (mixed model)"
"rs3923657",4,151138248,"Hypoxanthine",477.145214759945,114.130897520588,5.04066905205173e-05,"Sex, PC1-PC10, GRM (mixed model)"
"rs923349",3,113708624,"Tyrosine",193.544101080429,46.2986958934043,5.04754580734716e-05,"Sex, PC1-PC10, GRM (mixed model)"
"rs11139296",9,83329004,"Hexanoylcarnitine..C6.",213.692174338765,51.1353159580943,5.07492089987598e-05,"Sex, PC1-PC10, GRM (mixed model)"
"rs3104759",16,51167030,"Threonate",334.864279795293,80.1334413627194,5.07733939289383e-05,"Sex, PC1-PC10, GRM (mixed model)"
"rs17223372",23,112899151,"Tyrosine",146.957069040013,35.1734064403893,5.09246833917984e-05,"Sex, PC1-PC10, GRM (mixed model)"
"rs2054762",2,146012150,"Phenylalanine",1088.02720660502,260.414006647046,5.09259023391019e-05,"Sex, PC1-PC10, GRM (mixed model)"
"rs10075474",5,129583658,"Hexanoylcarnitine..C6.",169.546488161237,40.5871636585734,5.10705632252411e-05,"Sex, PC1-PC10, GRM (mixed model)"
"rs2094028",1,194417119,"X1.palmitoyl.GPC..16.0.",120.474678264198,28.8427264053211,5.11487531468999e-05,"Sex, PC1-PC10, GRM (mixed model)"
"rs1226757",1,45365473,"Phenylalanine",1373.57127878663,328.868623273613,5.12079103226712e-05,"Sex, PC1-PC10, GRM (mixed model)"
"rs11640087",16,76899423,"alpha.Hydroxybutyrate",254.384673499092,60.9116390732685,5.12814130741519e-05,"Sex, PC1-PC10, GRM (mixed model)"
"rs41495049",14,78626023,"Xanthine",997.871338419551,238.938008276544,5.12840116259522e-05,"Sex, PC1-PC10, GRM (mixed model)"
"rs10504462",8,71028133,"Hypoxanthine",529.108098159777,126.729943778445,5.15241437261421e-05,"Sex, PC1-PC10, GRM (mixed model)"
"rs7620377",3,160566205,"alpha.Hydroxybutyrate",221.935765973568,53.1659856842952,5.16633706215564e-05,"Sex, PC1-PC10, GRM (mixed model)"
"rs658604",12,3879230,"Propionylcarnitine..C3.",785.907336021257,188.272624989844,5.16813691828219e-05,"Sex, PC1-PC10, GRM (mixed model)"
"rs12660889",6,57271185,"Phenylalanine",1760.19775324772,421.755830448132,5.18444745438902e-05,"Sex, PC1-PC10, GRM (mixed model)"
"rs4882714",12,127743498,"Gulono.1.4.lactone",470.188145837595,112.6613625689,5.18516693321878e-05,"Sex, PC1-PC10, GRM (mixed model)"
"rs2462733",11,93373126,"X1.linoleoyl.GPC..18.2.",83.9122042155166,20.1094448281906,5.19914701483276e-05,"Sex, PC1-PC10, GRM (mixed model)"
"rs3780397",9,4681765,"X1.linoleoyl.GPC..18.2.",87.6589923125112,21.0113810238892,5.21542279242719e-05,"Sex, PC1-PC10, GRM (mixed model)"
"rs510745",10,6585110,"Phenylalanine",1075.21251047999,257.729388929102,5.21767885862802e-05,"Sex, PC1-PC10, GRM (mixed model)"
"rs6728249",2,197030423,"Glycochenodeoxycholate",882.472676503028,211.545972945752,5.22432039119577e-05,"Sex, PC1-PC10, GRM (mixed model)"
"rs8097632",18,74628258,"Paraxanthine",482.281165038692,115.616413954548,5.2274022039907e-05,"Sex, PC1-PC10, GRM (mixed model)"
"rs5953739",23,141498081,"Paraxanthine",342.458509595268,82.1049124283523,5.23565265210613e-05,"Sex, PC1-PC10, GRM (mixed model)"
"rs8087497",18,26241506,"Linoleate..18.2.",757.683404995294,181.689373210858,5.25151783768024e-05,"Sex, PC1-PC10, GRM (mixed model)"
"rs8107574",19,34611065,"Oleate..18.1.",674.588135247443,161.76795983108,5.25389595155552e-05,"Sex, PC1-PC10, GRM (mixed model)"
"rs905010",4,7304161,"Tyrosine",124.584288766261,29.8802009612674,5.2670136819583e-05,"Sex, PC1-PC10, GRM (mixed model)"
"rs2268356",10,124255316,"Hexanoylcarnitine..C6.",127.099028691126,30.4967146840912,5.30481335132091e-05,"Sex, PC1-PC10, GRM (mixed model)"
"rs1190791",6,131561817,"Isoleucine",192.736817231248,46.2494309018887,5.31096167967222e-05,"Sex, PC1-PC10, GRM (mixed model)"
"rs11098796",4,126322976,"Glycine",741.36563579949,177.907864734046,5.31514294817116e-05,"Sex, PC1-PC10, GRM (mixed model)"
"rs2003304",16,53804501,"X1.linoleoyl.GPC..18.2.",95.2592284641328,22.860267712407,5.31744678931006e-05,"Sex, PC1-PC10, GRM (mixed model)"
"rs16938892",8,75433821,"Glutamate",945.903572509248,227.008755357947,5.32173317258276e-05,"Sex, PC1-PC10, GRM (mixed model)"
"rs6857264",4,54648081,"Paraxanthine",325.755435562991,78.1956460391015,5.34075124866462e-05,"Sex, PC1-PC10, GRM (mixed model)"
"rs17593496",9,94912706,"Isoleucine",142.009944330868,34.0888774082253,5.34136009696199e-05,"Sex, PC1-PC10, GRM (mixed model)"
"rs2047365",18,28954365,"Oleate..18.1.",716.0162926997,171.927482287139,5.3671320162013e-05,"Sex, PC1-PC10, GRM (mixed model)"
"rs11095248",23,6829639,"Gulono.1.4.lactone",421.262222992231,101.159769382598,5.37375391797669e-05,"Sex, PC1-PC10, GRM (mixed model)"
"rs2226967",7,141873791,"Taurocholate",115.651522326674,27.7744179357755,5.38146742021573e-05,"Sex, PC1-PC10, GRM (mixed model)"
"rs7579926",2,107055157,"Glycochenodeoxycholate",1081.83117613031,259.828421783091,5.38823298528347e-05,"Sex, PC1-PC10, GRM (mixed model)"
"rs134225",22,33863408,"Phenylalanine",1497.73686275731,359.740958503024,5.39372479533996e-05,"Sex, PC1-PC10, GRM (mixed model)"
"rs16907395",12,11888887,"Hexanoylcarnitine..C6.",246.517001582495,59.2116541808477,5.39492628400827e-05,"Sex, PC1-PC10, GRM (mixed model)"
"rs11149155",13,79628954,"alpha.Hydroxybutyrate",258.208245634711,62.0250089850239,5.40228567762997e-05,"Sex, PC1-PC10, GRM (mixed model)"
"rs11084419",19,61182755,"X1.palmitoyl.GPC..16.0.",96.5712876894402,23.2044843515171,5.42805961093805e-05,"Sex, PC1-PC10, GRM (mixed model)"
"rs11771438",7,1314443,"Tyrosine",177.939869163781,42.7598316472467,5.43594927216031e-05,"Sex, PC1-PC10, GRM (mixed model)"
"rs17704052",15,90931103,"Pyridoxate",702.440199000269,168.826599827308,5.4499565370885e-05,"Sex, PC1-PC10, GRM (mixed model)"
"rs10767806",11,29369017,"alpha.Hydroxybutyrate",-291.984443375035,70.1862948426183,5.46242105312978e-05,"Sex, PC1-PC10, GRM (mixed model)"
"rs2352134",7,137231955,"Paraxanthine",641.502467730069,154.222586816091,5.47408474269245e-05,"Sex, PC1-PC10, GRM (mixed model)"
"rs733601",11,124220090,"Theobromine",494.908445869479,118.991720915496,5.48273269240223e-05,"Sex, PC1-PC10, GRM (mixed model)"
"rs9327027",5,116418496,"Glycine",559.600956742346,134.547053134837,5.48352414348704e-05,"Sex, PC1-PC10, GRM (mixed model)"
"rs7154851",14,73736318,"Tyrosine",207.371872642223,49.8627342854665,5.48977837136681e-05,"Sex, PC1-PC10, GRM (mixed model)"
"rs9480594",6,106290692,"Valine",634.156023754624,152.491497070617,5.49455367177469e-05,"Sex, PC1-PC10, GRM (mixed model)"
"rs12630849",3,79547199,"X1.linoleoyl.GPC..18.2.",73.1134699761769,17.5821869604875,5.49989292155079e-05,"Sex, PC1-PC10, GRM (mixed model)"
"rs41536645",13,91851042,"Glycochenodeoxycholate",957.389583967058,230.234924768206,5.50133315703806e-05,"Sex, PC1-PC10, GRM (mixed model)"
"rs12897422",14,23102867,"Hexanoylcarnitine..C6.",223.126297974996,53.6648940473673,5.51306350931476e-05,"Sex, PC1-PC10, GRM (mixed model)"
"rs878747",10,119512954,"Hexanoylcarnitine..C6.",132.460515853198,31.8587600298053,5.51366290736743e-05,"Sex, PC1-PC10, GRM (mixed model)"
"rs11831314",12,93637544,"Tyrosine",117.833178078769,28.341260217146,5.51554571760591e-05,"Sex, PC1-PC10, GRM (mixed model)"
"rs16845113",2,161309950,"Isovalerylcarnitine..C5.",570.354760658417,137.190403693025,5.52113110119919e-05,"Sex, PC1-PC10, GRM (mixed model)"
"rs3844213",12,102659213,"Leucine",471.878159517871,113.524959987027,5.53823346474586e-05,"Sex, PC1-PC10, GRM (mixed model)"
"rs852364",20,46271862,"Glutamate",424.934148002671,102.252940501518,5.55743135576663e-05,"Sex, PC1-PC10, GRM (mixed model)"
"rs4148157",4,89239958,"Uridine",1788.59777373271,430.520730673686,5.58387520506866e-05,"Sex, PC1-PC10, GRM (mixed model)"
"rs7339401",13,111670854,"Glycochenodeoxycholate",1079.51890001053,259.910488197559,5.60728649089438e-05,"Sex, PC1-PC10, GRM (mixed model)"
"rs16967782",18,32183426,"X1.linoleoyl.GPC..18.2.",89.6225961851918,21.5783185549705,5.60865103594456e-05,"Sex, PC1-PC10, GRM (mixed model)"
"rs17665586",11,37640228,"Glycine",596.959871186381,143.74034387613,5.61565332632889e-05,"Sex, PC1-PC10, GRM (mixed model)"
"rs11627513",14,96608924,"Uridine",1044.83865212233,251.584804054611,5.61599546629727e-05,"Sex, PC1-PC10, GRM (mixed model)"
"rs9528330",13,60870059,"X1.oleoyl.GPC..18.1.",122.994396050172,29.6287986041502,5.65665261865446e-05,"Sex, PC1-PC10, GRM (mixed model)"
"rs17585174",4,166304674,"Leucine",700.878672261212,168.851500173672,5.66368733746677e-05,"Sex, PC1-PC10, GRM (mixed model)"
"rs10512335",9,106720460,"Propionylcarnitine..C3.",948.113599288741,228.440651296266,5.67444282633711e-05,"Sex, PC1-PC10, GRM (mixed model)"
"rs17699946",3,63727226,"Linoleate..18.2.",550.566815710055,132.664903324023,5.6814208115026e-05,"Sex, PC1-PC10, GRM (mixed model)"
"rs7315524",12,95008301,"Phenylalanine",1212.63221744643,292.230454320433,5.69208409010447e-05,"Sex, PC1-PC10, GRM (mixed model)"
"rs658432",3,61745347,"alpha.Hydroxybutyrate",173.690536923571,41.8754130156567,5.73174795770344e-05,"Sex, PC1-PC10, GRM (mixed model)"
"rs2719848",23,146492026,"Glutamine",110.715195353744,26.6941538167765,5.73729106453641e-05,"Sex, PC1-PC10, GRM (mixed model)"
"rs7172880",15,64199311,"Hippurate",237.7909624627,57.3525798267507,5.76910446200408e-05,"Sex, PC1-PC10, GRM (mixed model)"
"rs7981680",13,27791870,"Erythritol",823.552674589211,198.657570854957,5.78115429288756e-05,"Sex, PC1-PC10, GRM (mixed model)"
"rs2032312",21,34276082,"Hippurate",298.89517903192,72.1007637572147,5.78270520839965e-05,"Sex, PC1-PC10, GRM (mixed model)"
"rs4764806",12,100578549,"Taurocholate",194.558846318791,46.9338058120559,5.78567964261444e-05,"Sex, PC1-PC10, GRM (mixed model)"
"rs12328314",2,115615372,"Hippurate",253.050294454621,61.0491615876117,5.79387102812256e-05,"Sex, PC1-PC10, GRM (mixed model)"
"rs1245516",10,73572511,"Tyrosine",135.280620166785,32.642248119412,5.80931031720629e-05,"Sex, PC1-PC10, GRM (mixed model)"
"rs967877",2,192933592,"alpha.Hydroxybutyrate",253.832568332097,61.2480744392424,5.80944401250339e-05,"Sex, PC1-PC10, GRM (mixed model)"
"rs12200345",6,91046804,"Caffeine",286.925107216149,69.233209661554,5.8096205520481e-05,"Sex, PC1-PC10, GRM (mixed model)"
"rs6476934",9,4983267,"Isoleucine",210.765949087078,50.8827628193473,5.85821979174705e-05,"Sex, PC1-PC10, GRM (mixed model)"
"rs3026507",20,57379125,"Erythritol",873.239024644706,210.836321062175,5.86737191763639e-05,"Sex, PC1-PC10, GRM (mixed model)"
"rs10507319",13,22462568,"alpha.Hydroxybutyrate",345.54014753741,83.4438065577657,5.88553647854785e-05,"Sex, PC1-PC10, GRM (mixed model)"
"rs11096921",4,37723104,"Linoleate..18.2.",989.631282677854,238.99814287374,5.89111105569611e-05,"Sex, PC1-PC10, GRM (mixed model)"
"rs4668996",2,15870832,"Tyrosine",128.425822612746,31.0169204575715,5.89662275178027e-05,"Sex, PC1-PC10, GRM (mixed model)"
"rs2911504",13,69316650,"Isoleucine",220.910428535271,53.358379966346,5.90539913586564e-05,"Sex, PC1-PC10, GRM (mixed model)"
"rs3730406",16,65787923,"Glycine",603.361102736463,145.750996739663,5.91587841272223e-05,"Sex, PC1-PC10, GRM (mixed model)"
"rs17782157",14,73279749,"Oleate..18.1.",664.183372924672,160.44634615829,5.91754747294489e-05,"Sex, PC1-PC10, GRM (mixed model)"
"rs17338428",2,2213121,"Threonate",341.616107107714,82.540599539159,5.9367637144601e-05,"Sex, PC1-PC10, GRM (mixed model)"
"rs17082485",6,120979526,"Palmitoylcarnitine..C16.",822.854736232813,198.830715278822,5.94359405107112e-05,"Sex, PC1-PC10, GRM (mixed model)"
"rs155506",6,7897915,"Glutamate",780.706333334047,188.666492134696,5.95390517667149e-05,"Sex, PC1-PC10, GRM (mixed model)"
"rs12429732",13,81142303,"Valine",514.050653472005,124.234125995129,5.96006837238194e-05,"Sex, PC1-PC10, GRM (mixed model)"
"rs2101835",3,30412079,"alpha.Hydroxybutyrate",156.57972076791,37.8499069720115,5.98092783710165e-05,"Sex, PC1-PC10, GRM (mixed model)"
"rs7057602",23,119815515,"Phenylalanine",1156.07201824332,279.52268592452,6.00375514312102e-05,"Sex, PC1-PC10, GRM (mixed model)"
"rs9466768",6,10674064,"alpha.Hydroxybutyrate",222.174727754207,53.7300714320318,6.02392217959262e-05,"Sex, PC1-PC10, GRM (mixed model)"
"rs17818663",9,13823407,"Glutamine",103.789061330502,25.1016658413417,6.03021201902842e-05,"Sex, PC1-PC10, GRM (mixed model)"
"rs12600182",16,84987825,"Oleate..18.1.",613.268634463723,148.349146368685,6.04883562606201e-05,"Sex, PC1-PC10, GRM (mixed model)"
"rs1218879",13,27004156,"Phenylalanine",1686.82672127438,408.05174252191,6.05117816315577e-05,"Sex, PC1-PC10, GRM (mixed model)"
"rs12626903",21,32046986,"alpha.Hydroxybutyrate",200.075736602168,48.4061033491896,6.06483242245943e-05,"Sex, PC1-PC10, GRM (mixed model)"
"rs1762009",10,29056900,"Phenylalanine",954.39955738489,230.938400527886,6.07835477580718e-05,"Sex, PC1-PC10, GRM (mixed model)"
"rs7524385",1,202302170,"Glycine",419.672453105069,101.565836510697,6.09439007191273e-05,"Sex, PC1-PC10, GRM (mixed model)"
"rs10138605",14,100205718,"alpha.Hydroxybutyrate",233.290177051325,56.4591741077145,6.09458875799271e-05,"Sex, PC1-PC10, GRM (mixed model)"
"rs2977871",8,86986944,"Palmitoylcarnitine..C16.",942.263033498963,228.042432870578,6.09581535658942e-05,"Sex, PC1-PC10, GRM (mixed model)"
"rs4265115",7,113252895,"X1.linoleoyl.GPC..18.2.",40.4881647504646,9.79910920327984,6.09919477114376e-05,"Sex, PC1-PC10, GRM (mixed model)"
"rs6903596",6,89690059,"alpha.Hydroxybutyrate",247.851863509117,59.9895103533761,6.10474800787018e-05,"Sex, PC1-PC10, GRM (mixed model)"
"rs4925619",1,245537459,"Gulono.1.4.lactone",538.825331862122,130.443127209068,6.12510008199118e-05,"Sex, PC1-PC10, GRM (mixed model)"
"rs2156215",11,78503111,"Tyrosine",150.969204106878,36.5478642406593,6.12519980780325e-05,"Sex, PC1-PC10, GRM (mixed model)"
"rs10521144",16,28063021,"Taurocholate",199.463080589645,48.2899025905474,6.12976577143953e-05,"Sex, PC1-PC10, GRM (mixed model)"
"rs3744951",18,59076960,"Leucine",906.741864739828,219.537961428185,6.13705061072988e-05,"Sex, PC1-PC10, GRM (mixed model)"
"rs17319073",8,3023399,"Phenylalanine",1480.97017044893,358.606105335277,6.14735223912336e-05,"Sex, PC1-PC10, GRM (mixed model)"
"rs9300329",12,114785877,"alpha.Hydroxybutyrate",-182.039914756821,44.080193829468,6.14860193179212e-05,"Sex, PC1-PC10, GRM (mixed model)"
"rs4460609",1,214302135,"Threonate",-185.395838779468,44.8967890040333,6.15733339331161e-05,"Sex, PC1-PC10, GRM (mixed model)"
"rs41403449",3,168993835,"Isoleucine",145.45538781329,35.2315897987078,6.17717187289991e-05,"Sex, PC1-PC10, GRM (mixed model)"
"rs4700416",5,60638441,"alpha.Hydroxybutyrate",233.939396098402,56.6659021696167,6.18082451364556e-05,"Sex, PC1-PC10, GRM (mixed model)"
"rs13139200",4,20275938,"Propionylcarnitine..C3.",1186.52996900569,287.410528087306,6.1820834247744e-05,"Sex, PC1-PC10, GRM (mixed model)"
"rs13402447",2,119949246,"alpha.Hydroxybutyrate",193.473581091385,46.8701959345901,6.19376201725384e-05,"Sex, PC1-PC10, GRM (mixed model)"
"rs2806867",1,117274226,"alpha.Hydroxybutyrate",233.336228427722,56.5288185597336,6.19665086803571e-05,"Sex, PC1-PC10, GRM (mixed model)"
"rs9486801",6,108520918,"Glutamate",838.955254496853,203.272510533694,6.20857839513611e-05,"Sex, PC1-PC10, GRM (mixed model)"
"rs17130046",1,87813082,"Glycine",669.355804854346,162.221588307657,6.23422547784758e-05,"Sex, PC1-PC10, GRM (mixed model)"
"rs12311870",12,61624619,"Glycochenodeoxycholate",1049.53575542455,254.375944706694,6.24047829370553e-05,"Sex, PC1-PC10, GRM (mixed model)"
"rs757365",20,51238361,"Taurocholate",106.227213151361,25.7483163392629,6.24836331333471e-05,"Sex, PC1-PC10, GRM (mixed model)"
"rs9495187",6,139022387,"Phenylalanine",1591.40911578725,385.761483450911,6.25388822053688e-05,"Sex, PC1-PC10, GRM (mixed model)"
"rs4789205",17,71021136,"Hippurate",237.223201910915,57.5144971083947,6.27308276814167e-05,"Sex, PC1-PC10, GRM (mixed model)"
"rs17523814",7,147694629,"X1.palmitoyl.GPC..16.0.",102.091184755077,24.7569746796939,6.29372652390186e-05,"Sex, PC1-PC10, GRM (mixed model)"
"rs6841359",4,186178958,"Threonate",232.969074434512,56.5053285949296,6.31271884733393e-05,"Sex, PC1-PC10, GRM (mixed model)"
"rs16856020",2,10301740,"Hippurate",199.410049272176,48.3769612729305,6.3361024811469e-05,"Sex, PC1-PC10, GRM (mixed model)"
"rs1103909",16,10250019,"Gulono.1.4.lactone",423.019260095826,102.62683084134,6.33825626872408e-05,"Sex, PC1-PC10, GRM (mixed model)"
"rs4233982",2,211856682,"Isovalerylcarnitine..C5.",321.999769890564,78.1229708440895,6.34348760034401e-05,"Sex, PC1-PC10, GRM (mixed model)"
"rs3771105",2,65177593,"Propionylcarnitine..C3.",1077.05610792736,261.335241615203,6.35200670187779e-05,"Sex, PC1-PC10, GRM (mixed model)"
"rs1049466",10,103912053,"Paraxanthine",519.985008627208,126.17836793953,6.36006067867225e-05,"Sex, PC1-PC10, GRM (mixed model)"
"rs6547315",2,80656163,"Threonate",379.327206439696,92.0534015601286,6.36749920232424e-05,"Sex, PC1-PC10, GRM (mixed model)"
"rs9315256",13,33279325,"Leucine",452.956547143886,109.956258679633,6.39980220905474e-05,"Sex, PC1-PC10, GRM (mixed model)"
"rs16972853",15,72897027,"Hexanoylcarnitine..C6.",216.401434104975,52.5368838244394,6.40940208178305e-05,"Sex, PC1-PC10, GRM (mixed model)"
"rs2725663",8,5505734,"Hippurate",345.593196798419,83.9166132617315,6.42794684899978e-05,"Sex, PC1-PC10, GRM (mixed model)"
"rs341395",15,58914648,"Theobromine",807.486438200701,196.08664824254,6.43504397655775e-05,"Sex, PC1-PC10, GRM (mixed model)"
"rs2972277",16,4923531,"Threonate",437.652488138365,106.297439787026,6.45413592051475e-05,"Sex, PC1-PC10, GRM (mixed model)"
"rs11065374",12,119884588,"X1.oleoyl.GPC..18.1.",118.038602873794,28.6712786446988,6.46115821620107e-05,"Sex, PC1-PC10, GRM (mixed model)"
"rs10483947",14,79844868,"N.acetylglycine",340.379401025922,82.6822657323692,6.46735577956915e-05,"Sex, PC1-PC10, GRM (mixed model)"
"rs17101654",10,85039947,"Valine",508.297837031615,123.478344283959,6.47292575427427e-05,"Sex, PC1-PC10, GRM (mixed model)"
"rs594452",13,36144675,"Erythritol",901.406063542249,219.009854358203,6.48974151913931e-05,"Sex, PC1-PC10, GRM (mixed model)"
"rs17130335",10,115130246,"Xanthine",931.213477130772,226.267216046246,6.49670326029327e-05,"Sex, PC1-PC10, GRM (mixed model)"
"rs11917161",3,154489216,"Theobromine",502.128131425576,122.011216486208,6.499762728198e-05,"Sex, PC1-PC10, GRM (mixed model)"
"rs13229259",7,93440637,"Paraxanthine",409.543821960389,99.5247906491428,6.51067408975132e-05,"Sex, PC1-PC10, GRM (mixed model)"
"rs11021009",11,94389618,"Linoleate..18.2.",739.285885084028,179.66853065453,6.51753830375384e-05,"Sex, PC1-PC10, GRM (mixed model)"
"rs8079640",17,13978033,"Isoleucine",158.549874506299,38.5458556870059,6.55403516951609e-05,"Sex, PC1-PC10, GRM (mixed model)"
"rs3808368",8,32622618,"alpha.Hydroxybutyrate",283.365079644043,68.9055845996933,6.57722467350091e-05,"Sex, PC1-PC10, GRM (mixed model)"
"rs11140146",9,85346082,"Glutamate",876.802982930935,213.213517516079,6.57833992646998e-05,"Sex, PC1-PC10, GRM (mixed model)"
"rs2794731",1,209935346,"Linoleate..18.2.",906.891893786365,220.545352065303,6.58550091330392e-05,"Sex, PC1-PC10, GRM (mixed model)"
"rs9534034",13,44595136,"Glutamine",143.397277292017,34.8836648533377,6.61909242355564e-05,"Sex, PC1-PC10, GRM (mixed model)"
"rs10788155",10,123013446,"Valine",461.113808233176,112.177329477419,6.62291821598045e-05,"Sex, PC1-PC10, GRM (mixed model)"
"rs882011",2,22565174,"Isovalerylcarnitine..C5.",446.920297032877,108.768951144767,6.66621355657278e-05,"Sex, PC1-PC10, GRM (mixed model)"
"rs10976062",9,7128349,"Glycine",690.506945380564,168.065765019706,6.67508985572062e-05,"Sex, PC1-PC10, GRM (mixed model)"
"rs11775542",8,119832936,"Gulono.1.4.lactone",549.170005668561,133.678007168132,6.68534808258633e-05,"Sex, PC1-PC10, GRM (mixed model)"
"rs1032603",1,215573596,"Hexanoylcarnitine..C6.",188.391258532856,45.8662592819732,6.70480873080797e-05,"Sex, PC1-PC10, GRM (mixed model)"
"rs3848558",19,55878407,"Glutamate",504.416454740609,122.831339211308,6.72627489802107e-05,"Sex, PC1-PC10, GRM (mixed model)"
"rs266293",15,65034608,"Valine",440.899745057762,107.40764176702,6.76955428309721e-05,"Sex, PC1-PC10, GRM (mixed model)"
"rs1864964",5,151025451,"Glutamine",172.521658346229,42.0292895716312,6.77279463104819e-05,"Sex, PC1-PC10, GRM (mixed model)"
"rs17812574",20,13935668,"Valine",731.764917621134,178.282777071516,6.78007193707497e-05,"Sex, PC1-PC10, GRM (mixed model)"
"rs3114015",4,89248911,"Isoleucine",156.774960268058,38.2006128032263,6.79391838318303e-05,"Sex, PC1-PC10, GRM (mixed model)"
"rs304015",3,4537910,"Leucine",839.050959725795,204.51727709834,6.83075805361289e-05,"Sex, PC1-PC10, GRM (mixed model)"
"rs2855146",7,141939615,"Theobromine",862.196337788176,210.18804833355,6.84578551847498e-05,"Sex, PC1-PC10, GRM (mixed model)"
"rs17025274",12,95087342,"alpha.Hydroxybutyrate",259.759041382365,63.3365077043863,6.86620792848263e-05,"Sex, PC1-PC10, GRM (mixed model)"
"rs41404246",23,10147120,"Uridine",1520.40407588568,370.723300484983,6.86806708348765e-05,"Sex, PC1-PC10, GRM (mixed model)"
"rs12218617",10,62103446,"Tyrosine",138.216793863558,33.7057091514583,6.88106233903957e-05,"Sex, PC1-PC10, GRM (mixed model)"
"rs7792759",7,12278240,"X1.oleoyl.GPC..18.1.",212.138069142212,51.7362571713914,6.88953940765234e-05,"Sex, PC1-PC10, GRM (mixed model)"
"rs1513913",7,108526577,"Isovalerylcarnitine..C5.",276.654283208673,67.4713333032907,6.89092181543133e-05,"Sex, PC1-PC10, GRM (mixed model)"
"rs1392412",5,72398045,"Oleate..18.1.",600.085944470217,146.360409899702,6.89803247494736e-05,"Sex, PC1-PC10, GRM (mixed model)"
"rs41535944",1,183002673,"Theobromine",576.578406927216,140.640792706253,6.90880307327907e-05,"Sex, PC1-PC10, GRM (mixed model)"
"rs2338212",5,71708967,"Oleate..18.1.",626.244041429081,152.774673754194,6.92263204203105e-05,"Sex, PC1-PC10, GRM (mixed model)"
"rs10509113",10,61236216,"Tyrosine",196.999349710615,48.0599704622276,6.92539660165409e-05,"Sex, PC1-PC10, GRM (mixed model)"
"rs12409689",1,5095111,"Glycine",594.719714018119,145.104505719034,6.93799784731611e-05,"Sex, PC1-PC10, GRM (mixed model)"
"rs2867679",4,13921405,"X1.linoleoyl.GPC..18.2.",66.04810021575,16.1156832192962,6.94301522510367e-05,"Sex, PC1-PC10, GRM (mixed model)"
"rs27311",5,96530864,"alpha.Hydroxybutyrate",270.802676011954,66.079648762399,6.94969602296445e-05,"Sex, PC1-PC10, GRM (mixed model)"
"rs6572520",14,48369944,"Oleate..18.1.",439.579767836604,107.268850351247,6.95505761691709e-05,"Sex, PC1-PC10, GRM (mixed model)"
"rs199496",17,42221887,"Isovalerylcarnitine..C5.",397.530613093369,97.0116860535602,6.95950633436253e-05,"Sex, PC1-PC10, GRM (mixed model)"
"rs5957972",23,121248840,"Pyridoxate",577.306879354672,140.896793535005,6.9698885313273e-05,"Sex, PC1-PC10, GRM (mixed model)"
"rs3857946",8,125675435,"N.acetylglycine",282.8629034256,69.037221549787,6.9731740562233e-05,"Sex, PC1-PC10, GRM (mixed model)"
"rs12970656",18,26522888,"Linoleate..18.2.",698.14908797943,170.404844106279,6.97989832693654e-05,"Sex, PC1-PC10, GRM (mixed model)"
"rs17185211",18,65299361,"Glutamine",147.420306079598,35.9886465959861,6.99885408898389e-05,"Sex, PC1-PC10, GRM (mixed model)"
"rs17115708",14,71979336,"Erythritol",618.971989638577,151.166336819643,7.04382246677356e-05,"Sex, PC1-PC10, GRM (mixed model)"
"rs7943351",11,115140633,"X1.oleoyl.GPC..18.1.",193.691514677862,47.305068380076,7.04715288776954e-05,"Sex, PC1-PC10, GRM (mixed model)"
"rs17208239",2,227305941,"Phenylalanine",1439.25819438573,351.568512696485,7.06620393018661e-05,"Sex, PC1-PC10, GRM (mixed model)"
"rs11697499",20,40425941,"Valine",-320.051761666377,78.1838490476757,7.07277989143903e-05,"Sex, PC1-PC10, GRM (mixed model)"
"rs9533567",13,43123066,"Erythritol",607.927205053351,148.545359537972,7.10131479721179e-05,"Sex, PC1-PC10, GRM (mixed model)"
"rs7752960",6,144171325,"X1.palmitoyl.GPC..16.0.",95.5737581283356,23.3536916926802,7.10373469685106e-05,"Sex, PC1-PC10, GRM (mixed model)"
"rs10760651",9,131779385,"Glutamate",942.449525243709,230.305513157103,7.11132212903334e-05,"Sex, PC1-PC10, GRM (mixed model)"
"rs7210023",17,28801256,"X1.linoleoyl.GPC..18.2.",75.358347393788,18.4166415983724,7.11981778879497e-05,"Sex, PC1-PC10, GRM (mixed model)"
"rs4128584",12,130326346,"Paraxanthine",265.940946285433,64.9959537391393,7.12552536308768e-05,"Sex, PC1-PC10, GRM (mixed model)"
"rs17067210",13,76584034,"Hexanoylcarnitine..C6.",201.384924979926,49.241418540888,7.17815248429882e-05,"Sex, PC1-PC10, GRM (mixed model)"
"rs2686792",7,48059372,"Hexanoylcarnitine..C6.",213.62614994206,52.2388027183424,7.18733722144077e-05,"Sex, PC1-PC10, GRM (mixed model)"
"rs1465650",17,8524543,"Glycine",450.128175488121,110.092414449159,7.2088762223617e-05,"Sex, PC1-PC10, GRM (mixed model)"
"rs1394474",8,4170617,"Glutamate",572.218491734591,139.968093815163,7.22091581421042e-05,"Sex, PC1-PC10, GRM (mixed model)"
"rs4751321",10,132787419,"Valine",420.425129491672,102.855945905245,7.24022633637397e-05,"Sex, PC1-PC10, GRM (mixed model)"
"rs2178739",2,10949444,"Tyrosine",106.419327563325,26.0358624901911,7.24304446408184e-05,"Sex, PC1-PC10, GRM (mixed model)"
"rs10233124",7,13408151,"alpha.Hydroxybutyrate",209.047362586235,51.1466995325286,7.24868813593202e-05,"Sex, PC1-PC10, GRM (mixed model)"
"rs6442140",3,43173803,"Gulono.1.4.lactone",648.990954251475,158.816933307422,7.27114110643484e-05,"Sex, PC1-PC10, GRM (mixed model)"
"rs2867137",2,696400,"Xanthine",952.233914484843,233.05959484438,7.28835177172592e-05,"Sex, PC1-PC10, GRM (mixed model)"
"rs11081798",18,29140676,"Paraxanthine",556.121202488412,136.117863136832,7.29425566826737e-05,"Sex, PC1-PC10, GRM (mixed model)"
"rs17000211",19,10230086,"X1.linoleoyl.GPC..18.2.",57.0431869679129,13.9644793702118,7.31419765323219e-05,"Sex, PC1-PC10, GRM (mixed model)"
"rs2352988",14,94869864,"Glycine",513.966488498876,125.849064935242,7.33922010033044e-05,"Sex, PC1-PC10, GRM (mixed model)"
"rs220749",6,165747184,"Linoleate..18.2.",519.113084991307,127.113685064677,7.34324879118552e-05,"Sex, PC1-PC10, GRM (mixed model)"
"rs17413277",1,44282715,"N.acetylglycine",288.618715456561,70.6752559118282,7.34659360329198e-05,"Sex, PC1-PC10, GRM (mixed model)"
"rs3805698",5,140801305,"Isoleucine",130.570647823791,31.9739868952859,7.34881237204038e-05,"Sex, PC1-PC10, GRM (mixed model)"
"rs2111714",2,211342607,"alpha.Hydroxybutyrate",-229.322612044165,56.1739367259581,7.38530635960301e-05,"Sex, PC1-PC10, GRM (mixed model)"
"rs362840",6,146721533,"X1.palmitoyl.GPC..16.0.",81.0234348554618,19.8478781413576,7.38944063011674e-05,"Sex, PC1-PC10, GRM (mixed model)"
"rs6925021",6,156630421,"Propionylcarnitine..C3.",624.724852470617,153.04611650338,7.39749821394962e-05,"Sex, PC1-PC10, GRM (mixed model)"
"rs7828423",8,59114645,"Glycochenodeoxycholate",1085.15168678414,265.864044529425,7.40704651401486e-05,"Sex, PC1-PC10, GRM (mixed model)"
"rs745125",13,33794544,"Phenylalanine",1215.15699520488,297.752660923417,7.42156757262739e-05,"Sex, PC1-PC10, GRM (mixed model)"
"rs7337779",13,21986473,"Gulono.1.4.lactone",501.005607792816,122.767290570172,7.4260883452781e-05,"Sex, PC1-PC10, GRM (mixed model)"
"rs9948238",18,63803894,"alpha.Hydroxybutyrate",194.034370895324,47.5481078648052,7.42998336432215e-05,"Sex, PC1-PC10, GRM (mixed model)"
"rs4902833",14,70173834,"Gulono.1.4.lactone",698.8685819027,171.260408399297,7.4318352621259e-05,"Sex, PC1-PC10, GRM (mixed model)"
"rs10519735",4,174204121,"Tyrosine",205.755129783114,50.4282595497345,7.44848718562006e-05,"Sex, PC1-PC10, GRM (mixed model)"
"rs300122",6,166324325,"alpha.Hydroxybutyrate",288.512745678695,70.7257112536288,7.47251060388777e-05,"Sex, PC1-PC10, GRM (mixed model)"
"rs858546",1,165727946,"Valine",597.931074206218,146.583962530803,7.47873298797466e-05,"Sex, PC1-PC10, GRM (mixed model)"
"rs6549876",3,28720095,"Uridine",838.908140094286,205.695298828214,7.49894146825714e-05,"Sex, PC1-PC10, GRM (mixed model)"
"rs11225302",11,96555001,"Oleate..18.1.",484.691703622047,118.874447655025,7.52962643249252e-05,"Sex, PC1-PC10, GRM (mixed model)"
"rs1216526",11,99998450,"Tyrosine",146.55793894113,35.9500656794959,7.5479908333164e-05,"Sex, PC1-PC10, GRM (mixed model)"
"rs1256388",3,41588321,"Propionylcarnitine..C3.",660.234585683573,161.968246881247,7.55925351253482e-05,"Sex, PC1-PC10, GRM (mixed model)"
"rs6925597",6,80522983,"alpha.Hydroxybutyrate",307.108106192128,75.3410124229082,7.56159166310419e-05,"Sex, PC1-PC10, GRM (mixed model)"
"rs11108094",12,94452244,"alpha.Hydroxybutyrate",229.669905590786,56.3513990429146,7.57811657838694e-05,"Sex, PC1-PC10, GRM (mixed model)"
"rs2209485",10,20945198,"Phenylalanine",1168.71810986738,286.79829363068,7.59624769774225e-05,"Sex, PC1-PC10, GRM (mixed model)"
"rs2806187",6,7446348,"Hippurate",331.264827488724,81.3002017275591,7.60983665798069e-05,"Sex, PC1-PC10, GRM (mixed model)"
"rs2652154",5,2336105,"Isoleucine",139.398248166536,34.2127365379779,7.61373842621811e-05,"Sex, PC1-PC10, GRM (mixed model)"
"rs902581",18,62063708,"Uridine",1585.15294639745,389.081826196042,7.62453948033776e-05,"Sex, PC1-PC10, GRM (mixed model)"
"rs7209156",17,77061187,"alpha.Hydroxybutyrate",172.620199482296,42.3716663471554,7.62843584281867e-05,"Sex, PC1-PC10, GRM (mixed model)"
"rs2145143",14,90698302,"Glutamate",656.07015789417,161.056245829625,7.64038071953912e-05,"Sex, PC1-PC10, GRM (mixed model)"
"rs7143196",14,67327238,"Tyrosine",163.954646639301,40.2574284667611,7.66661438938568e-05,"Sex, PC1-PC10, GRM (mixed model)"
"rs9287588",2,235811903,"Pyridoxate",693.370486653539,170.250562761501,7.66686432236319e-05,"Sex, PC1-PC10, GRM (mixed model)"
"rs163281",5,16569778,"Valine",397.3737153029,97.5939215924843,7.69468143250249e-05,"Sex, PC1-PC10, GRM (mixed model)"
"rs7731261",5,72810545,"Glutamate",507.539589412142,124.654935014329,7.69909927497597e-05,"Sex, PC1-PC10, GRM (mixed model)"
"rs3889281",3,29296772,"Tyrosine",115.190861540402,28.2944041499213,7.71103582632527e-05,"Sex, PC1-PC10, GRM (mixed model)"
"rs7586519",2,115319473,"Glutamate",792.268233390166,194.616992211264,7.7182622014561e-05,"Sex, PC1-PC10, GRM (mixed model)"
"rs6831911",4,181986151,"Glutamate",852.25577164431,209.360229109614,7.72263657737316e-05,"Sex, PC1-PC10, GRM (mixed model)"
"rs2811578",1,116201852,"X1.oleoyl.GPC..18.1.",105.879322425124,26.0098232510913,7.72319708186592e-05,"Sex, PC1-PC10, GRM (mixed model)"
"rs258759",5,142536786,"Hypoxanthine",-482.518874885697,118.543209359984,7.73325874287963e-05,"Sex, PC1-PC10, GRM (mixed model)"
"rs11970425",6,20774436,"Oleate..18.1.",560.468062022051,137.704279476764,7.74279264525052e-05,"Sex, PC1-PC10, GRM (mixed model)"
"rs7302032",12,5225634,"Isovalerylcarnitine..C5.",480.155464657569,117.995839878531,7.76744800929296e-05,"Sex, PC1-PC10, GRM (mixed model)"
"rs9423765",10,7152082,"Valine",483.190563993288,118.786897631633,7.81380992090273e-05,"Sex, PC1-PC10, GRM (mixed model)"
"rs17286891",5,140532958,"Xanthine",896.142938877794,220.32550585646,7.82433339762656e-05,"Sex, PC1-PC10, GRM (mixed model)"
"rs1607278",5,124701914,"Linoleate..18.2.",607.018398101992,149.277908278552,7.85428920368184e-05,"Sex, PC1-PC10, GRM (mixed model)"
"rs4811105",20,49035357,"Valine",592.345313201337,145.674544476978,7.858535763006e-05,"Sex, PC1-PC10, GRM (mixed model)"
"rs1317686",13,25512416,"X1.palmitoyl.GPC..16.0.",64.8296473034924,15.9460759428014,7.87875924261905e-05,"Sex, PC1-PC10, GRM (mixed model)"
"rs1339248",9,77815460,"Isovalerylcarnitine..C5.",322.657911386826,79.3692011126833,7.88712784376633e-05,"Sex, PC1-PC10, GRM (mixed model)"
"rs11902125",2,65692304,"Pyridoxate",769.924330668047,189.397501870721,7.89181189521282e-05,"Sex, PC1-PC10, GRM (mixed model)"
"rs3773409",3,352249,"Propionylcarnitine..C3.",761.533256078157,187.338579559038,7.89525939506091e-05,"Sex, PC1-PC10, GRM (mixed model)"
"rs2712038",2,6896272,"Glycochenodeoxycholate",977.553957583991,240.496468538797,7.90367044294221e-05,"Sex, PC1-PC10, GRM (mixed model)"
"rs17118701",14,83001154,"Glycine",594.551526735025,146.2847333881,7.91548158060493e-05,"Sex, PC1-PC10, GRM (mixed model)"
"rs2847198",18,6908473,"Propionylcarnitine..C3.",584.447602737845,143.804539768363,7.92046460212606e-05,"Sex, PC1-PC10, GRM (mixed model)"
"rs6787044",3,90212129,"Propionylcarnitine..C3.",1114.04870791287,274.122168672642,7.92415615074e-05,"Sex, PC1-PC10, GRM (mixed model)"
"rs2682120",11,6306342,"Hypoxanthine",725.772339416724,178.592059502491,7.93035356976737e-05,"Sex, PC1-PC10, GRM (mixed model)"
"rs10499663",7,47608445,"alpha.Hydroxybutyrate",342.643208921986,84.3413093753824,7.96933377228008e-05,"Sex, PC1-PC10, GRM (mixed model)"
"rs10764806",10,130400255,"Propionylcarnitine..C3.",554.720785572282,136.563460157869,7.98705889000317e-05,"Sex, PC1-PC10, GRM (mixed model)"
"rs17050727",4,121646277,"Theobromine",555.773850741406,136.82716453387,7.99111674664582e-05,"Sex, PC1-PC10, GRM (mixed model)"
"rs2823907",21,16900890,"alpha.Hydroxybutyrate",264.735109217901,65.1782803739054,7.99603589845849e-05,"Sex, PC1-PC10, GRM (mixed model)"
"rs4958468",5,149585404,"Propionylcarnitine..C3.",1005.99985938581,247.714646171699,8.01397095320352e-05,"Sex, PC1-PC10, GRM (mixed model)"
"rs17102438",12,65064196,"Hexanoylcarnitine..C6.",263.334528895051,64.8450881817842,8.01843433309814e-05,"Sex, PC1-PC10, GRM (mixed model)"
"rs17053262",5,155515691,"alpha.Hydroxybutyrate",275.129895249277,67.7620874999732,8.04140708921542e-05,"Sex, PC1-PC10, GRM (mixed model)"
"rs17172438",7,55119031,"Theobromine",516.250890116583,127.167507332175,8.06057288704903e-05,"Sex, PC1-PC10, GRM (mixed model)"
"rs16944647",17,11213423,"Oleate..18.1.",447.709636356789,110.285846244998,8.06288436790054e-05,"Sex, PC1-PC10, GRM (mixed model)"
"rs6819932",4,28715245,"Glutamate",689.002863589873,169.747468885173,8.07994855660712e-05,"Sex, PC1-PC10, GRM (mixed model)"
"rs2670726",2,71421790,"Pyridoxate",615.1438105236,151.554293802573,8.08264573558629e-05,"Sex, PC1-PC10, GRM (mixed model)"
"rs1957907",14,60929984,"Propionylcarnitine..C3.",983.469962136655,242.316523733055,8.0914454938567e-05,"Sex, PC1-PC10, GRM (mixed model)"
"rs10941327",5,37409881,"Valine",485.918555309877,119.738835358442,8.10585285424717e-05,"Sex, PC1-PC10, GRM (mixed model)"
"rs16905528",8,137310055,"Linoleate..18.2.",892.500766597016,219.959603057639,8.12411633876112e-05,"Sex, PC1-PC10, GRM (mixed model)"
"rs11060001",12,127947706,"Paraxanthine",358.183880654752,88.2821410241916,8.13358207765339e-05,"Sex, PC1-PC10, GRM (mixed model)"
"rs9314153",5,95084798,"Glycine",512.273244288495,126.290245073883,8.16316170213523e-05,"Sex, PC1-PC10, GRM (mixed model)"
"rs16978354",18,41206419,"Hypoxanthine",938.906366658897,231.549660317854,8.20822880431401e-05,"Sex, PC1-PC10, GRM (mixed model)"
"rs11061005",12,129629481,"Isoleucine",160.278175785768,39.5286188081419,8.21275104065153e-05,"Sex, PC1-PC10, GRM (mixed model)"
"rs749539",7,154911201,"Glycochenodeoxycholate",945.015380494334,233.096859373025,8.23049629931398e-05,"Sex, PC1-PC10, GRM (mixed model)"
"rs17019986",3,82771929,"alpha.Hydroxybutyrate",204.78485284568,50.5224572921568,8.25677799576561e-05,"Sex, PC1-PC10, GRM (mixed model)"
"rs237378",23,149850860,"Tyrosine",126.395456305417,31.1840537622342,8.26105471470219e-05,"Sex, PC1-PC10, GRM (mixed model)"
"rs1242631",14,22441620,"Hypoxanthine",876.723654662915,216.328861830377,8.27603164229516e-05,"Sex, PC1-PC10, GRM (mixed model)"
"rs9637832",5,15810839,"Glycochenodeoxycholate",1046.70718752109,258.284508336717,8.28237218950849e-05,"Sex, PC1-PC10, GRM (mixed model)"
"rs17521569",5,160773781,"Uridine",1439.61585460301,355.277386233997,8.29654076187145e-05,"Sex, PC1-PC10, GRM (mixed model)"
"rs16852060",3,107323701,"Hexanoylcarnitine..C6.",214.064677617118,52.8358552856052,8.31518745113194e-05,"Sex, PC1-PC10, GRM (mixed model)"
"rs9304325",18,41724762,"Xanthine",706.771930740016,174.470968625102,8.33308549301315e-05,"Sex, PC1-PC10, GRM (mixed model)"
"rs4893116",23,148738137,"Uridine",1426.64133230954,352.202572789876,8.34317112979485e-05,"Sex, PC1-PC10, GRM (mixed model)"
"rs6586846",8,19481847,"Glycochenodeoxycholate",762.357780511291,188.207341374125,8.34317140274764e-05,"Sex, PC1-PC10, GRM (mixed model)"
"rs16891116",5,62155105,"Uridine",1534.7986545144,378.904198659689,8.34325640246845e-05,"Sex, PC1-PC10, GRM (mixed model)"
"rs10174893",2,59644897,"Uridine",1258.11176531756,310.599362118159,8.34424873122941e-05,"Sex, PC1-PC10, GRM (mixed model)"
"rs16883862",6,20582746,"Oleate..18.1.",753.608560305854,186.067459277872,8.357160629207e-05,"Sex, PC1-PC10, GRM (mixed model)"
"rs4789143",17,70639745,"alpha.Hydroxybutyrate",199.533776416956,49.2743654275729,8.38108447113488e-05,"Sex, PC1-PC10, GRM (mixed model)"
"rs10487741",7,38298819,"X1.oleoyl.GPC..18.1.",213.107338962861,52.6270444865283,8.38286802042159e-05,"Sex, PC1-PC10, GRM (mixed model)"
"rs4290167",10,33472549,"Xanthine",598.25783650844,147.793933452365,8.43018861878338e-05,"Sex, PC1-PC10, GRM (mixed model)"
"rs10836933",11,38102233,"Phenylalanine",1043.81635980675,257.902193826052,8.44908404808496e-05,"Sex, PC1-PC10, GRM (mixed model)"
"rs17227580",5,7478981,"Valine",376.190020439265,92.9515381107314,8.45462589254747e-05,"Sex, PC1-PC10, GRM (mixed model)"
"rs7259472",19,16978375,"Phenylalanine",1121.78386379886,277.279723778716,8.50290634920702e-05,"Sex, PC1-PC10, GRM (mixed model)"
"rs10457506",6,128533696,"Uridine",1595.1944397197,394.345894105994,8.51953044362748e-05,"Sex, PC1-PC10, GRM (mixed model)"
"rs2710935",3,183729773,"Palmitoylcarnitine..C16.",721.416496460214,178.388060004441,8.55483891017987e-05,"Sex, PC1-PC10, GRM (mixed model)"
"rs2825900",21,20223903,"Glutamine",118.799579419103,29.3796791012149,8.57083842531689e-05,"Sex, PC1-PC10, GRM (mixed model)"
"rs16942375",17,53202965,"Xanthine",1108.18866641837,274.10347360346,8.5918396838704e-05,"Sex, PC1-PC10, GRM (mixed model)"
"rs17150567",7,27849460,"Glycine",656.426737300553,162.388264579634,8.61253498088377e-05,"Sex, PC1-PC10, GRM (mixed model)"
"rs4246943",10,80730011,"Palmitoylcarnitine..C16.",706.966177406194,174.918720209861,8.63380722816212e-05,"Sex, PC1-PC10, GRM (mixed model)"
"rs5972264",23,30845828,"Glycochenodeoxycholate",749.436436335993,185.448981868696,8.64980381277143e-05,"Sex, PC1-PC10, GRM (mixed model)"
"rs268821",14,57103305,"Oleate..18.1.",404.512757040539,100.10485277453,8.66005008884054e-05,"Sex, PC1-PC10, GRM (mixed model)"
"rs12212067",6,109087889,"Erythritol",716.683757735144,177.358461665469,8.6604946588426e-05,"Sex, PC1-PC10, GRM (mixed model)"
"rs985713",2,77346962,"Glutamate",752.754003580865,186.288953594662,8.66347837386517e-05,"Sex, PC1-PC10, GRM (mixed model)"
"rs249729",5,141860047,"Glutamine",100.442801147886,24.8575733357959,8.66529293494771e-05,"Sex, PC1-PC10, GRM (mixed model)"
"rs1480306",4,58491083,"Gulono.1.4.lactone",781.314942695803,193.368105434245,8.67109205867975e-05,"Sex, PC1-PC10, GRM (mixed model)"
"rs16999507",21,40508183,"Valine",687.371016365126,170.126037167898,8.67753070509463e-05,"Sex, PC1-PC10, GRM (mixed model)"
"rs4751430",10,129186709,"Tyrosine",142.971454686908,35.386647375657,8.68077730029074e-05,"Sex, PC1-PC10, GRM (mixed model)"
"rs1881824",6,148379118,"Gulono.1.4.lactone",560.740295801723,138.792895535345,8.68553149377781e-05,"Sex, PC1-PC10, GRM (mixed model)"
"rs10220616",14,37780249,"Hexanoylcarnitine..C6.",184.70852267293,45.7197008076898,8.68892383379833e-05,"Sex, PC1-PC10, GRM (mixed model)"
"rs13036100",2,46012194,"Oleate..18.1.",354.014959372466,87.6424833638524,8.71263825159767e-05,"Sex, PC1-PC10, GRM (mixed model)"
"rs16902784",5,87081284,"Threonate",232.100859570146,57.4607405645916,8.71307501972941e-05,"Sex, PC1-PC10, GRM (mixed model)"
"rs11237782",11,78699911,"Tyrosine",158.070611648246,39.1472612360025,8.76147249340186e-05,"Sex, PC1-PC10, GRM (mixed model)"
"rs17022684",2,38527042,"alpha.Hydroxybutyrate",204.316691603266,50.6026445204075,8.76742787525611e-05,"Sex, PC1-PC10, GRM (mixed model)"
"rs16937678",9,19642765,"Theobromine",620.974610455878,153.818987029739,8.78824730005078e-05,"Sex, PC1-PC10, GRM (mixed model)"
"rs16961883",17,42454424,"Linoleate..18.2.",1059.36036114572,262.4128364383,8.78988812535739e-05,"Sex, PC1-PC10, GRM (mixed model)"
"rs10752856",1,179655715,"Tyrosine",116.894690261481,28.9576927095781,8.7985793540506e-05,"Sex, PC1-PC10, GRM (mixed model)"
"rs1864347",1,157003141,"Isovalerylcarnitine..C5.",269.484742992384,66.7584575257063,8.79949865878869e-05,"Sex, PC1-PC10, GRM (mixed model)"
"rs4406819",11,11384682,"Glycine",476.290935389352,118.000876220916,8.81226437758669e-05,"Sex, PC1-PC10, GRM (mixed model)"
"rs17323097",3,55082984,"Taurocholate",177.478823769063,43.9747281971114,8.82595604336109e-05,"Sex, PC1-PC10, GRM (mixed model)"
"rs11243558",9,133762551,"Glutamate",870.239322302529,215.634226986287,8.83297145405532e-05,"Sex, PC1-PC10, GRM (mixed model)"
"rs16874588",7,8887669,"Isovalerylcarnitine..C5.",387.147387416911,95.987043622549,8.91401345766442e-05,"Sex, PC1-PC10, GRM (mixed model)"
"rs17835780",12,3329403,"Paraxanthine",428.146897871213,106.159441441546,8.92336035385905e-05,"Sex, PC1-PC10, GRM (mixed model)"
"rs17129610",10,91726648,"Taurocholate",175.388569664524,43.4894133789257,8.92856598435985e-05,"Sex, PC1-PC10, GRM (mixed model)"
"rs41396146",3,24967501,"Theobromine",768.267386837589,190.545057071125,8.96124996893423e-05,"Sex, PC1-PC10, GRM (mixed model)"
"rs10512115",9,82986774,"Linoleate..18.2.",869.656200248844,215.718265960502,8.97843398975308e-05,"Sex, PC1-PC10, GRM (mixed model)"
"rs9287568",2,127487476,"Paraxanthine",253.649054397091,62.9231289519305,8.99045364060196e-05,"Sex, PC1-PC10, GRM (mixed model)"
"rs4894672",3,172467502,"Tyrosine",116.138196620382,28.8162635240625,9.01774555986365e-05,"Sex, PC1-PC10, GRM (mixed model)"
"rs11595146",10,21594563,"alpha.Hydroxybutyrate",228.529559727023,56.7178895385521,9.05458793455448e-05,"Sex, PC1-PC10, GRM (mixed model)"
"rs1864268",2,61055673,"Hypoxanthine",896.06312951824,222.419223914908,9.07257370182306e-05,"Sex, PC1-PC10, GRM (mixed model)"
"rs2661472",1,69296434,"Valine",706.129854886801,175.288968744809,9.08424192275719e-05,"Sex, PC1-PC10, GRM (mixed model)"
"rs4886655",15,73172621,"X1.linoleoyl.GPC..18.2.",42.3270210807946,10.5115401579352,9.14185904004561e-05,"Sex, PC1-PC10, GRM (mixed model)"
"rs34639164",5,114701208,"Glycine",606.886536101588,150.738749361035,9.16412179976894e-05,"Sex, PC1-PC10, GRM (mixed model)"
"rs6961256",7,16697717,"Propionylcarnitine..C3.",1195.39741002952,296.952091856742,9.18250859970002e-05,"Sex, PC1-PC10, GRM (mixed model)"
"rs11136715",8,4118520,"Glycine",373.715027588063,92.8412023633092,9.19099258482287e-05,"Sex, PC1-PC10, GRM (mixed model)"
"rs10484776",6,150967470,"Tyrosine",146.530569405519,36.4033463178451,9.1951778650424e-05,"Sex, PC1-PC10, GRM (mixed model)"
"rs16885510",5,55800618,"Pyridoxate",753.075574435236,187.120922669292,9.21819557466717e-05,"Sex, PC1-PC10, GRM (mixed model)"
"rs4893116",23,148738137,"Hypoxanthine",731.795555021682,181.871484661662,9.2479083764834e-05,"Sex, PC1-PC10, GRM (mixed model)"
"rs17069401",3,63758567,"Hypoxanthine",936.114646881751,232.656890744086,9.25184175286507e-05,"Sex, PC1-PC10, GRM (mixed model)"
"rs601063",1,108456996,"Valine",520.936402041614,129.49141479196,9.27455041124585e-05,"Sex, PC1-PC10, GRM (mixed model)"
"rs1574481",8,103796170,"Leucine",871.165271369519,216.554703082053,9.27808802587295e-05,"Sex, PC1-PC10, GRM (mixed model)"
"rs17806588",6,97850757,"Paraxanthine",573.49220712048,142.56214131684,9.28124226439274e-05,"Sex, PC1-PC10, GRM (mixed model)"
"rs608358",1,120090930,"Paraxanthine",424.838695323992,105.616353875051,9.29121787787632e-05,"Sex, PC1-PC10, GRM (mixed model)"
"rs10123380",9,20067543,"Isoleucine",213.461831131161,53.075654127877,9.31356199848672e-05,"Sex, PC1-PC10, GRM (mixed model)"
"rs10044460",5,51828739,"Paraxanthine",328.889698661974,81.7811327383922,9.32268341397046e-05,"Sex, PC1-PC10, GRM (mixed model)"
"rs11133930",5,2211553,"Glycine",474.718350562745,118.042759504421,9.32284232834685e-05,"Sex, PC1-PC10, GRM (mixed model)"
"rs17738513",8,436359,"X1.oleoyl.GPC..18.1.",205.270842523777,51.0443885405638,9.32857323491245e-05,"Sex, PC1-PC10, GRM (mixed model)"
"rs7334624",13,79498730,"Linoleate..18.2.",1177.60320188041,292.838245028588,9.33123333623444e-05,"Sex, PC1-PC10, GRM (mixed model)"
"rs9573440",13,74222883,"Hippurate",-157.494407978073,39.1721475907478,9.35874960082325e-05,"Sex, PC1-PC10, GRM (mixed model)"
"rs11230463",11,60282828,"Theobromine",610.128795139877,151.755317000271,9.36210235966571e-05,"Sex, PC1-PC10, GRM (mixed model)"
"rs17030358",2,43167863,"Tyrosine",238.54494521763,59.3470286048685,9.39730095637838e-05,"Sex, PC1-PC10, GRM (mixed model)"
"rs2016206",16,78716730,"Hexanoylcarnitine..C6.",229.655929969808,57.1391109437555,9.40627216798347e-05,"Sex, PC1-PC10, GRM (mixed model)"
"rs7737146",5,176050986,"X1.palmitoyl.GPC..16.0.",-67.8497409887166,16.8844866967928,9.43412707220973e-05,"Sex, PC1-PC10, GRM (mixed model)"
"rs5922289",23,85911182,"Leucine",489.977910296436,121.955360232099,9.46234568669827e-05,"Sex, PC1-PC10, GRM (mixed model)"
"rs301432",9,4568846,"Hippurate",346.924215239383,86.388637463823,9.52845691518535e-05,"Sex, PC1-PC10, GRM (mixed model)"
"rs7845814",8,56419043,"alpha.Hydroxybutyrate",279.026158177621,69.4851246421394,9.53681997480605e-05,"Sex, PC1-PC10, GRM (mixed model)"
"rs190484",16,62385109,"Pyridoxate",681.20792576701,169.689464768409,9.5799833282611e-05,"Sex, PC1-PC10, GRM (mixed model)"
"rs11016477",10,130462893,"Glycochenodeoxycholate",991.9275488498,247.096012237783,9.58355709846454e-05,"Sex, PC1-PC10, GRM (mixed model)"
"rs901799",7,129718638,"Uridine",1153.53796061032,287.381206227214,9.59728995244927e-05,"Sex, PC1-PC10, GRM (mixed model)"
"rs16919549",9,102650850,"Glutamine",132.423649425569,32.9921407558948,9.60353021437727e-05,"Sex, PC1-PC10, GRM (mixed model)"
"rs1513747",17,11283630,"Isoleucine",109.288545669361,27.2294065300331,9.60981240755218e-05,"Sex, PC1-PC10, GRM (mixed model)"
"rs12576603",11,36134666,"Xanthine",815.462815588808,203.191252205784,9.62243688459304e-05,"Sex, PC1-PC10, GRM (mixed model)"
"rs17068542",8,3857017,"N.acetylglycine",246.435066337725,61.4123382088704,9.64015006340309e-05,"Sex, PC1-PC10, GRM (mixed model)"
"rs3865444",19,56419774,"Palmitoylcarnitine..C16.",691.937188879714,172.433635139558,9.64089047410268e-05,"Sex, PC1-PC10, GRM (mixed model)"
"rs17246915",9,12117088,"Linoleate..18.2.",964.503620117546,240.418356371694,9.67772786465239e-05,"Sex, PC1-PC10, GRM (mixed model)"
"rs6739467",2,203278732,"Pyridoxate",487.029135872152,121.412802227519,9.69331475620052e-05,"Sex, PC1-PC10, GRM (mixed model)"
"rs9560105",13,110973364,"Taurocholate",91.1416022659134,22.7221688422483,9.70135344424354e-05,"Sex, PC1-PC10, GRM (mixed model)"
"rs9891809",17,68592673,"Isoleucine",120.115865285519,29.953050449649,9.73809136669609e-05,"Sex, PC1-PC10, GRM (mixed model)"
"rs7624884",3,169372993,"alpha.Hydroxybutyrate",248.55027051059,61.9943941498283,9.77149856849727e-05,"Sex, PC1-PC10, GRM (mixed model)"
"rs2810577",1,41703063,"Glycochenodeoxycholate",946.100559187023,236.058325030403,9.82097216370007e-05,"Sex, PC1-PC10, GRM (mixed model)"
"rs12940578",17,12307036,"Glycine",656.225213989164,163.746997607848,9.8342208014053e-05,"Sex, PC1-PC10, GRM (mixed model)"
"rs3212752",19,17809732,"Pyridoxate",696.789843984931,173.877971714487,9.84192709114577e-05,"Sex, PC1-PC10, GRM (mixed model)"
"rs17673792",18,32291771,"Glycine",642.343237597345,160.330528134862,9.87870534398566e-05,"Sex, PC1-PC10, GRM (mixed model)"
"rs1564064",14,46193301,"Isoleucine",110.166939197706,27.5026252955324,9.90430818229263e-05,"Sex, PC1-PC10, GRM (mixed model)"
"rs6978192",7,22532464,"Oleate..18.1.",659.876108801397,164.771585156279,9.93806472185833e-05,"Sex, PC1-PC10, GRM (mixed model)"
"rs7109264",11,120707073,"Glycochenodeoxycholate",641.526068445896,160.226469028897,9.9729688668244e-05,"Sex, PC1-PC10, GRM (mixed model)"
"rs10497518",2,179177631,"alpha.Hydroxybutyrate",237.180162155412,59.2504491879982,0.000100056312511143,"Sex, PC1-PC10, GRM (mixed model)"
"rs1670262",15,97414876,"Isoleucine",135.472119739825,33.8437797112002,0.000100111166158541,"Sex, PC1-PC10, GRM (mixed model)"
"rs6935560",6,131397035,"Glutamate",698.750257474866,174.619989384197,0.000100613847259267,"Sex, PC1-PC10, GRM (mixed model)"
"rs2706669",17,63109404,"Palmitoylcarnitine..C16.",1013.04878743099,253.179164303555,0.000100704132564681,"Sex, PC1-PC10, GRM (mixed model)"
"rs7188212",16,82906431,"Phenylalanine",990.565260079495,247.568710067378,0.000100757228778701,"Sex, PC1-PC10, GRM (mixed model)"
"rs2839420",21,42207037,"Theobromine",533.705164652451,133.389908098158,0.000100788642970289,"Sex, PC1-PC10, GRM (mixed model)"
"rs10215935",7,29361064,"N.acetylglycine",252.481032005287,63.1039912170784,0.000100811587538625,"Sex, PC1-PC10, GRM (mixed model)"
"rs16877332",8,30721541,"Uridine",1927.18663399071,481.698466484187,0.000100894236357842,"Sex, PC1-PC10, GRM (mixed model)"
"rs16957974",15,44776510,"Valine",673.66351529299,168.381639913353,0.000100895009455464,"Sex, PC1-PC10, GRM (mixed model)"
"rs6824699",4,167617959,"Glycine",526.479159664685,131.594629216823,0.000100913626559601,"Sex, PC1-PC10, GRM (mixed model)"
"rs7106602",11,83679509,"Oleate..18.1.",591.779846719352,147.980675188165,0.000101578937684198,"Sex, PC1-PC10, GRM (mixed model)"
"rs7599312",2,213121476,"Pyridoxate",424.926591877402,106.290640327425,0.000102064027903778,"Sex, PC1-PC10, GRM (mixed model)"
"rs2487372",6,40587968,"Leucine",773.174932515429,193.443661345528,0.000102405633983019,"Sex, PC1-PC10, GRM (mixed model)"
"rs6497380",16,19401607,"Hexanoylcarnitine..C6.",231.723390480659,57.9777518178644,0.000102458445402061,"Sex, PC1-PC10, GRM (mixed model)"
"rs16854785",1,229894699,"Oleate..18.1.",643.559662701943,161.030422956758,0.000102557353584375,"Sex, PC1-PC10, GRM (mixed model)"
"rs4787185",16,8346961,"Erythritol",648.715928952159,162.321092686326,0.000102561929487408,"Sex, PC1-PC10, GRM (mixed model)"
"rs2373947",11,81476838,"Glutamate",808.800810771517,202.387852857687,0.000102642454306248,"Sex, PC1-PC10, GRM (mixed model)"
"rs575764",11,22441652,"alpha.Hydroxybutyrate",-301.947980898882,75.5579372500969,0.000102660732634227,"Sex, PC1-PC10, GRM (mixed model)"
"rs12273158",11,39557415,"Leucine",501.96897145616,125.612084174774,0.000102684348480007,"Sex, PC1-PC10, GRM (mixed model)"
"rs13431785",2,71546325,"Tyrosine",132.52764446453,33.1636615753722,0.000102689537327975,"Sex, PC1-PC10, GRM (mixed model)"
"rs10516587",4,113269725,"Linoleate..18.2.",1131.18025978725,283.075881348802,0.000102743543116121,"Sex, PC1-PC10, GRM (mixed model)"
"rs17833422",14,58494680,"Hypoxanthine",594.674253288192,148.819040308703,0.000102773375603386,"Sex, PC1-PC10, GRM (mixed model)"
"rs6037971",20,4727700,"Gulono.1.4.lactone",428.139360615741,107.151832041096,0.000102899351711649,"Sex, PC1-PC10, GRM (mixed model)"
"rs4973319",2,228339820,"Paraxanthine",378.284635486547,94.678962762773,0.000102972471786027,"Sex, PC1-PC10, GRM (mixed model)"
"rs10517062",4,42628253,"Oleate..18.1.",520.755088292658,130.338464771742,0.000102987895868012,"Sex, PC1-PC10, GRM (mixed model)"
"rs6455455",6,169076823,"alpha.Hydroxybutyrate",199.106777843286,49.8361258186557,0.00010305677501966,"Sex, PC1-PC10, GRM (mixed model)"
"rs7578066",2,30830156,"Erythritol",887.474543418053,222.195985860065,0.000103496812287995,"Sex, PC1-PC10, GRM (mixed model)"
"rs695366",22,32330928,"Pyridoxate",426.268140834095,106.741833616397,0.000103755245026016,"Sex, PC1-PC10, GRM (mixed model)"
"rs9306513",22,45181275,"Glutamate",833.282418846831,208.670751425897,0.000103818881843755,"Sex, PC1-PC10, GRM (mixed model)"
"rs1486788",3,151315099,"Isoleucine",171.442958775903,42.9374735130571,0.000103990926292349,"Sex, PC1-PC10, GRM (mixed model)"
"rs3756092",4,185587732,"Xanthine",997.016180964087,249.706016955807,0.000104027080932341,"Sex, PC1-PC10, GRM (mixed model)"
"rs11629607",15,69286314,"Palmitoylcarnitine..C16.",543.335105134498,136.081026170227,0.000104037997996301,"Sex, PC1-PC10, GRM (mixed model)"
"rs9970821",1,236849682,"Glycochenodeoxycholate",681.491901400438,170.686922958816,0.000104073343678151,"Sex, PC1-PC10, GRM (mixed model)"
"rs932181",2,225949116,"X1.oleoyl.GPC..18.1.",133.154112437921,33.3515302381081,0.000104151875469592,"Sex, PC1-PC10, GRM (mixed model)"
"rs1476443",7,91110480,"Theobromine",456.265688990738,114.293352203506,0.000104304429988462,"Sex, PC1-PC10, GRM (mixed model)"
"rs7492685",14,48204811,"Hypoxanthine",739.783325519635,185.322469436562,0.000104378567885765,"Sex, PC1-PC10, GRM (mixed model)"
"rs16838142",1,29542660,"X1.oleoyl.GPC..18.1.",147.289120897951,36.9175948776159,0.000105252149232285,"Sex, PC1-PC10, GRM (mixed model)"
"rs9955865",18,64559407,"Erythritol",763.683292984964,191.433055777424,0.000105402220676433,"Sex, PC1-PC10, GRM (mixed model)"
"rs13403523",2,177151824,"Hippurate",251.701227657203,63.1012190821096,0.000105581375511485,"Sex, PC1-PC10, GRM (mixed model)"
"rs6426618",1,20397747,"Hexanoylcarnitine..C6.",265.203787333261,66.4875609720389,0.000105611756979496,"Sex, PC1-PC10, GRM (mixed model)"
"rs2863209",1,67505934,"Oleate..18.1.",419.460720492437,105.195713520501,0.000106150037661595,"Sex, PC1-PC10, GRM (mixed model)"
"rs11788034",9,3841002,"Glutamine",103.161069800763,25.8717679985465,0.000106163060565049,"Sex, PC1-PC10, GRM (mixed model)"
"rs7123677",11,678804,"Isovalerylcarnitine..C5.",337.711479671657,84.703173650447,0.000106324180256744,"Sex, PC1-PC10, GRM (mixed model)"
"rs6766260",3,65381484,"Uridine",1081.86062692713,271.399929764848,0.0001066373540538,"Sex, PC1-PC10, GRM (mixed model)"
"rs4958072",5,111957063,"Glutamate",797.773210053796,200.15459993748,0.000106814426297869,"Sex, PC1-PC10, GRM (mixed model)"
"rs10515857",5,162742541,"Uridine",1235.23108698469,309.962523294184,0.000107092732528291,"Sex, PC1-PC10, GRM (mixed model)"
"rs2588567",18,20154446,"Caffeine",159.076585413581,39.9257730946374,0.000107413672400508,"Sex, PC1-PC10, GRM (mixed model)"
"rs7932891",11,10878088,"X1.linoleoyl.GPC..18.2.",43.8936413511556,11.0166741265455,0.000107420459834988,"Sex, PC1-PC10, GRM (mixed model)"
"rs16961929",15,47020670,"X1.linoleoyl.GPC..18.2.",67.3327406988726,16.9001244522557,0.000107475410661086,"Sex, PC1-PC10, GRM (mixed model)"
"rs6679348",1,41830316,"Valine",534.607807602561,134.185884750049,0.000107505014972413,"Sex, PC1-PC10, GRM (mixed model)"
"rs1273788",2,227158771,"Leucine",622.561030473945,156.262038257749,0.000107505073217966,"Sex, PC1-PC10, GRM (mixed model)"
"rs7212298",17,10965967,"Isoleucine",123.102179256038,30.8998256042436,0.00010757507283488,"Sex, PC1-PC10, GRM (mixed model)"
"rs17349805",11,80498874,"Glutamine",105.03290706371,26.3645287759944,0.000107591296212777,"Sex, PC1-PC10, GRM (mixed model)"
"rs7333854",13,26257496,"Tyrosine",175.935303747405,44.1620826771038,0.00010759848760153,"Sex, PC1-PC10, GRM (mixed model)"
"rs9699051",23,66904482,"Hypoxanthine",686.732679882059,172.38081309321,0.000107615903943914,"Sex, PC1-PC10, GRM (mixed model)"
"rs6078040",20,1107395,"Glycine",713.468069818667,179.105915497661,0.000107743754687816,"Sex, PC1-PC10, GRM (mixed model)"
"rs9993195",4,40703747,"X1.linoleoyl.GPC..18.2.",52.7377546017383,13.2406121260418,0.000107934931761698,"Sex, PC1-PC10, GRM (mixed model)"
"rs11022306",11,12312128,"X1.palmitoyl.GPC..16.0.",-61.5596929729902,15.4586315898305,0.000108265906113893,"Sex, PC1-PC10, GRM (mixed model)"
"rs2527635",7,67900662,"Theobromine",421.695153942207,105.904610547369,0.00010842257872627,"Sex, PC1-PC10, GRM (mixed model)"
"rs1422488",5,110011975,"Propionylcarnitine..C3.",956.657001702147,240.265358087243,0.000108492775496011,"Sex, PC1-PC10, GRM (mixed model)"
"rs226786",16,14220534,"X1.linoleoyl.GPC..18.2.",88.7156954212416,22.2814987604723,0.000108526805617005,"Sex, PC1-PC10, GRM (mixed model)"
"rs111344",2,34369954,"X1.palmitoyl.GPC..16.0.",124.322301233699,31.2265505847343,0.000108643758326201,"Sex, PC1-PC10, GRM (mixed model)"
"rs16959389",16,55122445,"Isovalerylcarnitine..C5.",525.470371498543,131.992167188001,0.000108737879727004,"Sex, PC1-PC10, GRM (mixed model)"
"rs11018796",11,87562602,"X1.oleoyl.GPC..18.1.",170.778334032862,42.9045889748126,0.000109006254300317,"Sex, PC1-PC10, GRM (mixed model)"
"rs9681018",3,33504519,"Hexanoylcarnitine..C6.",165.032160015505,41.4689948740154,0.000109324133427929,"Sex, PC1-PC10, GRM (mixed model)"
"rs1342069",1,236614613,"Oleate..18.1.",375.454648483685,94.3472679096378,0.000109388290687495,"Sex, PC1-PC10, GRM (mixed model)"
"rs4402787",2,105697937,"Hippurate",345.045100994166,86.7095654135817,0.000109461527627973,"Sex, PC1-PC10, GRM (mixed model)"
"rs12504496",4,124768694,"Hexanoylcarnitine..C6.",164.079050410211,41.233771974853,0.000109494883845436,"Sex, PC1-PC10, GRM (mixed model)"
"rs8089224",18,2523541,"X1.oleoyl.GPC..18.1.",166.685092684897,41.8903222146108,0.000109559477021721,"Sex, PC1-PC10, GRM (mixed model)"
"rs1961329",11,115545574,"X1.palmitoyl.GPC..16.0.",59.3012410408458,14.9069947076031,0.000109975644932035,"Sex, PC1-PC10, GRM (mixed model)"
"rs2711493",7,67945556,"Leucine",752.831862106287,189.268483937378,0.000110181617714931,"Sex, PC1-PC10, GRM (mixed model)"
"rs17328218",23,12752699,"Uridine",1039.45399956926,261.347034098609,0.00011030380306199,"Sex, PC1-PC10, GRM (mixed model)"
"rs9262546",6,31101107,"Tyrosine",164.342117891862,41.3275498226868,0.000110604062329018,"Sex, PC1-PC10, GRM (mixed model)"
"rs17618565",18,14020649,"Xanthine",717.078855650517,180.35510095226,0.000110875317492205,"Sex, PC1-PC10, GRM (mixed model)"
"rs17445087",7,47033542,"Palmitoylcarnitine..C16.",590.892461127133,148.637433260989,0.000111099081187091,"Sex, PC1-PC10, GRM (mixed model)"
"rs16825024",1,184415169,"Linoleate..18.2.",1007.37845618174,253.437294183392,0.000111322788721138,"Sex, PC1-PC10, GRM (mixed model)"
"rs10772967",12,16852267,"Hexanoylcarnitine..C6.",142.49563008248,35.8501165891498,0.000111365800130352,"Sex, PC1-PC10, GRM (mixed model)"
"rs7586519",2,115319473,"alpha.Hydroxybutyrate",237.206652217383,59.6827867943606,0.000111493831845353,"Sex, PC1-PC10, GRM (mixed model)"
"rs3794186",11,67577612,"Hippurate",325.968420838614,82.0291340463891,0.00011176560724314,"Sex, PC1-PC10, GRM (mixed model)"
"rs2337361",1,149739539,"alpha.Hydroxybutyrate",356.454869068433,89.7033911930671,0.000111810897270568,"Sex, PC1-PC10, GRM (mixed model)"
"rs6822325",4,157149577,"Paraxanthine",361.214833321601,90.9084022808352,0.000111943004299353,"Sex, PC1-PC10, GRM (mixed model)"
"rs12292638",11,12581803,"Glycine",407.247813851489,102.498263489493,0.000112017741022391,"Sex, PC1-PC10, GRM (mixed model)"
"rs12639868",4,77632125,"Uridine",1610.07372097504,405.23708654024,0.000112039734398221,"Sex, PC1-PC10, GRM (mixed model)"
"rs12482483",21,42771181,"Theobromine",514.766720893441,129.568310004728,0.000112136287056777,"Sex, PC1-PC10, GRM (mixed model)"
"rs1449915",3,22568580,"Hexanoylcarnitine..C6.",251.143173925809,63.2158784635451,0.000112200157639141,"Sex, PC1-PC10, GRM (mixed model)"
"rs8140669",22,34109844,"alpha.Hydroxybutyrate",223.75180583213,56.3215023657469,0.000112211343548827,"Sex, PC1-PC10, GRM (mixed model)"
"rs16895780",6,65560035,"Tyrosine",163.315072577805,41.1126387721296,0.000112372085715512,"Sex, PC1-PC10, GRM (mixed model)"
"rs7349432",2,184942501,"Gulono.1.4.lactone",401.749550671434,101.148900021183,0.000112592475518832,"Sex, PC1-PC10, GRM (mixed model)"
"rs16864271",2,223541033,"Glycochenodeoxycholate",885.306829386352,222.937247123033,0.0001129161101038,"Sex, PC1-PC10, GRM (mixed model)"
"rs9944577",18,27006659,"Uridine",1289.78186115246,324.814934471178,0.000113036744236396,"Sex, PC1-PC10, GRM (mixed model)"
"rs6444684",3,194220704,"Taurocholate",151.983429993622,38.2818601260679,0.000113338065222969,"Sex, PC1-PC10, GRM (mixed model)"
"rs2258131",9,78121713,"Propionylcarnitine..C3.",692.816159891684,174.517301016299,0.000113430826588027,"Sex, PC1-PC10, GRM (mixed model)"
"rs2944628",3,75779859,"Pyridoxate",405.949171431468,102.259297974822,0.000113472626739851,"Sex, PC1-PC10, GRM (mixed model)"
"rs1547611",23,108710132,"Glycochenodeoxycholate",1052.12500940811,265.100492425182,0.000113912434187933,"Sex, PC1-PC10, GRM (mixed model)"
"rs10212730",4,54100581,"X1.linoleoyl.GPC..18.2.",41.8844494903294,10.5537389403767,0.000113953118634422,"Sex, PC1-PC10, GRM (mixed model)"
"rs11718610",3,21693637,"Glycochenodeoxycholate",1096.63459461218,276.349730322081,0.000114124598278684,"Sex, PC1-PC10, GRM (mixed model)"
"rs965854",7,146028272,"alpha.Hydroxybutyrate",261.106250531705,65.7992373567683,0.000114150156577467,"Sex, PC1-PC10, GRM (mixed model)"
"rs1304551",18,48566472,"Erythritol",820.118911240406,206.688666833404,0.000114293021516501,"Sex, PC1-PC10, GRM (mixed model)"
"rs17074052",18,60827522,"Tyrosine",179.862754094466,45.3375408038058,0.000114596582946791,"Sex, PC1-PC10, GRM (mixed model)"
"rs4327453",4,94942291,"Taurocholate",97.4934319415118,24.5763216892543,0.000114694671084151,"Sex, PC1-PC10, GRM (mixed model)"
"rs12573171",10,7088489,"Hippurate",273.766288648271,69.0127552283954,0.000114725822126764,"Sex, PC1-PC10, GRM (mixed model)"
"rs3753473",1,201397908,"Propionylcarnitine..C3.",977.987898498009,246.662773454434,0.000115602200595672,"Sex, PC1-PC10, GRM (mixed model)"
"rs10509208",10,65959288,"Propionylcarnitine..C3.",848.159700351146,213.932247557149,0.000115715750469214,"Sex, PC1-PC10, GRM (mixed model)"
"rs16978145",17,70134068,"Leucine",917.644631922601,231.472977522795,0.000115824045397338,"Sex, PC1-PC10, GRM (mixed model)"
"rs1793072",11,105921644,"Valine",600.133634859553,151.400657361203,0.000116039803747167,"Sex, PC1-PC10, GRM (mixed model)"
"rs10088994",8,60348186,"Linoleate..18.2.",613.656609225637,154.838305740793,0.000116332724165509,"Sex, PC1-PC10, GRM (mixed model)"
"rs3767604",1,111769000,"N.acetylglycine",394.376463218837,99.5360614410881,0.00011680013554091,"Sex, PC1-PC10, GRM (mixed model)"
"rs8016414",14,90358133,"Glycine",383.203744886538,96.7168957881742,0.000116812760900952,"Sex, PC1-PC10, GRM (mixed model)"
"rs4976801",5,178015939,"Taurocholate",163.560904677573,41.2864673958348,0.00011703656618718,"Sex, PC1-PC10, GRM (mixed model)"
"rs5747167",22,16311483,"Phenylalanine",1632.99446153815,412.260544512716,0.000117273757017088,"Sex, PC1-PC10, GRM (mixed model)"
"rs16919152",10,19938668,"Hippurate",260.495068309703,65.7643057705862,0.000117288579497085,"Sex, PC1-PC10, GRM (mixed model)"
"rs10521629",23,12736694,"Uridine",1435.97630318915,362.560139428078,0.00011745835892322,"Sex, PC1-PC10, GRM (mixed model)"
"rs4918082",10,95849919,"N.acetylglycine",-189.148988437659,47.7594056559013,0.000117547715143365,"Sex, PC1-PC10, GRM (mixed model)"
"rs919840",12,20962189,"alpha.Hydroxybutyrate",253.227350466299,63.9407322545432,0.000117596661904416,"Sex, PC1-PC10, GRM (mixed model)"
"rs4376284",5,31195694,"Hypoxanthine",768.770045193903,194.154434713811,0.000117936303290544,"Sex, PC1-PC10, GRM (mixed model)"
"rs41421847",2,41660098,"X1.palmitoyl.GPC..16.0.",88.491547753667,22.3490399921676,0.000117961525649089,"Sex, PC1-PC10, GRM (mixed model)"
"rs12244293",10,70453586,"Valine",454.255702488719,114.734336877728,0.000118107368998341,"Sex, PC1-PC10, GRM (mixed model)"
"rs16849346",3,104989599,"Theobromine",476.722921877965,120.410449312936,0.000118128161392975,"Sex, PC1-PC10, GRM (mixed model)"
"rs6555267",5,4278232,"alpha.Hydroxybutyrate",249.55714515337,63.0410447310272,0.000118352708470432,"Sex, PC1-PC10, GRM (mixed model)"
"rs7875492",9,136303483,"Hexanoylcarnitine..C6.",180.552576585078,45.615925494693,0.000118594572077852,"Sex, PC1-PC10, GRM (mixed model)"
"rs12093676",1,201584998,"Oleate..18.1.",483.268505534718,122.096991344902,0.000118609523907017,"Sex, PC1-PC10, GRM (mixed model)"
"rs17200502",3,16866073,"X1.oleoyl.GPC..18.1.",179.69608372785,45.401519927065,0.000118671936099206,"Sex, PC1-PC10, GRM (mixed model)"
"rs2735902",8,146052174,"Glycine",562.86904658705,142.215265345983,0.000118700763900887,"Sex, PC1-PC10, GRM (mixed model)"
"rs8129771",21,40735890,"X1.palmitoyl.GPC..16.0.",73.8801490352165,18.6675767723715,0.000118787795551777,"Sex, PC1-PC10, GRM (mixed model)"
"rs1499004",3,20855876,"Paraxanthine",465.383808907522,117.591209344923,0.000118801686784432,"Sex, PC1-PC10, GRM (mixed model)"
"rs17087338",4,67133923,"Taurocholate",99.2523810155903,25.0815614501088,0.00011900610502909,"Sex, PC1-PC10, GRM (mixed model)"
"rs1793668",11,126298028,"Propionylcarnitine..C3.",677.533144241479,171.22310015213,0.000119080415165496,"Sex, PC1-PC10, GRM (mixed model)"
"rs16878281",7,14823251,"Hexanoylcarnitine..C6.",175.16723958464,44.270116019868,0.00011918664039699,"Sex, PC1-PC10, GRM (mixed model)"
"rs1537583",6,157090329,"Valine",338.405439017931,85.53778174731,0.000119444231955989,"Sex, PC1-PC10, GRM (mixed model)"
"rs9831545",3,148056737,"X1.palmitoyl.GPC..16.0.",60.1784982087218,15.2120797804928,0.000119553358057641,"Sex, PC1-PC10, GRM (mixed model)"
"rs10950078",7,66635681,"Oleate..18.1.",438.767064075258,110.914329557224,0.000119579583822686,"Sex, PC1-PC10, GRM (mixed model)"
"rs11216567",11,117203693,"Tyrosine",153.90513005894,38.9081668787552,0.000119719368346205,"Sex, PC1-PC10, GRM (mixed model)"
"rs16856558",2,169754899,"Isoleucine",184.261823147919,46.5869519932814,0.000119889017622177,"Sex, PC1-PC10, GRM (mixed model)"
"rs11247168",15,98578034,"Threonate",197.39786189943,49.9095813532581,0.000119940659911577,"Sex, PC1-PC10, GRM (mixed model)"
"rs11008525",10,31879803,"Gulono.1.4.lactone",772.5180723016,195.330963882511,0.000120026966610098,"Sex, PC1-PC10, GRM (mixed model)"
"rs16939749",15,85379649,"X1.linoleoyl.GPC..18.2.",71.5761805024073,18.0982418647573,0.000120049304195479,"Sex, PC1-PC10, GRM (mixed model)"
"rs1344024",5,71326135,"Isoleucine",229.524998635367,58.0562453356777,0.000120673079104219,"Sex, PC1-PC10, GRM (mixed model)"
"rs4551738",11,38668393,"Leucine",915.688206797896,231.62213016282,0.000120728867104107,"Sex, PC1-PC10, GRM (mixed model)"
"rs2837968",21,41508474,"Leucine",692.915074077971,175.303270391514,0.000121050408585139,"Sex, PC1-PC10, GRM (mixed model)"
"rs1893142",11,128302467,"Pyridoxate",400.281003807724,101.272962912979,0.000121127310470662,"Sex, PC1-PC10, GRM (mixed model)"
"rs673819",18,20319903,"Leucine",741.682411968008,187.661568758267,0.000121247047317901,"Sex, PC1-PC10, GRM (mixed model)"
"rs12585805",13,78444980,"Taurocholate",177.951491102015,45.0282089210259,0.000121353799816508,"Sex, PC1-PC10, GRM (mixed model)"
"rs12145152",1,189667983,"Paraxanthine",361.91123510733,91.5794002509819,0.000121406579240876,"Sex, PC1-PC10, GRM (mixed model)"
"rs7643448",3,61543131,"Tyrosine",101.225665822154,25.6166234346498,0.00012155440608436,"Sex, PC1-PC10, GRM (mixed model)"
"rs1524342",7,146369965,"Glycine",388.293644945271,98.2706460806436,0.000121688942421644,"Sex, PC1-PC10, GRM (mixed model)"
"rs9837304",3,14598564,"Gulono.1.4.lactone",547.383551575846,138.538392999712,0.000121750965587307,"Sex, PC1-PC10, GRM (mixed model)"
"rs17638906",7,98340480,"Phenylalanine",1289.54826570819,326.406709251643,0.000121930733803726,"Sex, PC1-PC10, GRM (mixed model)"
"rs6883870",5,77954871,"Caffeine",143.847649357413,36.4124654258708,0.000122038694536837,"Sex, PC1-PC10, GRM (mixed model)"
"rs910311",14,85120613,"Hexanoylcarnitine..C6.",189.116747722499,47.8740043668406,0.000122132552455152,"Sex, PC1-PC10, GRM (mixed model)"
"rs16865368",2,224544831,"Phenylalanine",1162.39224212677,294.263302192799,0.000122189600310597,"Sex, PC1-PC10, GRM (mixed model)"
"rs1353302",8,108878544,"Threonate",271.986960549559,68.8585676573048,0.000122300522477766,"Sex, PC1-PC10, GRM (mixed model)"
"rs12455505",18,58824515,"Phenylalanine",1022.10149944341,258.79121304936,0.000122491606490113,"Sex, PC1-PC10, GRM (mixed model)"
"rs10517637",4,157561523,"X1.oleoyl.GPC..18.1.",204.829693335125,51.862995717238,0.000122530120261461,"Sex, PC1-PC10, GRM (mixed model)"
"rs2412462",15,38088462,"Tyrosine",162.06828238795,41.0410234630487,0.000122762979771946,"Sex, PC1-PC10, GRM (mixed model)"
"rs4720815",7,8986351,"Oleate..18.1.",566.296376975446,143.411371680734,0.000122845579735268,"Sex, PC1-PC10, GRM (mixed model)"
"rs13391620",2,64538167,"Tyrosine",173.83365344041,44.0244883154063,0.000122932431637871,"Sex, PC1-PC10, GRM (mixed model)"
"rs13078394",3,184362342,"Xanthine",842.309417985815,213.333646750487,0.000123047075185703,"Sex, PC1-PC10, GRM (mixed model)"
"rs7729850",5,98027758,"Glycine",432.984761174573,109.67176150076,0.000123192429325971,"Sex, PC1-PC10, GRM (mixed model)"
"rs17384124",15,47005799,"Leucine",519.168763250535,131.504713258025,0.000123236929212573,"Sex, PC1-PC10, GRM (mixed model)"
"rs16853564",3,144611612,"Xanthine",1112.90284223573,281.910911150646,0.000123329159463241,"Sex, PC1-PC10, GRM (mixed model)"
"rs13183818",5,66816346,"Valine",-321.705699094906,81.4959058775939,0.00012342370425463,"Sex, PC1-PC10, GRM (mixed model)"
"rs6857060",4,14535316,"X1.linoleoyl.GPC..18.2.",-40.2538922865223,10.1974706674467,0.000123455570746101,"Sex, PC1-PC10, GRM (mixed model)"
"rs4377487",3,189528013,"Taurocholate",153.574562252374,38.9055701317579,0.000123488988715439,"Sex, PC1-PC10, GRM (mixed model)"
"rs12021705",1,231152630,"Phenylalanine",1072.9684084036,271.835667570967,0.000123603100139375,"Sex, PC1-PC10, GRM (mixed model)"
"rs4798551",18,7274522,"Valine",652.07368473593,165.205077753309,0.000123633592132979,"Sex, PC1-PC10, GRM (mixed model)"
"rs852499",7,5575458,"Phenylalanine",778.050244855906,197.140511782889,0.00012380923841915,"Sex, PC1-PC10, GRM (mixed model)"
"rs1378339",4,14776614,"Glutamate",423.848958465307,107.398654569241,0.000123891745472687,"Sex, PC1-PC10, GRM (mixed model)"
"rs7149219",14,91380227,"Theobromine",806.018904833752,204.255926447557,0.000124068562164959,"Sex, PC1-PC10, GRM (mixed model)"
"rs952385",4,71073161,"Uridine",917.773590035469,232.613241292747,0.000124363365795083,"Sex, PC1-PC10, GRM (mixed model)"
"rs9908508",17,73201616,"Linoleate..18.2.",580.945538969861,147.255479787202,0.000124521415421868,"Sex, PC1-PC10, GRM (mixed model)"
"rs17533645",4,22082575,"Glutamine",116.705497208305,29.5849304298493,0.000124705321703176,"Sex, PC1-PC10, GRM (mixed model)"
"rs8014275",14,89103339,"Pyridoxate",458.891713084264,116.329795634944,0.000124711759026675,"Sex, PC1-PC10, GRM (mixed model)"
"rs253239",5,65580365,"Palmitoylcarnitine..C16.",963.84275051901,244.340869997663,0.000124750878715919,"Sex, PC1-PC10, GRM (mixed model)"
"rs4072976",20,44376706,"Valine",402.134150858786,101.967190548549,0.000125175841050745,"Sex, PC1-PC10, GRM (mixed model)"
"rs4903379",14,75649969,"Gulono.1.4.lactone",737.410286631963,187.025267793018,0.000125610790746599,"Sex, PC1-PC10, GRM (mixed model)"
"rs1592669",12,13997289,"X1.oleoyl.GPC..18.1.",162.649868809382,41.26044266682,0.000125993219859715,"Sex, PC1-PC10, GRM (mixed model)"
"rs2395958",7,107554753,"Gulono.1.4.lactone",895.360695880074,227.141227197123,0.000126069664584985,"Sex, PC1-PC10, GRM (mixed model)"
"rs17103858",11,104529249,"Hexanoylcarnitine..C6.",195.799059281566,49.6780940257643,0.000126312403774926,"Sex, PC1-PC10, GRM (mixed model)"
"rs11045970",12,21365512,"Phenylalanine",1378.40596668733,349.756669651293,0.000126461295038207,"Sex, PC1-PC10, GRM (mixed model)"
"rs10799626",1,20500703,"Taurocholate",148.917726872319,37.787595824618,0.000126521706072565,"Sex, PC1-PC10, GRM (mixed model)"
"rs2099166",8,27381108,"Linoleate..18.2.",964.363087657303,244.71886159061,0.000126625316362438,"Sex, PC1-PC10, GRM (mixed model)"
"rs7864266",9,116780170,"Glycine",363.719417893146,92.3015641530383,0.000126693166864368,"Sex, PC1-PC10, GRM (mixed model)"
"rs4882714",12,127743498,"X1.oleoyl.GPC..18.1.",128.641832184929,32.6510599897211,0.000127006714521414,"Sex, PC1-PC10, GRM (mixed model)"
"rs11144041",9,76461598,"X1.linoleoyl.GPC..18.2.",78.6565966609304,19.9658320085194,0.0001271678467497,"Sex, PC1-PC10, GRM (mixed model)"
"rs17687828",13,29350938,"X1.linoleoyl.GPC..18.2.",80.7484931719267,20.5013808522612,0.000127586430856544,"Sex, PC1-PC10, GRM (mixed model)"
"rs9531106",13,80188378,"Valine",734.636056339742,186.529137770182,0.000127698444262551,"Sex, PC1-PC10, GRM (mixed model)"
"rs17647548",1,191055002,"Xanthine",801.133574791927,203.420501514392,0.000127765220918081,"Sex, PC1-PC10, GRM (mixed model)"
"rs4701850",5,9900262,"Threonate",255.382313671835,64.8460017570828,0.000127776533428388,"Sex, PC1-PC10, GRM (mixed model)"
"rs2274950",20,48327831,"Uridine",1407.78857027422,357.466874494401,0.000127802574381512,"Sex, PC1-PC10, GRM (mixed model)"
"rs1882321",3,54789616,"Paraxanthine",416.162481424193,105.67517869876,0.000127853515936021,"Sex, PC1-PC10, GRM (mixed model)"
"rs2806187",6,7446348,"Leucine",801.47581606238,203.520117809144,0.000127883381623912,"Sex, PC1-PC10, GRM (mixed model)"
"rs1807765",1,155748995,"Glycine",525.060299926953,133.334333155187,0.000127952610488426,"Sex, PC1-PC10, GRM (mixed model)"
"rs981420",20,8733814,"Theobromine",913.945508627183,232.161161561241,0.000128548551875981,"Sex, PC1-PC10, GRM (mixed model)"
"rs16889149",8,40296986,"X1.oleoyl.GPC..18.1.",149.866624270579,38.0735728456395,0.000128765092132724,"Sex, PC1-PC10, GRM (mixed model)"
"rs858064",20,24168241,"Oleate..18.1.",317.34813040112,80.6231757314495,0.000128788097981142,"Sex, PC1-PC10, GRM (mixed model)"
"rs2242321",15,57253509,"X1.linoleoyl.GPC..18.2.",80.0212862227479,20.331599893357,0.000128972630293666,"Sex, PC1-PC10, GRM (mixed model)"
"rs1326016",20,54147878,"Glutamine",138.998463157128,35.3203477063835,0.00012918761232018,"Sex, PC1-PC10, GRM (mixed model)"
"rs6138532",20,25118787,"Hexanoylcarnitine..C6.",225.957265166266,57.425312493838,0.000129460769004526,"Sex, PC1-PC10, GRM (mixed model)"
"rs10767942",11,32478583,"Theobromine",547.256513940347,139.085422468862,0.000129520747029675,"Sex, PC1-PC10, GRM (mixed model)"
"rs1859932",17,67789169,"Gulono.1.4.lactone",681.808784816495,173.292278534853,0.000129635094954424,"Sex, PC1-PC10, GRM (mixed model)"
"rs1322239",6,7659190,"Glutamine",131.797391533956,33.5039407641437,0.000129954911297826,"Sex, PC1-PC10, GRM (mixed model)"
"rs1505216",11,4535285,"Hexanoylcarnitine..C6.",170.00672927116,43.2187336567876,0.000130029376799522,"Sex, PC1-PC10, GRM (mixed model)"
"rs17295225",3,59732868,"Oleate..18.1.",592.097685068484,150.541910465,0.000130286608188144,"Sex, PC1-PC10, GRM (mixed model)"
"rs2226156",1,5559666,"Paraxanthine",276.948878433785,70.4285332062067,0.00013066340149603,"Sex, PC1-PC10, GRM (mixed model)"
"rs3811958",5,32807800,"Uridine",886.432348722546,225.424967554324,0.000130696200948109,"Sex, PC1-PC10, GRM (mixed model)"
"rs16893606",4,16146608,"Phenylalanine",1211.43320389964,308.077799241386,0.000130716234828923,"Sex, PC1-PC10, GRM (mixed model)"
"rs9716",3,188277910,"Hexanoylcarnitine..C6.",177.229301096146,45.0714357554544,0.000130738167326552,"Sex, PC1-PC10, GRM (mixed model)"
"rs2150330",14,82298136,"Taurocholate",84.2671955846746,21.4312226491079,0.000130838325785448,"Sex, PC1-PC10, GRM (mixed model)"
"rs7112577",11,116549813,"Caffeine",262.98245993954,66.8900843697391,0.000131045407732593,"Sex, PC1-PC10, GRM (mixed model)"
"rs9993627",4,96575782,"Linoleate..18.2.",509.320703163608,129.560702958104,0.000131254796658651,"Sex, PC1-PC10, GRM (mixed model)"
"rs1542065",8,1992492,"Leucine",-406.077028777127,103.298375892971,0.000131268638229892,"Sex, PC1-PC10, GRM (mixed model)"
"rs1018022",11,25763400,"X1.oleoyl.GPC..18.1.",165.267857472639,42.0500227511429,0.000131682784557855,"Sex, PC1-PC10, GRM (mixed model)"
"rs12581677",12,23951999,"Hypoxanthine",1004.89335053229,255.712684824523,0.000131926457236201,"Sex, PC1-PC10, GRM (mixed model)"
"rs17740440",7,23321766,"Paraxanthine",440.193265200234,112.024986157372,0.000132102118611325,"Sex, PC1-PC10, GRM (mixed model)"
"rs17154380",7,80221541,"Hexanoylcarnitine..C6.",175.850732831762,44.7540606826141,0.000132177269268163,"Sex, PC1-PC10, GRM (mixed model)"
"rs155806",5,140330024,"Xanthine",672.402606417315,171.13611583593,0.000132285042090609,"Sex, PC1-PC10, GRM (mixed model)"
"rs3821135",2,211194613,"Taurocholate",154.275510912711,39.2658515757984,0.000132310829930129,"Sex, PC1-PC10, GRM (mixed model)"
"rs11829571",12,95894194,"Glycine",471.13227567503,119.913822540318,0.000132348378684282,"Sex, PC1-PC10, GRM (mixed model)"
"rs17136184",6,3070090,"Glutamate",718.993124971782,183.016961913481,0.000132529070490758,"Sex, PC1-PC10, GRM (mixed model)"
"rs6133656",20,8979629,"Glycochenodeoxycholate",547.795901997636,139.440229812898,0.000132541240403393,"Sex, PC1-PC10, GRM (mixed model)"
"rs4778636",15,79378694,"Glycochenodeoxycholate",1123.06150345861,285.890326417732,0.000132660931022743,"Sex, PC1-PC10, GRM (mixed model)"
"rs2789604",6,73208262,"Threonate",374.810282609927,95.4265972452912,0.000132940280826062,"Sex, PC1-PC10, GRM (mixed model)"
"rs650328",18,64058248,"Xanthine",529.201045685744,134.734513666448,0.000132941292603856,"Sex, PC1-PC10, GRM (mixed model)"
"rs7257550",19,15153088,"Glycine",401.646607131309,102.262914601838,0.000133012984643937,"Sex, PC1-PC10, GRM (mixed model)"
"rs17080715",13,65576296,"Hexanoylcarnitine..C6.",263.304098487529,67.0426494421244,0.000133100900380574,"Sex, PC1-PC10, GRM (mixed model)"
"rs4624634",4,175578764,"Glycine",418.238335545574,106.496883552104,0.000133188986011452,"Sex, PC1-PC10, GRM (mixed model)"
"rs8105342",19,39777150,"Propionylcarnitine..C3.",840.037804345348,213.919083767283,0.000133359042010702,"Sex, PC1-PC10, GRM (mixed model)"
"rs743762",22,31289350,"Linoleate..18.2.",1033.54883717714,263.202392972567,0.000133395810393197,"Sex, PC1-PC10, GRM (mixed model)"
"rs17640127",7,42002910,"Leucine",840.453362920587,214.033997496352,0.00013344245163498,"Sex, PC1-PC10, GRM (mixed model)"
"rs10878199",12,38853870,"Leucine",465.66840155626,118.590582138907,0.000133461848861311,"Sex, PC1-PC10, GRM (mixed model)"
"rs17546660",2,66071526,"Tyrosine",201.791392431752,51.4005086111351,0.000133875665805019,"Sex, PC1-PC10, GRM (mixed model)"
"rs10501972",11,100547013,"Xanthine",536.923226570157,136.771668426063,0.000133962670990874,"Sex, PC1-PC10, GRM (mixed model)"
"rs2068606",18,23439214,"Oleate..18.1.",646.740423599413,164.771665680902,0.000134274234234437,"Sex, PC1-PC10, GRM (mixed model)"
"rs2611019",4,180737974,"Phenylalanine",1130.01772882547,287.9197616359,0.000134427550303971,"Sex, PC1-PC10, GRM (mixed model)"
"rs6835798",4,155082986,"Paraxanthine",354.472571878545,90.3424650294123,0.00013498896378105,"Sex, PC1-PC10, GRM (mixed model)"
"rs10131611",14,87838368,"Hypoxanthine",993.097918028415,253.111393176134,0.000135036143127787,"Sex, PC1-PC10, GRM (mixed model)"
"rs10262937",7,21948973,"Gulono.1.4.lactone",387.066963198731,98.6631365838332,0.000135261159508863,"Sex, PC1-PC10, GRM (mixed model)"
"rs17590535",13,101907430,"X1.palmitoyl.GPC..16.0.",85.2151031223729,21.7216489574709,0.000135295057968513,"Sex, PC1-PC10, GRM (mixed model)"
"rs10514700",3,36474051,"Uridine",1336.37670001802,340.702532479063,0.000135617057491734,"Sex, PC1-PC10, GRM (mixed model)"
"rs6416581",15,91537878,"Oleate..18.1.",649.140275789953,165.511757594148,0.000135818292695599,"Sex, PC1-PC10, GRM (mixed model)"
"rs17558056",4,82594960,"Theobromine",725.668386041919,185.033716243471,0.000135921119950299,"Sex, PC1-PC10, GRM (mixed model)"
"rs1001441",17,30900196,"Isoleucine",167.081948369343,42.6101383228959,0.000136246717491562,"Sex, PC1-PC10, GRM (mixed model)"
"rs11525821",7,9681283,"Glycochenodeoxycholate",870.008556192548,221.895509466496,0.000136438391745786,"Sex, PC1-PC10, GRM (mixed model)"
"rs6691412",1,163550619,"Caffeine",182.939082669363,46.6616419118014,0.000136570056024328,"Sex, PC1-PC10, GRM (mixed model)"
"rs4949184",1,31119986,"Linoleate..18.2.",591.375837431227,150.850929146647,0.000136712757453233,"Sex, PC1-PC10, GRM (mixed model)"
"rs236214",10,120112023,"Threonate",238.063718994907,60.7416137907713,0.000137215893438946,"Sex, PC1-PC10, GRM (mixed model)"
"rs6528780",23,139824986,"Hexanoylcarnitine..C6.",236.075473199272,60.2450567051515,0.000137575321250363,"Sex, PC1-PC10, GRM (mixed model)"
"rs7119574",11,7615869,"Isoleucine",187.196963177678,47.7935700638523,0.000138508075697789,"Sex, PC1-PC10, GRM (mixed model)"
"rs2625310",11,19931176,"N.acetylglycine",355.433017784037,90.7535365599068,0.000138672320021581,"Sex, PC1-PC10, GRM (mixed model)"
"rs4300498",13,90016611,"Tyrosine",114.172421254334,29.158864583663,0.000139157926028814,"Sex, PC1-PC10, GRM (mixed model)"
"rs11154581",6,130812526,"Erythritol",806.729481188631,206.057127558542,0.000139394292775696,"Sex, PC1-PC10, GRM (mixed model)"
"rs7672897",4,97747763,"Taurocholate",86.5046569087161,22.0958980053523,0.000139452858217286,"Sex, PC1-PC10, GRM (mixed model)"
"rs10736877",10,128363697,"Hypoxanthine",485.908434520448,124.119101039141,0.000139509375158391,"Sex, PC1-PC10, GRM (mixed model)"
"rs935868",2,175287106,"Glycochenodeoxycholate",700.345027861026,178.935278658465,0.000139979316073093,"Sex, PC1-PC10, GRM (mixed model)"
"rs4859809",4,78469677,"N.acetylglycine",268.438254581466,68.5957205150509,0.000140303778466845,"Sex, PC1-PC10, GRM (mixed model)"
"rs17278663",14,43482571,"Uridine",1675.03425711403,428.038003380732,0.000140332246452701,"Sex, PC1-PC10, GRM (mixed model)"
"rs7151313",14,87230613,"Valine",347.186758911733,88.7276439001158,0.000140508076705564,"Sex, PC1-PC10, GRM (mixed model)"
"rs11185538",3,197634064,"Xanthine",794.583335048941,203.120155851833,0.000141066637587923,"Sex, PC1-PC10, GRM (mixed model)"
"rs10744682",12,5425301,"Palmitoylcarnitine..C16.",655.018241351973,167.463588112092,0.00014132067954647,"Sex, PC1-PC10, GRM (mixed model)"
"rs4289011",16,6974269,"Threonate",184.29030541093,47.1231496041526,0.000141629439280383,"Sex, PC1-PC10, GRM (mixed model)"
"rs11797927",23,134545034,"Taurocholate",98.9640789090974,25.3069207625946,0.000141772049230325,"Sex, PC1-PC10, GRM (mixed model)"
"rs13136254",4,185061878,"Isoleucine",128.841974253811,32.949171100966,0.000141893323585121,"Sex, PC1-PC10, GRM (mixed model)"
"rs1323497",9,10280234,"Propionylcarnitine..C3.",1005.51270688507,257.1607158867,0.000142036369174988,"Sex, PC1-PC10, GRM (mixed model)"
"rs17740349",18,45939513,"Erythritol",782.432893062409,200.148068776742,0.000142453910082458,"Sex, PC1-PC10, GRM (mixed model)"
"rs11766104",7,17158797,"Glycine",473.668966515962,121.173253692995,0.000142585910659106,"Sex, PC1-PC10, GRM (mixed model)"
"rs6650181",11,122264794,"Linoleate..18.2.",770.323431174697,197.065647826175,0.000142614592144807,"Sex, PC1-PC10, GRM (mixed model)"
"rs35642091",7,81241905,"Tyrosine",237.930296564766,60.8680404814481,0.000142623023860232,"Sex, PC1-PC10, GRM (mixed model)"
"rs2056077",12,127192344,"Glycine",404.33093164173,103.474152677738,0.000143369940796653,"Sex, PC1-PC10, GRM (mixed model)"
"rs7744883",6,80170919,"Paraxanthine",262.66227225573,67.2245542452534,0.000143540262273889,"Sex, PC1-PC10, GRM (mixed model)"
"rs9380854",6,39465235,"Taurocholate",124.571768450703,31.8883182966394,0.000143935155441508,"Sex, PC1-PC10, GRM (mixed model)"
"rs12267042",10,29210568,"Isovalerylcarnitine..C5.",410.917998688539,105.188293762869,0.00014393641184851,"Sex, PC1-PC10, GRM (mixed model)"
"rs6425204",1,171335867,"Valine",447.776375592459,114.638586433081,0.000144214246206589,"Sex, PC1-PC10, GRM (mixed model)"
"rs10513513",3,158600377,"X1.linoleoyl.GPC..18.2.",69.274313460986,17.7359786939981,0.000144278605565894,"Sex, PC1-PC10, GRM (mixed model)"
"rs998413",7,31990756,"Glutamate",488.744414302804,125.13944227885,0.000144421540709862,"Sex, PC1-PC10, GRM (mixed model)"
"rs774394",12,65717011,"Hexanoylcarnitine..C6.",200.077713537644,51.2419087753462,0.000144976303440825,"Sex, PC1-PC10, GRM (mixed model)"
"rs17050070",4,139121798,"Palmitoylcarnitine..C16.",1116.94072350531,286.067011186833,0.000145030189587371,"Sex, PC1-PC10, GRM (mixed model)"
"rs4836555",9,128709849,"Glycine",648.23174649761,166.044657043396,0.00014530772617565,"Sex, PC1-PC10, GRM (mixed model)"
"rs9694918",8,119341674,"Tyrosine",196.819545661661,50.4213871142513,0.000145561301973709,"Sex, PC1-PC10, GRM (mixed model)"
"rs4685041",3,13852400,"Uridine",1051.99202584676,269.5310811753,0.000145804928667003,"Sex, PC1-PC10, GRM (mixed model)"
"rs12204218",6,5458549,"Gulono.1.4.lactone",425.387073028663,108.989764771527,0.000145829494454284,"Sex, PC1-PC10, GRM (mixed model)"
"rs6823388",4,100243022,"Glutamate",654.664472353533,167.736606028665,0.000145866930656688,"Sex, PC1-PC10, GRM (mixed model)"
"rs12499868",4,111436740,"Isoleucine",112.641562996152,28.8612312271571,0.000145901717216733,"Sex, PC1-PC10, GRM (mixed model)"
"rs1348036",3,34176979,"Glycochenodeoxycholate",856.066040049887,219.345330921956,0.000145925893086155,"Sex, PC1-PC10, GRM (mixed model)"
"rs17120597",8,14817151,"Uridine",1455.16747445397,372.890101001089,0.000146154905164006,"Sex, PC1-PC10, GRM (mixed model)"
"rs13419896",2,46409849,"Glycochenodeoxycholate",1008.99422797338,258.563141307548,0.000146204217325458,"Sex, PC1-PC10, GRM (mixed model)"
"rs17126228",8,18018469,"Erythritol",839.050212687633,215.014775064069,0.000146216077991856,"Sex, PC1-PC10, GRM (mixed model)"
"rs2198552",18,1677468,"Isovalerylcarnitine..C5.",280.152427465821,71.7947204862827,0.000146303226317514,"Sex, PC1-PC10, GRM (mixed model)"
"rs3772016",2,7015458,"Glutamate",761.147377158629,195.066235296458,0.00014637795802499,"Sex, PC1-PC10, GRM (mixed model)"
"rs755982",8,118643130,"Paraxanthine",332.649218296862,85.2511490479108,0.000146379857270715,"Sex, PC1-PC10, GRM (mixed model)"
"rs6949660",7,2974854,"Glycine",393.308650693187,100.797174142967,0.00014638537495555,"Sex, PC1-PC10, GRM (mixed model)"
"rs2073192",20,2592996,"Oleate..18.1.",534.498257527151,136.995286510558,0.000146603830163204,"Sex, PC1-PC10, GRM (mixed model)"
"rs17693689",18,53927110,"Propionylcarnitine..C3.",869.893800893941,222.971129720628,0.000146717250682641,"Sex, PC1-PC10, GRM (mixed model)"
"rs17133453",7,138453963,"Uridine",1155.446935553,296.258696050964,0.000147400888750517,"Sex, PC1-PC10, GRM (mixed model)"
"rs4539561",15,71223975,"Xanthine",1113.87514542663,285.633544554187,0.000147655900154141,"Sex, PC1-PC10, GRM (mixed model)"
"rs7236890",18,35771719,"Hippurate",339.643198745214,87.1020833378238,0.000147818837971763,"Sex, PC1-PC10, GRM (mixed model)"
"rs281126",5,71011623,"Gulono.1.4.lactone",504.448925720864,129.375934381558,0.000147970799002393,"Sex, PC1-PC10, GRM (mixed model)"
"rs16987911",23,27394296,"Erythritol",632.893087674506,162.328161147484,0.000148105741975856,"Sex, PC1-PC10, GRM (mixed model)"
"rs17004853",4,81396953,"Glutamate",712.755004133407,182.824649073131,0.000148259349634062,"Sex, PC1-PC10, GRM (mixed model)"
"rs12051752",17,1584527,"X1.palmitoyl.GPC..16.0.",79.5492110511006,20.4064482259903,0.000148443483381442,"Sex, PC1-PC10, GRM (mixed model)"
"rs31565",5,135244011,"X1.oleoyl.GPC..18.1.",173.568650717345,44.5344797252028,0.00014890904667437,"Sex, PC1-PC10, GRM (mixed model)"
"rs10143064",14,95621806,"Propionylcarnitine..C3.",641.518879724613,164.606300446076,0.000148968442384739,"Sex, PC1-PC10, GRM (mixed model)"
"rs1030590",8,124823591,"X1.oleoyl.GPC..18.1.",98.7423222897584,25.3363306799542,0.000148985240842048,"Sex, PC1-PC10, GRM (mixed model)"
"rs10274783",7,88779880,"Phenylalanine",878.430122605205,225.400133664606,0.000149017988774652,"Sex, PC1-PC10, GRM (mixed model)"
"rs3138360",3,130633860,"Valine",562.942891651494,144.470052404821,0.000149350135680045,"Sex, PC1-PC10, GRM (mixed model)"
"rs4906034",14,100599190,"Hexanoylcarnitine..C6.",131.408365801528,33.7288719697029,0.000149676779781376,"Sex, PC1-PC10, GRM (mixed model)"
"rs17751326",2,18576365,"Glutamate",907.345850537013,232.985332606944,0.000150564787250366,"Sex, PC1-PC10, GRM (mixed model)"
"rs6824699",4,167617959,"Isoleucine",154.425444092809,39.6620831521532,0.000151073497190422,"Sex, PC1-PC10, GRM (mixed model)"
"rs9752615",2,233677687,"Phenylalanine",1221.43297679047,313.725927466849,0.000151195226645653,"Sex, PC1-PC10, GRM (mixed model)"
"rs11136360",8,1140018,"Uridine",1220.91559781915,313.601845895643,0.000151256845989262,"Sex, PC1-PC10, GRM (mixed model)"
"rs17036608",12,103947421,"Pyridoxate",573.473548594086,147.324914337563,0.000151610082815068,"Sex, PC1-PC10, GRM (mixed model)"
"rs12491628",3,26591415,"Theobromine",787.984631585663,202.457914120358,0.00015188474690734,"Sex, PC1-PC10, GRM (mixed model)"
"rs8090547",18,35162276,"Linoleate..18.2.",600.431765962509,154.281908272063,0.000152058933159874,"Sex, PC1-PC10, GRM (mixed model)"
"rs11120305",1,212607959,"Caffeine",-146.23019776702,37.5779590842643,0.000152286405770325,"Sex, PC1-PC10, GRM (mixed model)"
"rs12995156",2,44202272,"X1.oleoyl.GPC..18.1.",-95.9865295890072,24.6689190156445,0.000152508716547423,"Sex, PC1-PC10, GRM (mixed model)"
"rs5941658",23,89768163,"Paraxanthine",378.684120945157,97.3236321507188,0.00015251576425779,"Sex, PC1-PC10, GRM (mixed model)"
"rs17725004",18,26690582,"Glycochenodeoxycholate",636.43475252781,163.574175217998,0.000152615751516558,"Sex, PC1-PC10, GRM (mixed model)"
"rs7251507",19,20588919,"Uridine",1076.6265957931,276.744755762183,0.000152888138462463,"Sex, PC1-PC10, GRM (mixed model)"
"rs2830793",21,27528341,"Glycochenodeoxycholate",808.777051619474,207.911796743697,0.000153071943549097,"Sex, PC1-PC10, GRM (mixed model)"
"rs6720714",2,215601087,"X1.linoleoyl.GPC..18.2.",60.1924825840718,15.4743194098307,0.000153168935679307,"Sex, PC1-PC10, GRM (mixed model)"
"rs17290172",13,73137554,"Glycochenodeoxycholate",755.854935347968,194.327831527917,0.000153308213444171,"Sex, PC1-PC10, GRM (mixed model)"
"rs9908860",17,139937,"X1.oleoyl.GPC..18.1.",217.713800402444,55.9753563313938,0.0001533816367398,"Sex, PC1-PC10, GRM (mixed model)"
"rs12903567",15,86163251,"Hypoxanthine",825.483907264161,212.244419005848,0.000153467390647714,"Sex, PC1-PC10, GRM (mixed model)"
"rs505877",1,164160154,"N.acetylglycine",200.007189320688,51.4294430081763,0.000153664773971195,"Sex, PC1-PC10, GRM (mixed model)"
"rs10092095",8,68703526,"Taurocholate",91.9691139119561,23.650619937533,0.000153840668777699,"Sex, PC1-PC10, GRM (mixed model)"
"rs17286513",4,183067922,"Valine",427.078203843334,109.835852364192,0.000154026380259477,"Sex, PC1-PC10, GRM (mixed model)"
"rs2982486",1,18712395,"Isovalerylcarnitine..C5.",503.762511884614,129.562986485093,0.000154120810679893,"Sex, PC1-PC10, GRM (mixed model)"
"rs10489807",1,231451534,"Phenylalanine",1421.80465307853,365.707387895237,0.000154319718844401,"Sex, PC1-PC10, GRM (mixed model)"
"rs870628",5,31398852,"Paraxanthine",293.464995379091,75.4854481507393,0.000154387253885328,"Sex, PC1-PC10, GRM (mixed model)"
"rs2468527",5,36551340,"Isoleucine",135.675037804028,34.9039701392723,0.00015473717284373,"Sex, PC1-PC10, GRM (mixed model)"
"rs16905003",8,134930854,"Tyrosine",200.154614071036,51.4938267741294,0.000154812889493466,"Sex, PC1-PC10, GRM (mixed model)"
"rs17332584",23,23257286,"Erythritol",623.581975654802,160.438808449035,0.000154948646609418,"Sex, PC1-PC10, GRM (mixed model)"
"rs12272877",11,34177470,"Uridine",1581.15447127607,406.921889042346,0.000155573647088749,"Sex, PC1-PC10, GRM (mixed model)"
"rs9990222",3,6173319,"Tyrosine",206.762072956727,53.2249097191905,0.000156130330517997,"Sex, PC1-PC10, GRM (mixed model)"
"rs792104",2,5448856,"Propionylcarnitine..C3.",1190.87912810948,306.600401534315,0.000156447469394415,"Sex, PC1-PC10, GRM (mixed model)"
"rs13034369",2,78798857,"Erythritol",418.773926968662,107.817144877045,0.000156463903103064,"Sex, PC1-PC10, GRM (mixed model)"
"rs2394390",6,30709800,"Linoleate..18.2.",818.255687088341,210.681363995589,0.000156614397549889,"Sex, PC1-PC10, GRM (mixed model)"
"rs9839176",3,29341168,"Xanthine",675.951000562632,174.076867719893,0.000157077460252245,"Sex, PC1-PC10, GRM (mixed model)"
"rs2160417",12,96606350,"Theobromine",497.054857479032,128.007572541949,0.000157106148557701,"Sex, PC1-PC10, GRM (mixed model)"
"rs1911125",8,140102166,"Hypoxanthine",790.131559136448,203.511882593388,0.000157414795444193,"Sex, PC1-PC10, GRM (mixed model)"
"rs16950388",16,50361129,"Glutamate",615.214672258253,158.459293051081,0.000157418283426201,"Sex, PC1-PC10, GRM (mixed model)"
"rs974587",4,85114410,"Glycochenodeoxycholate",1007.48588116837,259.523518838516,0.000157662990781456,"Sex, PC1-PC10, GRM (mixed model)"
"rs6841336",4,183124795,"Glutamate",363.885018590861,93.7399483722483,0.000157782430689461,"Sex, PC1-PC10, GRM (mixed model)"
"rs947646",1,31097614,"Phenylalanine",838.209606610486,215.936298110133,0.000157847913266889,"Sex, PC1-PC10, GRM (mixed model)"
"rs16953294",16,52859853,"X1.palmitoyl.GPC..16.0.",104.649503539285,26.9616182119676,0.000158035647060339,"Sex, PC1-PC10, GRM (mixed model)"
"rs17046609",2,117539769,"Threonate",298.000688094127,76.7794507758779,0.00015813520971156,"Sex, PC1-PC10, GRM (mixed model)"
"rs16989065",23,30393173,"X1.oleoyl.GPC..18.1.",184.298897591004,47.4854659940471,0.000158188988314369,"Sex, PC1-PC10, GRM (mixed model)"
"rs4894675",3,175672718,"Xanthine",523.569929167077,134.920905389376,0.000158539328317544,"Sex, PC1-PC10, GRM (mixed model)"
"rs16979988",23,140984282,"Tyrosine",164.518547074182,42.403820517773,0.000158990567179175,"Sex, PC1-PC10, GRM (mixed model)"
"rs250921",2,234681161,"Glycochenodeoxycholate",499.276048963287,128.688952319751,0.000159045540780606,"Sex, PC1-PC10, GRM (mixed model)"
"rs7197247",16,13804258,"Xanthine",659.932016435924,170.10071110007,0.000159079335978251,"Sex, PC1-PC10, GRM (mixed model)"
"rs1880821",7,83341369,"Erythritol",899.327095290879,231.817603984098,0.000159194552086612,"Sex, PC1-PC10, GRM (mixed model)"
"rs7142719",14,67087708,"Uridine",1292.40849990161,333.185851626471,0.000159501452299035,"Sex, PC1-PC10, GRM (mixed model)"
"rs340397",7,35378888,"Isoleucine",-85.9285953891243,22.1529284002976,0.000159536854050373,"Sex, PC1-PC10, GRM (mixed model)"
"rs9312600",4,177534262,"Glycine",489.97722400634,126.319993880724,0.000159551535088082,"Sex, PC1-PC10, GRM (mixed model)"
"rs1224674",15,45731444,"Phenylalanine",945.6241133271,243.829826041106,0.000159933737164047,"Sex, PC1-PC10, GRM (mixed model)"
"rs701822",10,99028923,"Valine",427.716661704323,110.303453039515,0.000160277186865138,"Sex, PC1-PC10, GRM (mixed model)"
"rs1868940",19,56879614,"Hypoxanthine",495.590805054971,127.812374363847,0.000160366134158463,"Sex, PC1-PC10, GRM (mixed model)"
"rs17050199",2,59586461,"Propionylcarnitine..C3.",817.075206034416,210.73907001872,0.000160543724398875,"Sex, PC1-PC10, GRM (mixed model)"
"rs3128955",6,33129170,"X1.oleoyl.GPC..18.1.",129.51041841123,33.4068145701267,0.000160795963165017,"Sex, PC1-PC10, GRM (mixed model)"
"rs7701007",5,95174048,"Gulono.1.4.lactone",641.231151202831,165.404623503047,0.000160810216636345,"Sex, PC1-PC10, GRM (mixed model)"
"rs4073625",3,118628997,"Oleate..18.1.",608.462939567746,156.962272037942,0.000160960206335226,"Sex, PC1-PC10, GRM (mixed model)"
"rs7081888",10,94754640,"Isoleucine",167.645744783548,43.249789835665,0.000161122120238331,"Sex, PC1-PC10, GRM (mixed model)"
"rs1885170",9,17554267,"Threonate",303.024897095932,78.1775495541736,0.000161187703989566,"Sex, PC1-PC10, GRM (mixed model)"
"rs1561613",11,133799781,"Glycine",519.751497304689,134.092719202572,0.000161218208386759,"Sex, PC1-PC10, GRM (mixed model)"
"rs9806705",15,36503939,"X1.palmitoyl.GPC..16.0.",95.2421406585537,24.5725461702177,0.000161280024475806,"Sex, PC1-PC10, GRM (mixed model)"
"rs1031944",4,34825974,"Paraxanthine",313.198062033801,80.8176725466624,0.000161634657904231,"Sex, PC1-PC10, GRM (mixed model)"
"rs4884230",13,83479121,"X1.linoleoyl.GPC..18.2.",84.4264336870545,21.7860899516428,0.000161707397259865,"Sex, PC1-PC10, GRM (mixed model)"
"rs7917753",10,132358402,"Theobromine",626.321650312218,161.640352102547,0.000161983693786825,"Sex, PC1-PC10, GRM (mixed model)"
"rs6708768",2,70605703,"Isoleucine",168.499389859218,43.4932206521511,0.000162364488336169,"Sex, PC1-PC10, GRM (mixed model)"
"rs2890658",9,5455130,"Uridine",1233.15758343467,318.342438694089,0.000162648292214115,"Sex, PC1-PC10, GRM (mixed model)"
"rs6845846",4,103156219,"Isoleucine",155.404251775248,40.1201273399474,0.000162774630619888,"Sex, PC1-PC10, GRM (mixed model)"
"rs10808242",7,129645056,"Palmitoylcarnitine..C16.",693.334551820695,179.034636936247,0.000163286414311033,"Sex, PC1-PC10, GRM (mixed model)"
"rs1105599",3,190539458,"Threonate",-209.778818605227,54.1700119545885,0.000163303062340307,"Sex, PC1-PC10, GRM (mixed model)"
"rs12647870",4,81827716,"Gulono.1.4.lactone",744.288875908602,192.200381729949,0.000163386449474033,"Sex, PC1-PC10, GRM (mixed model)"
"rs7429735",3,118066686,"Valine",328.15441367106,84.7506832082597,0.00016366919895792,"Sex, PC1-PC10, GRM (mixed model)"
"rs3767494",1,199137839,"Hexanoylcarnitine..C6.",217.937656537449,56.293548792177,0.000164002039335793,"Sex, PC1-PC10, GRM (mixed model)"
"rs17437560",3,153663019,"Tyrosine",121.43086386294,31.3723494023613,0.000164499794394335,"Sex, PC1-PC10, GRM (mixed model)"
"rs888225",9,127965912,"Uridine",1258.1436327979,325.078827861154,0.000164720291155676,"Sex, PC1-PC10, GRM (mixed model)"
"rs16852789",3,170106548,"Glutamine",183.107607209528,47.3115325375416,0.000164732099133676,"Sex, PC1-PC10, GRM (mixed model)"
"rs6020785",20,48884596,"Leucine",561.559072168172,145.096386980956,0.000164734941597023,"Sex, PC1-PC10, GRM (mixed model)"
"rs450299",1,110304145,"Isovalerylcarnitine..C5.",483.818729542607,125.010551028943,0.000164750426138128,"Sex, PC1-PC10, GRM (mixed model)"
"rs17034837",2,68089376,"Erythritol",809.470810178924,209.1544118086,0.000164760475478342,"Sex, PC1-PC10, GRM (mixed model)"
"rs1923255",13,39985512,"Glycine",438.118287754997,113.206787973863,0.000164843578592901,"Sex, PC1-PC10, GRM (mixed model)"
"rs898980",1,38430739,"Glutamine",135.078735664723,34.9048797086694,0.000164942112446397,"Sex, PC1-PC10, GRM (mixed model)"
"rs2122222",3,29950790,"Leucine",659.296956506427,170.374384158906,0.000165073426201404,"Sex, PC1-PC10, GRM (mixed model)"
"rs11845601",14,78260766,"X1.oleoyl.GPC..18.1.",122.160949126342,31.5713711459269,0.000165279929241791,"Sex, PC1-PC10, GRM (mixed model)"
"rs17807032",6,111629316,"Glycine",608.149467967239,157.191094956311,0.000165589216302868,"Sex, PC1-PC10, GRM (mixed model)"
"rs10054393",5,102986669,"Erythritol",903.911842673837,233.66266208989,0.000165839127019546,"Sex, PC1-PC10, GRM (mixed model)"
"rs6719531",2,111680990,"Glutamate",606.008119990029,156.656784972445,0.000165880351514162,"Sex, PC1-PC10, GRM (mixed model)"
"rs512251",1,112055289,"Glycine",520.772085348662,134.636190333369,0.000166118111779935,"Sex, PC1-PC10, GRM (mixed model)"
"rs2142531",23,128164145,"Xanthine",676.689523001671,174.95970518007,0.000166307367203301,"Sex, PC1-PC10, GRM (mixed model)"
"rs10515395",5,108272703,"Palmitoylcarnitine..C16.",886.401587879363,229.203085534015,0.0001665346512222,"Sex, PC1-PC10, GRM (mixed model)"
"rs10098271",8,94269123,"Caffeine",197.127677238361,50.9739880815193,0.000166595568767533,"Sex, PC1-PC10, GRM (mixed model)"
"rs41455449",21,39887600,"Gulono.1.4.lactone",419.818608274706,108.569360254561,0.00016684103159923,"Sex, PC1-PC10, GRM (mixed model)"
"rs10500601",11,4412531,"X1.palmitoyl.GPC..16.0.",73.8023250167869,19.0872958560225,0.000166999576305733,"Sex, PC1-PC10, GRM (mixed model)"
"rs11214899",11,113574965,"Isovalerylcarnitine..C5.",259.690508886173,67.1641539452417,0.000167038779438653,"Sex, PC1-PC10, GRM (mixed model)"
"rs7593363",2,224926182,"Isoleucine",156.262326917049,40.4183453832274,0.000167274805655008,"Sex, PC1-PC10, GRM (mixed model)"
"rs17365982",8,102026087,"Glycochenodeoxycholate",1088.55506167267,281.568439699635,0.00016732632405866,"Sex, PC1-PC10, GRM (mixed model)"
"rs929174",7,126429839,"Linoleate..18.2.",759.437544776948,196.444400012139,0.000167403754517634,"Sex, PC1-PC10, GRM (mixed model)"
"rs17309741",11,27260014,"Pyridoxate",439.996753556947,113.830854372222,0.000167751805966133,"Sex, PC1-PC10, GRM (mixed model)"
"rs1480306",4,58491083,"Glutamine",161.131532421555,41.6904149847013,0.000168001936555065,"Sex, PC1-PC10, GRM (mixed model)"
"rs16959263",16,12346351,"Xanthine",1002.64789929997,259.423408120435,0.000168029827242894,"Sex, PC1-PC10, GRM (mixed model)"
"rs4142898",1,244183814,"Glycine",376.531554603689,97.4277369099788,0.000168143642716146,"Sex, PC1-PC10, GRM (mixed model)"
"rs7682280",4,180158029,"Hippurate",316.924452197923,82.0054651721788,0.000168175877250544,"Sex, PC1-PC10, GRM (mixed model)"
"rs2176694",2,222201673,"Hexanoylcarnitine..C6.",235.939268944103,61.0519920324958,0.000168245577386065,"Sex, PC1-PC10, GRM (mixed model)"
"rs10488142",7,55163441,"X1.palmitoyl.GPC..16.0.",75.386503247728,19.5097472987495,0.000168570158389551,"Sex, PC1-PC10, GRM (mixed model)"
"rs2286029",12,885892,"Uridine",942.150392245293,243.854491350917,0.00016886213389957,"Sex, PC1-PC10, GRM (mixed model)"
"rs10516352",4,19812317,"Isovalerylcarnitine..C5.",317.498375184125,82.1968734830969,0.000169437951982132,"Sex, PC1-PC10, GRM (mixed model)"
"rs2116940",19,10171392,"X1.palmitoyl.GPC..16.0.",105.818123384104,27.3967428710804,0.000169578099012476,"Sex, PC1-PC10, GRM (mixed model)"
"rs8047864",16,10553218,"X1.linoleoyl.GPC..18.2.",69.0235598568733,17.8707499960577,0.000169614689391302,"Sex, PC1-PC10, GRM (mixed model)"
"rs139061",22,34250080,"Phenylalanine",1275.38055583701,330.272536881243,0.000170102971991987,"Sex, PC1-PC10, GRM (mixed model)"
"rs4303195",11,93061485,"Erythritol",624.544113015097,161.736142892456,0.00017016625938723,"Sex, PC1-PC10, GRM (mixed model)"
"rs2973887",5,126176033,"Theobromine",419.929899631628,108.763769906314,0.000170522493370123,"Sex, PC1-PC10, GRM (mixed model)"
"rs956764",3,2801568,"Hypoxanthine",932.665690174771,241.568846560206,0.000170564452185642,"Sex, PC1-PC10, GRM (mixed model)"
"rs4448172",7,152384659,"Glutamine",94.6559755814978,24.5188534181431,0.000170773501548668,"Sex, PC1-PC10, GRM (mixed model)"
"rs740586",19,48888371,"Theobromine",551.015675763457,142.734324169817,0.00017084294611951,"Sex, PC1-PC10, GRM (mixed model)"
"rs805818",7,122853278,"Isoleucine",-94.2073459195118,24.4034813594221,0.00017085728493985,"Sex, PC1-PC10, GRM (mixed model)"
"rs16921146",8,57927125,"Isovalerylcarnitine..C5.",380.938565819154,98.6852384209895,0.000171027446966193,"Sex, PC1-PC10, GRM (mixed model)"
"rs17011224",12,82670893,"Glycochenodeoxycholate",894.462719498898,231.720856480559,0.00017105914122564,"Sex, PC1-PC10, GRM (mixed model)"
"rs5906947",23,44126015,"Isovalerylcarnitine..C5.",251.532147543303,65.1639023454401,0.000171119432944291,"Sex, PC1-PC10, GRM (mixed model)"
"rs2292811",19,60824299,"Paraxanthine",368.974589493501,95.5914418950846,0.000171169963065795,"Sex, PC1-PC10, GRM (mixed model)"
"rs16972853",15,72897027,"Phenylalanine",1251.34148404829,324.213555396934,0.000171354710785289,"Sex, PC1-PC10, GRM (mixed model)"
"rs16958674",16,56250556,"Glycochenodeoxycholate",647.336178925597,167.72643518819,0.000171446723325689,"Sex, PC1-PC10, GRM (mixed model)"
"rs4949184",1,31119986,"Threonate",230.458044186772,59.713983246873,0.000171517457876109,"Sex, PC1-PC10, GRM (mixed model)"
"rs16931782",10,30938953,"Threonate",225.381173826827,58.4013228562468,0.000171635344177948,"Sex, PC1-PC10, GRM (mixed model)"
"rs8123854",20,48331773,"X1.palmitoyl.GPC..16.0.",79.2038241687905,20.5237926637384,0.00017167160669284,"Sex, PC1-PC10, GRM (mixed model)"
"rs3814309",1,110078926,"Caffeine",-158.809132205306,41.1533147229607,0.00017177264760905,"Sex, PC1-PC10, GRM (mixed model)"
"rs12607971",18,63771915,"Leucine",855.114952422726,221.606705480212,0.000171936899401106,"Sex, PC1-PC10, GRM (mixed model)"
"rs7561852",2,6079161,"Glutamine",111.883486380417,28.9988213491321,0.000172253708609196,"Sex, PC1-PC10, GRM (mixed model)"
"rs6505933",18,1495590,"Glutamine",136.10968343262,35.2795264343316,0.000172363476331268,"Sex, PC1-PC10, GRM (mixed model)"
"rs6767673",3,172013454,"Threonate",201.137234675632,52.1370201346583,0.000172476937948646,"Sex, PC1-PC10, GRM (mixed model)"
"rs12212312",6,3843012,"Glutamate",699.274595499521,181.288983176041,0.000172874029405747,"Sex, PC1-PC10, GRM (mixed model)"
"rs12090761",1,92664188,"Hippurate",404.635951152587,104.90991167821,0.000173035480112437,"Sex, PC1-PC10, GRM (mixed model)"
"rs7032141",9,121293819,"N.acetylglycine",389.501739192018,101.006655474817,0.000173539773696204,"Sex, PC1-PC10, GRM (mixed model)"
"rs2056983",22,33942568,"Valine",435.693312003042,113.001999218332,0.000173908800835115,"Sex, PC1-PC10, GRM (mixed model)"
"rs13439746",8,34167298,"Phenylalanine",1387.08841224949,359.786742147583,0.000174113344749262,"Sex, PC1-PC10, GRM (mixed model)"
"rs2854508",19,48768004,"Propionylcarnitine..C3.",813.351283265018,210.998625277599,0.000174459455507636,"Sex, PC1-PC10, GRM (mixed model)"
"rs16986205",2,19337513,"Phenylalanine",1661.92071105653,431.174458031696,0.000174695991763873,"Sex, PC1-PC10, GRM (mixed model)"
"rs2841555",6,13574809,"Oleate..18.1.",337.571841402222,87.5858801653036,0.000174840379281365,"Sex, PC1-PC10, GRM (mixed model)"
"rs4720815",7,8986351,"X1.palmitoyl.GPC..16.0.",110.549143007461,28.6837039115622,0.000174909079419694,"Sex, PC1-PC10, GRM (mixed model)"
"rs1602543",15,37853647,"Hippurate",285.826308865152,74.1776007635119,0.000175430818539913,"Sex, PC1-PC10, GRM (mixed model)"
"rs4239421",18,35009755,"Palmitoylcarnitine..C16.",-542.981709287478,140.914943604216,0.00017543812874316,"Sex, PC1-PC10, GRM (mixed model)"
"rs17052404",3,52751704,"Taurocholate",193.390712923087,50.1910898732171,0.000175548491607733,"Sex, PC1-PC10, GRM (mixed model)"
"rs12089890",1,38536976,"X1.linoleoyl.GPC..18.2.",60.8049710431271,15.7816621716831,0.000175678998019131,"Sex, PC1-PC10, GRM (mixed model)"
"rs10905833",10,10898742,"Linoleate..18.2.",1069.58833998929,277.614910968985,0.000175750916187169,"Sex, PC1-PC10, GRM (mixed model)"
"rs4712300",6,17639388,"Erythritol",499.721846625983,129.710584269585,0.000175871778445417,"Sex, PC1-PC10, GRM (mixed model)"
"rs1550035",6,80787567,"Uridine",1197.76486758696,310.938180433899,0.000176191748070544,"Sex, PC1-PC10, GRM (mixed model)"
"rs2095242",6,127259185,"Theobromine",645.66070322509,167.634233158885,0.000176514961541842,"Sex, PC1-PC10, GRM (mixed model)"
"rs7682994",4,54471679,"Hexanoylcarnitine..C6.",145.417020359504,37.7553928838664,0.000176546197182507,"Sex, PC1-PC10, GRM (mixed model)"
"rs34165419",9,106715847,"Oleate..18.1.",488.923536175891,126.949425886088,0.000176697056652228,"Sex, PC1-PC10, GRM (mixed model)"
"rs3865181",16,81189173,"Paraxanthine",297.78105725019,77.3201475004078,0.000176730721708534,"Sex, PC1-PC10, GRM (mixed model)"
"rs9355389",6,162543883,"Leucine",751.724866077837,195.190833476703,0.000176759097427597,"Sex, PC1-PC10, GRM (mixed model)"
"rs16964348",15,49485255,"Glutamate",779.987293685958,202.534940184022,0.000176828235922572,"Sex, PC1-PC10, GRM (mixed model)"
"rs785452",15,27929698,"Isovalerylcarnitine..C5.",264.711870472957,68.7410021206901,0.000177002342345693,"Sex, PC1-PC10, GRM (mixed model)"
"rs41505445",15,57283405,"Uridine",1582.68221719127,411.055565027788,0.000177376233290515,"Sex, PC1-PC10, GRM (mixed model)"
"rs41482845",3,176694800,"Uridine",1299.88586591795,337.659752572225,0.000177767709582075,"Sex, PC1-PC10, GRM (mixed model)"
"rs10999052",10,71380977,"X1.oleoyl.GPC..18.1.",169.320747076908,43.9855437070589,0.000177917549703392,"Sex, PC1-PC10, GRM (mixed model)"
"rs6937061",6,33187790,"Tyrosine",136.145455250452,35.3686002408117,0.000178004636587337,"Sex, PC1-PC10, GRM (mixed model)"
"rs1117702",7,9862079,"Glycine",366.95366244699,95.3705596680657,0.000179106304194865,"Sex, PC1-PC10, GRM (mixed model)"
"rs2192276",7,153160189,"Isoleucine",133.054606520505,34.5893488153164,0.000179748637103465,"Sex, PC1-PC10, GRM (mixed model)"
"rs41319749",20,19075297,"Glycochenodeoxycholate",1028.87681003162,267.490003608772,0.000179935237050131,"Sex, PC1-PC10, GRM (mixed model)"
"rs6437662",3,107546653,"X1.oleoyl.GPC..18.1.",153.760079154697,39.977193927696,0.000180079747216601,"Sex, PC1-PC10, GRM (mixed model)"
"rs1442811",15,96619978,"Valine",437.957104802412,113.87465526378,0.000180237631752801,"Sex, PC1-PC10, GRM (mixed model)"
"rs17043004",2,21855571,"Gulono.1.4.lactone",583.401910452504,151.71714370381,0.000180658557029259,"Sex, PC1-PC10, GRM (mixed model)"
"rs6860770",5,41221669,"Oleate..18.1.",541.974385354958,140.958473243503,0.000180928255741077,"Sex, PC1-PC10, GRM (mixed model)"
"rs2378438",1,219439952,"Linoleate..18.2.",765.490374060026,199.111891054574,0.000181194889530579,"Sex, PC1-PC10, GRM (mixed model)"
"rs209972",8,17595342,"Gulono.1.4.lactone",711.605138812068,185.111897435205,0.00018141890379176,"Sex, PC1-PC10, GRM (mixed model)"
"rs6006951",22,43961771,"Linoleate..18.2.",1062.40181553489,276.401263785804,0.000181751063774625,"Sex, PC1-PC10, GRM (mixed model)"
"rs4543816",1,83769515,"N.acetylglycine",349.327346164051,90.8856406921847,0.000181819197587107,"Sex, PC1-PC10, GRM (mixed model)"
"rs17616507",10,125523909,"Erythritol",818.160528403606,212.877561245265,0.000181989651415565,"Sex, PC1-PC10, GRM (mixed model)"
"rs8015876",14,68492618,"Hippurate",216.74796470595,56.3975150162473,0.000182070412653351,"Sex, PC1-PC10, GRM (mixed model)"
"rs7040439",9,82677559,"Linoleate..18.2.",842.153385215635,219.161354599628,0.00018247438530147,"Sex, PC1-PC10, GRM (mixed model)"
"rs17688833",8,84500405,"Paraxanthine",399.119042370998,103.874866472676,0.000182684625793999,"Sex, PC1-PC10, GRM (mixed model)"
"rs9541072",13,66782471,"Tyrosine",113.264711654939,29.4805058449292,0.000182877313757937,"Sex, PC1-PC10, GRM (mixed model)"
"rs11011852",10,20521026,"Glutamate",499.768996242735,130.100428156947,0.000183290465327042,"Sex, PC1-PC10, GRM (mixed model)"
"rs17546386",2,154013356,"Xanthine",956.207013234514,248.934022997265,0.000183427658297877,"Sex, PC1-PC10, GRM (mixed model)"
"rs12997383",2,211238095,"Paraxanthine",279.689784033332,72.8131369340121,0.000183432479145061,"Sex, PC1-PC10, GRM (mixed model)"
"rs3748006",1,228451560,"Propionylcarnitine..C3.",1197.04525272157,311.637133749626,0.000183465385150739,"Sex, PC1-PC10, GRM (mixed model)"
"rs2158245",16,24217601,"Phenylalanine",1218.54069104722,317.237131542949,0.000183497402916696,"Sex, PC1-PC10, GRM (mixed model)"
"rs1021831",12,126707469,"X1.oleoyl.GPC..18.1.",106.905073110154,27.8323896913203,0.000183546550134535,"Sex, PC1-PC10, GRM (mixed model)"
"rs5961748",23,5535198,"Palmitoylcarnitine..C16.",940.990752976048,245.065984669703,0.000184420145317867,"Sex, PC1-PC10, GRM (mixed model)"
"rs17434186",1,66791143,"Gulono.1.4.lactone",624.738199976136,162.707537291605,0.000184491939629856,"Sex, PC1-PC10, GRM (mixed model)"
"rs17268300",23,129421865,"Pyridoxate",587.935661903422,153.149573218578,0.000184952143323856,"Sex, PC1-PC10, GRM (mixed model)"
"rs17118854",1,59377720,"Xanthine",1108.29953538037,288.714605410526,0.000185106715077309,"Sex, PC1-PC10, GRM (mixed model)"
"rs9378833",6,3909456,"Uridine",1354.36042483888,352.849663631977,0.000185371575861776,"Sex, PC1-PC10, GRM (mixed model)"
"rs12456529",18,46945663,"Propionylcarnitine..C3.",571.836015231603,148.983175817555,0.000185433659518302,"Sex, PC1-PC10, GRM (mixed model)"
"rs9599329",13,68169402,"Phenylalanine",1004.71419234651,261.772575586265,0.000185529723577503,"Sex, PC1-PC10, GRM (mixed model)"
"rs10229260",7,105429322,"Oleate..18.1.",630.267861257156,164.216137470989,0.000185584541386302,"Sex, PC1-PC10, GRM (mixed model)"
"rs7644618",3,136239450,"Theobromine",441.497797411816,115.046242427717,0.000185906813575757,"Sex, PC1-PC10, GRM (mixed model)"
"rs9729211",1,18344827,"Hypoxanthine",792.707177825263,206.566878884917,0.000185931050160836,"Sex, PC1-PC10, GRM (mixed model)"
"rs7099794",10,134662388,"Taurocholate",82.3817178344595,21.4678715507378,0.000185993159501648,"Sex, PC1-PC10, GRM (mixed model)"
"rs10847143",12,125451628,"Phenylalanine",1904.62467202514,496.360842680721,0.000186174868073512,"Sex, PC1-PC10, GRM (mixed model)"
"rs354985",5,173868819,"Pyridoxate",551.745663417458,143.796882602655,0.000186311026761678,"Sex, PC1-PC10, GRM (mixed model)"
"rs6579777",5,149561423,"Hexanoylcarnitine..C6.",177.235231751706,46.1929311479326,0.00018640163034006,"Sex, PC1-PC10, GRM (mixed model)"
"rs800410",4,24391952,"X1.linoleoyl.GPC..18.2.",73.1352777811693,19.0622771379124,0.0001865377237012,"Sex, PC1-PC10, GRM (mixed model)"
"rs1076164",17,2720682,"Hypoxanthine",772.770945819149,201.428383350351,0.000186671577196688,"Sex, PC1-PC10, GRM (mixed model)"
"rs41381850",1,95742271,"Palmitoylcarnitine..C16.",900.968494165289,234.875090665275,0.00018702138260496,"Sex, PC1-PC10, GRM (mixed model)"
"rs12413939",10,129578457,"Taurocholate",130.663276613539,34.0681585984545,0.000187434524439477,"Sex, PC1-PC10, GRM (mixed model)"
"rs2485668",1,154368173,"Tyrosine",145.467902787844,37.9291354237178,0.000187499532206079,"Sex, PC1-PC10, GRM (mixed model)"
"rs6957123",7,40858337,"Xanthine",600.546582759563,156.594346801741,0.000187643742792671,"Sex, PC1-PC10, GRM (mixed model)"
"rs699330",15,21487763,"Linoleate..18.2.",527.2062122314,137.520715623915,0.000188612546198267,"Sex, PC1-PC10, GRM (mixed model)"
"rs6431005",2,128743219,"Theobromine",404.698593451634,105.567161096776,0.000188671118456385,"Sex, PC1-PC10, GRM (mixed model)"
"rs533637",6,52320553,"Glycine",427.515082592295,111.534339052809,0.000189039800270635,"Sex, PC1-PC10, GRM (mixed model)"
"rs17312849",2,13976875,"Uridine",1799.45860435392,469.526456368726,0.000189415533325051,"Sex, PC1-PC10, GRM (mixed model)"
"rs6568041",23,111551850,"Pyridoxate",577.354807341742,150.65673753897,0.000189585389281823,"Sex, PC1-PC10, GRM (mixed model)"
"rs163305",5,113740258,"Glycine",464.778164689339,121.284962140203,0.000189680764931947,"Sex, PC1-PC10, GRM (mixed model)"
"rs17638586",2,105308245,"Phenylalanine",1325.57343163858,345.935796147712,0.000189868779764008,"Sex, PC1-PC10, GRM (mixed model)"
"rs17000257",22,47817672,"Glycine",633.647303040484,165.385055176997,0.000190220659229497,"Sex, PC1-PC10, GRM (mixed model)"
"rs10500251",19,36625384,"Glutamine",85.6257095700958,22.3498156712097,0.000190351096057034,"Sex, PC1-PC10, GRM (mixed model)"
"rs4734218",8,111092599,"Leucine",503.413642128723,131.400746727282,0.000190370217044325,"Sex, PC1-PC10, GRM (mixed model)"
"rs13419008",2,60881395,"Tyrosine",112.651000119431,29.4049862224158,0.000190451131901583,"Sex, PC1-PC10, GRM (mixed model)"
"rs10017332",4,96561773,"Threonate",249.074024827121,65.0189723479268,0.000190610466539253,"Sex, PC1-PC10, GRM (mixed model)"
"rs2498488",23,47196642,"Glutamine",83.786553519993,21.8729628169506,0.00019074445619538,"Sex, PC1-PC10, GRM (mixed model)"
"rs7610948",3,118056506,"Pyridoxate",503.533652803329,131.464251295712,0.000191029013420216,"Sex, PC1-PC10, GRM (mixed model)"
"rs4554330",6,96675850,"X1.linoleoyl.GPC..18.2.",94.0629593740988,24.5593707290025,0.000191149598558824,"Sex, PC1-PC10, GRM (mixed model)"
"rs7776500",7,22217480,"Paraxanthine",476.247006484005,124.35730894409,0.000191400971367205,"Sex, PC1-PC10, GRM (mixed model)"
"rs41466647",2,108119725,"Hippurate",292.845681195227,76.4984917899554,0.000192491529715184,"Sex, PC1-PC10, GRM (mixed model)"
"rs2913890",5,151237027,"Hexanoylcarnitine..C6.",139.81586972506,36.5235662930737,0.000192508143462225,"Sex, PC1-PC10, GRM (mixed model)"
"rs6547315",2,80656163,"Linoleate..18.2.",898.034457165294,234.609842316531,0.000192736432200307,"Sex, PC1-PC10, GRM (mixed model)"
"rs17291148",4,60674181,"Glycine",690.966411615833,180.542384223218,0.000193168484720103,"Sex, PC1-PC10, GRM (mixed model)"
"rs4338703",14,39404686,"Uridine",1091.33353593542,285.157393706527,0.000193199187106924,"Sex, PC1-PC10, GRM (mixed model)"
"rs3779673",8,20076626,"Isovalerylcarnitine..C5.",312.352982148294,81.6192717556455,0.000193324095964083,"Sex, PC1-PC10, GRM (mixed model)"
"rs17158985",7,111333048,"Taurocholate",140.676181041721,36.760564205848,0.000193415297514134,"Sex, PC1-PC10, GRM (mixed model)"
"rs407709",4,114304897,"Hippurate",142.316961778649,37.1893376192757,0.000193416433264279,"Sex, PC1-PC10, GRM (mixed model)"
"rs1403700",3,63390235,"Xanthine",603.994088500047,157.832038466936,0.00019342081342573,"Sex, PC1-PC10, GRM (mixed model)"
"rs10494794",1,197753308,"Glycine",491.311618094166,128.419492468893,0.000194121092762601,"Sex, PC1-PC10, GRM (mixed model)"
"rs641260",8,16731145,"Glycochenodeoxycholate",1035.3985665247,270.733076937392,0.000195129453453183,"Sex, PC1-PC10, GRM (mixed model)"
"rs16993306",20,7200261,"Oleate..18.1.",463.181154340567,121.126066954616,0.000195464654252092,"Sex, PC1-PC10, GRM (mixed model)"
"rs16834550",1,31769104,"Isoleucine",172.443456889731,45.0986858132101,0.000195657437943222,"Sex, PC1-PC10, GRM (mixed model)"
"rs1735009",7,155657437,"Gulono.1.4.lactone",432.271272963403,113.057051367097,0.000195810314401734,"Sex, PC1-PC10, GRM (mixed model)"
"rs759359",2,40182609,"Erythritol",564.083278529264,147.564775306104,0.000196433953096531,"Sex, PC1-PC10, GRM (mixed model)"
"rs5970101",23,150668673,"Hypoxanthine",646.520330325015,169.130971098363,0.000196443374088307,"Sex, PC1-PC10, GRM (mixed model)"
"rs12336943",9,79310367,"Erythritol",971.503930300221,254.159316997952,0.000196573899841497,"Sex, PC1-PC10, GRM (mixed model)"
"rs1190447",2,233128296,"Propionylcarnitine..C3.",768.038125082736,200.946727224762,0.000196807483816537,"Sex, PC1-PC10, GRM (mixed model)"
"rs1382060",15,25545570,"Linoleate..18.2.",-552.346206839085,144.53318131805,0.000197177452400048,"Sex, PC1-PC10, GRM (mixed model)"
"rs17091651",8,19794163,"Erythritol",-505.981214418429,132.405161514885,0.000197268950360803,"Sex, PC1-PC10, GRM (mixed model)"
"rs17699797",9,29579682,"Linoleate..18.2.",787.485173734242,206.088853859518,0.000197534637613329,"Sex, PC1-PC10, GRM (mixed model)"
"rs10948693",6,52261958,"Phenylalanine",1065.73413044193,278.91408434591,0.000197595061065114,"Sex, PC1-PC10, GRM (mixed model)"
"rs4026015",12,4943636,"Leucine",380.203777924239,99.5072097973936,0.000197700886186331,"Sex, PC1-PC10, GRM (mixed model)"
"rs4573990",17,74093029,"Phenylalanine",730.788758404427,191.264275382821,0.000197725707663924,"Sex, PC1-PC10, GRM (mixed model)"
"rs17121875",1,61504240,"Linoleate..18.2.",796.411924067464,208.456209026662,0.000197950213301477,"Sex, PC1-PC10, GRM (mixed model)"
"rs7592497",2,649958,"Leucine",468.564110728606,122.646785870095,0.000198014691325668,"Sex, PC1-PC10, GRM (mixed model)"
"rs1363713",5,170095672,"Leucine",457.822757543975,119.837545141213,0.000198068349452173,"Sex, PC1-PC10, GRM (mixed model)"
"rs802297",6,124542121,"Tyrosine",173.698851695232,45.4718014788329,0.000198386876376612,"Sex, PC1-PC10, GRM (mixed model)"
"rs17552880",10,34534755,"Phenylalanine",1009.60241561794,264.305610030589,0.000198456092851152,"Sex, PC1-PC10, GRM (mixed model)"
"rs996694",8,92411441,"Xanthine",513.687301897785,134.481030720986,0.000198495873524475,"Sex, PC1-PC10, GRM (mixed model)"
"rs7584378",2,49889892,"Propionylcarnitine..C3.",1148.57054832771,300.751848633979,0.00019906417594279,"Sex, PC1-PC10, GRM (mixed model)"
"rs16950272",15,25552496,"Hexanoylcarnitine..C6.",120.584607703338,31.5842658917304,0.000199891126475434,"Sex, PC1-PC10, GRM (mixed model)"
"rs4641109",8,1758170,"Valine",615.972186552742,161.345319464623,0.000199996781685784,"Sex, PC1-PC10, GRM (mixed model)"
"rs17750362",7,67737187,"Paraxanthine",380.78852389566,99.7491787906594,0.000200192047116546,"Sex, PC1-PC10, GRM (mixed model)"
"rs17677777",4,178538104,"Leucine",512.053159431942,134.135103803816,0.000200204475405965,"Sex, PC1-PC10, GRM (mixed model)"
"rs2795381",9,103719607,"Glycine",417.793515613307,109.446569014108,0.000200288929122171,"Sex, PC1-PC10, GRM (mixed model)"
"rs1955946",14,36979852,"Xanthine",1119.34224713779,293.233172489404,0.000200351994680006,"Sex, PC1-PC10, GRM (mixed model)"
"rs12952746",17,42298412,"Threonate",393.616869019858,103.119091062738,0.000200450185119724,"Sex, PC1-PC10, GRM (mixed model)"
"rs7716441",5,64030806,"Pyridoxate",677.758150480016,177.5771811638,0.000200754888643324,"Sex, PC1-PC10, GRM (mixed model)"
"rs6037971",20,4727700,"Glutamine",88.1612688731771,23.1034389414261,0.000201315591577335,"Sex, PC1-PC10, GRM (mixed model)"
"rs2494488",1,158132281,"X1.palmitoyl.GPC..16.0.",138.83078466909,36.3860815616688,0.000201645385716041,"Sex, PC1-PC10, GRM (mixed model)"
"rs13437391",6,8669507,"Glutamine",157.63293888648,41.314625623223,0.000201693149798419,"Sex, PC1-PC10, GRM (mixed model)"
"rs17022696",4,96097795,"Glutamate",488.095446483454,127.937957762597,0.000201939383835621,"Sex, PC1-PC10, GRM (mixed model)"
"rs6564446",16,76083571,"Valine",668.972103505186,175.349790975512,0.000201956240651657,"Sex, PC1-PC10, GRM (mixed model)"
"rs2013340",5,38135369,"Oleate..18.1.",602.544462318531,157.941817566372,0.000202026548380831,"Sex, PC1-PC10, GRM (mixed model)"
"rs12315721",12,32519309,"Gulono.1.4.lactone",658.586717509476,172.652515583034,0.000202365182977602,"Sex, PC1-PC10, GRM (mixed model)"
"rs16959859",16,12543114,"Xanthine",1002.32169597996,262.782356765438,0.000202555422444658,"Sex, PC1-PC10, GRM (mixed model)"
"rs4784361",16,52904922,"Propionylcarnitine..C3.",716.804245333274,187.971904208156,0.000203231327427675,"Sex, PC1-PC10, GRM (mixed model)"
"rs7284468",22,35197410,"Palmitoylcarnitine..C16.",645.722644137031,169.336081044767,0.000203304178822777,"Sex, PC1-PC10, GRM (mixed model)"
"rs17111984",14,94951179,"Oleate..18.1.",672.031064745649,176.245100716782,0.000203462964856489,"Sex, PC1-PC10, GRM (mixed model)"
"rs8000837",13,37460315,"X1.linoleoyl.GPC..18.2.",51.2759470943219,13.448187912507,0.000203609766333468,"Sex, PC1-PC10, GRM (mixed model)"
"rs16891116",5,62155105,"Paraxanthine",427.985045863298,112.257884905909,0.000203860508715417,"Sex, PC1-PC10, GRM (mixed model)"
"rs2863107",11,44560757,"Glycine",447.584684879907,117.403315232812,0.000203971460925816,"Sex, PC1-PC10, GRM (mixed model)"
"rs340657",3,6882600,"X1.palmitoyl.GPC..16.0.",-56.9932998571724,14.9503422238777,0.000204117364069665,"Sex, PC1-PC10, GRM (mixed model)"
"rs11579750",1,238310087,"Hypoxanthine",630.168378390184,165.309627545013,0.000204210850267797,"Sex, PC1-PC10, GRM (mixed model)"
"rs2322592",17,12574875,"Xanthine",1011.03894456679,265.232649965762,0.000204326424458117,"Sex, PC1-PC10, GRM (mixed model)"
"rs6151892",5,80154637,"Uridine",1251.74323383696,328.388655628029,0.000204417254068742,"Sex, PC1-PC10, GRM (mixed model)"
"rs4253744",22,44991568,"Glutamate",899.092938906193,235.890328403991,0.000204632426674796,"Sex, PC1-PC10, GRM (mixed model)"
"rs11130880",3,62316054,"Oleate..18.1.",306.228862588257,80.3471146362978,0.00020475518164085,"Sex, PC1-PC10, GRM (mixed model)"
"rs9584832",13,97842253,"Xanthine",1023.93244626731,268.664920235871,0.000204857405141038,"Sex, PC1-PC10, GRM (mixed model)"
"rs17390595",1,63348003,"Phenylalanine",924.635646976922,242.63533724246,0.000205146343038464,"Sex, PC1-PC10, GRM (mixed model)"
"rs9327807",5,137378377,"Propionylcarnitine..C3.",841.280631249837,220.76301579292,0.000205159616572382,"Sex, PC1-PC10, GRM (mixed model)"
"rs9698927",23,142483891,"Glycine",524.241800056244,137.614736488379,0.000206138665208984,"Sex, PC1-PC10, GRM (mixed model)"
"rs4290394",14,26621258,"X1.palmitoyl.GPC..16.0.",115.606649310348,30.3504782003919,0.000206466841019552,"Sex, PC1-PC10, GRM (mixed model)"
"rs1346183",4,36791724,"Phenylalanine",1169.97593578389,307.197170570396,0.000206849576657097,"Sex, PC1-PC10, GRM (mixed model)"
"rs1382347",5,35991293,"Isoleucine",141.778008155701,37.2262831922051,0.00020685306448629,"Sex, PC1-PC10, GRM (mixed model)"
"rs2174232",10,58606889,"Hexanoylcarnitine..C6.",185.326917537747,48.6666884034948,0.000207202625022243,"Sex, PC1-PC10, GRM (mixed model)"
"rs1415563",1,95719925,"Linoleate..18.2.",1031.52338356765,270.882352873561,0.00020725823686381,"Sex, PC1-PC10, GRM (mixed model)"
"rs11605057",11,86381744,"Phenylalanine",889.923203901664,233.712507424314,0.000207443561934856,"Sex, PC1-PC10, GRM (mixed model)"
"rs2472692",17,18799743,"X1.oleoyl.GPC..18.1.",170.163223401651,44.6956676100161,0.000207913056021781,"Sex, PC1-PC10, GRM (mixed model)"
"rs2903497",2,597049,"Isoleucine",132.043847846224,34.6970459678362,0.000209083169529594,"Sex, PC1-PC10, GRM (mixed model)"
"rs873374",8,57938391,"Tyrosine",97.3911462978945,25.5925783941773,0.000209219145278381,"Sex, PC1-PC10, GRM (mixed model)"
"rs12125742",1,196047367,"Glycine",496.662053135613,130.51760354893,0.000209310221811449,"Sex, PC1-PC10, GRM (mixed model)"
"rs17427625",9,81267705,"Xanthine",1029.25487736543,270.487433749451,0.000209418161522689,"Sex, PC1-PC10, GRM (mixed model)"
"rs12141164",1,216020362,"Phenylalanine",1101.44299043082,289.468043735592,0.000209515344426832,"Sex, PC1-PC10, GRM (mixed model)"
"rs4818925",21,44703694,"Hexanoylcarnitine..C6.",159.087485060268,41.8157617701343,0.000209955862194264,"Sex, PC1-PC10, GRM (mixed model)"
"rs4072704",2,127300092,"Palmitoylcarnitine..C16.",-552.006421418903,145.095432199229,0.000209993718708605,"Sex, PC1-PC10, GRM (mixed model)"
"rs4690374",4,178360939,"Glycochenodeoxycholate",761.403356445696,200.147773877169,0.000210171591267089,"Sex, PC1-PC10, GRM (mixed model)"
"rs3863222",6,6219083,"Hypoxanthine",476.687527227734,125.306289949923,0.000210192553481615,"Sex, PC1-PC10, GRM (mixed model)"
"rs17272617",19,53049172,"Threonate",294.748267710242,77.4881475767816,0.000210496018989227,"Sex, PC1-PC10, GRM (mixed model)"
"rs6997050",8,54942727,"Hypoxanthine",709.273945351546,186.467054347663,0.000210523633769181,"Sex, PC1-PC10, GRM (mixed model)"
"rs8073244",17,44470037,"Isovalerylcarnitine..C5.",297.700864947754,78.2730240249282,0.000210820605295207,"Sex, PC1-PC10, GRM (mixed model)"
"rs4768766",12,45616046,"Pyridoxate",761.983328148793,200.356294051765,0.00021099325414342,"Sex, PC1-PC10, GRM (mixed model)"
"rs17149074",9,134294347,"Glutamine",147.401829001716,38.759402948503,0.000211106270802201,"Sex, PC1-PC10, GRM (mixed model)"
"rs16855974",2,216951614,"Threonate",272.275564380649,71.5966242866755,0.000211171815127525,"Sex, PC1-PC10, GRM (mixed model)"
"rs779398",2,13010482,"Erythritol",439.143422751949,115.500373885707,0.000211803757702873,"Sex, PC1-PC10, GRM (mixed model)"
"rs10419469",19,41826577,"Theobromine",640.654506339714,168.513984069036,0.000212042050936734,"Sex, PC1-PC10, GRM (mixed model)"
"rs4975838",5,2103483,"Gulono.1.4.lactone",417.161519938149,109.735726919269,0.000212258038747671,"Sex, PC1-PC10, GRM (mixed model)"
"rs17693103",8,18117126,"Xanthine",722.305069905698,190.046693980557,0.000212911422905614,"Sex, PC1-PC10, GRM (mixed model)"
"rs1159317",18,53138592,"Threonate",-211.926944731766,55.7632239484397,0.000213061920063065,"Sex, PC1-PC10, GRM (mixed model)"
"rs6037013",20,24988884,"Tyrosine",144.229936065681,37.9518807306156,0.000213172551053894,"Sex, PC1-PC10, GRM (mixed model)"
"rs6708555",2,213371184,"Hexanoylcarnitine..C6.",186.229423452872,49.0037872575709,0.000213196164160794,"Sex, PC1-PC10, GRM (mixed model)"
"rs1035211",10,101335506,"Uridine",925.770133473023,243.61168691886,0.000213289164388751,"Sex, PC1-PC10, GRM (mixed model)"
"rs10223785",6,1933384,"Theobromine",771.275788368982,202.975671080029,0.000213558217646027,"Sex, PC1-PC10, GRM (mixed model)"
"rs7933667",11,130442723,"Hypoxanthine",933.422867623947,245.667137700427,0.000213793365753829,"Sex, PC1-PC10, GRM (mixed model)"
"rs16927535",12,24410776,"X1.palmitoyl.GPC..16.0.",76.9910873716444,20.2655385611862,0.000214129733035442,"Sex, PC1-PC10, GRM (mixed model)"
"rs9287357",2,144515664,"Palmitoylcarnitine..C16.",648.354279860017,170.660744697161,0.000214154142435088,"Sex, PC1-PC10, GRM (mixed model)"
"rs11594790",10,101168146,"X1.linoleoyl.GPC..18.2.",85.1258991545568,22.410309420898,0.000214599713994322,"Sex, PC1-PC10, GRM (mixed model)"
"rs7642572",3,142199853,"Linoleate..18.2.",922.485936997981,242.928756067848,0.000215515778445966,"Sex, PC1-PC10, GRM (mixed model)"
"rs17056764",5,158816251,"X1.oleoyl.GPC..18.1.",217.098420246577,57.1717613887488,0.000215555361462117,"Sex, PC1-PC10, GRM (mixed model)"
"rs2101436",15,90721925,"Uridine",1094.29970063201,288.189767891898,0.000215675227951061,"Sex, PC1-PC10, GRM (mixed model)"
"rs2056491",23,40158580,"Taurocholate",79.7474125201899,21.0024951340051,0.000215758187014484,"Sex, PC1-PC10, GRM (mixed model)"
"rs2416568",9,118520779,"Linoleate..18.2.",841.831583069298,221.714376460863,0.000215857287723578,"Sex, PC1-PC10, GRM (mixed model)"
"rs10215667",7,34505876,"Phenylalanine",1106.50673551539,291.497001830049,0.000216628038025729,"Sex, PC1-PC10, GRM (mixed model)"
"rs916969",7,26480253,"Taurocholate",-80.1328156109633,21.1127656135884,0.000217007361729801,"Sex, PC1-PC10, GRM (mixed model)"
"rs7310759",12,115755230,"Propionylcarnitine..C3.",778.984041355804,205.25155560344,0.000217168253675037,"Sex, PC1-PC10, GRM (mixed model)"
"rs1463328",2,184210738,"Isovalerylcarnitine..C5.",474.005371817354,124.92046435282,0.000217811038215434,"Sex, PC1-PC10, GRM (mixed model)"
"rs1877380",3,9261736,"Phenylalanine",1296.02711630774,341.617757232725,0.00021834097159129,"Sex, PC1-PC10, GRM (mixed model)"
"rs7366204",1,204163098,"Glycochenodeoxycholate",775.317720096417,204.368637680077,0.000218398136326257,"Sex, PC1-PC10, GRM (mixed model)"
"rs16964758",15,35241872,"X1.linoleoyl.GPC..18.2.",53.8792524623688,14.2033724740773,0.000218645166693562,"Sex, PC1-PC10, GRM (mixed model)"
"rs7056400",23,80060596,"Glutamate",629.798446816854,166.024981259856,0.000218658720538537,"Sex, PC1-PC10, GRM (mixed model)"
"rs891974",5,170835385,"Pyridoxate",569.542654896544,150.155203148398,0.000218954280270872,"Sex, PC1-PC10, GRM (mixed model)"
"rs10518364",4,121701660,"Pyridoxate",674.815625977704,177.91038595607,0.000218968556668609,"Sex, PC1-PC10, GRM (mixed model)"
"rs17774599",19,37272555,"X1.palmitoyl.GPC..16.0.",75.9998706986867,20.0382843265336,0.000219189089222545,"Sex, PC1-PC10, GRM (mixed model)"
"rs7573149",2,45334849,"Uridine",893.824536682087,235.6950189651,0.000219542592101738,"Sex, PC1-PC10, GRM (mixed model)"
"rs2513956",8,98907377,"Taurocholate",174.120406999199,45.9194378777762,0.000219884703359613,"Sex, PC1-PC10, GRM (mixed model)"
"rs16993428",19,6124690,"Tyrosine",150.560749479246,39.7089852779995,0.00022009636082454,"Sex, PC1-PC10, GRM (mixed model)"
"rs2413353",22,34256914,"X1.linoleoyl.GPC..18.2.",-39.3444157784626,10.3769840311473,0.000220173857661978,"Sex, PC1-PC10, GRM (mixed model)"
"rs6779015",3,142489693,"Glycochenodeoxycholate",730.105440217534,192.567002651141,0.000220231777170295,"Sex, PC1-PC10, GRM (mixed model)"
"rs370672",5,2501146,"X1.palmitoyl.GPC..16.0.",64.1049874407772,16.9082699162038,0.000220309599745619,"Sex, PC1-PC10, GRM (mixed model)"
"rs611823",6,131492975,"Pyridoxate",390.317300661456,102.955038277981,0.000220467547494458,"Sex, PC1-PC10, GRM (mixed model)"
"rs2071144",21,44365582,"Linoleate..18.2.",843.700197163803,222.550558331532,0.000220543107344664,"Sex, PC1-PC10, GRM (mixed model)"
"rs1434590",17,28964069,"X1.oleoyl.GPC..18.1.",198.149972771288,52.2802818598983,0.000221271837505467,"Sex, PC1-PC10, GRM (mixed model)"
"rs5945108",23,153557591,"Tyrosine",122.881802373751,32.4254151777765,0.000221653867746945,"Sex, PC1-PC10, GRM (mixed model)"
"rs1475750",6,97224557,"Hexanoylcarnitine..C6.",183.772174843782,48.4941957218393,0.000221738967280309,"Sex, PC1-PC10, GRM (mixed model)"
"rs11683275",2,128991071,"Gulono.1.4.lactone",612.201090651398,161.572144517404,0.000222180614256075,"Sex, PC1-PC10, GRM (mixed model)"
"rs2305621",3,158610104,"Propionylcarnitine..C3.",1067.35568999345,281.718974493797,0.000222425461373004,"Sex, PC1-PC10, GRM (mixed model)"
"rs17632963",8,17512881,"Glycochenodeoxycholate",699.090996173925,184.523145845551,0.000222497900895353,"Sex, PC1-PC10, GRM (mixed model)"
"rs10840257",11,9525039,"Glycine",446.741362153824,117.917165644188,0.000222524337488186,"Sex, PC1-PC10, GRM (mixed model)"
"rs11975008",7,27854214,"Oleate..18.1.",331.46086380129,87.5012644975896,0.000222958963803892,"Sex, PC1-PC10, GRM (mixed model)"
"rs41380647",23,138302403,"Glutamine",71.8164847717478,18.959165720827,0.000223051430823237,"Sex, PC1-PC10, GRM (mixed model)"
"rs7222349",17,39660170,"Glutamate",350.792363077503,92.610222153065,0.000223148976707204,"Sex, PC1-PC10, GRM (mixed model)"
"rs17058818",6,99341951,"Isoleucine",103.034756670912,27.2018447744444,0.000223190320506931,"Sex, PC1-PC10, GRM (mixed model)"
"rs7162847",15,57405714,"Hypoxanthine",494.844864109816,130.653571253099,0.00022345801026846,"Sex, PC1-PC10, GRM (mixed model)"
"rs12592547",15,32199079,"Theobromine",577.381505190676,152.446347128418,0.000223471798150127,"Sex, PC1-PC10, GRM (mixed model)"
"rs2624915",6,2540357,"X1.oleoyl.GPC..18.1.",95.0438503583427,25.0945830466747,0.000223484676241297,"Sex, PC1-PC10, GRM (mixed model)"
"rs158601",1,97282514,"Gulono.1.4.lactone",721.554606311215,190.527244801579,0.000223712123409221,"Sex, PC1-PC10, GRM (mixed model)"
"rs2471020",5,174821502,"Paraxanthine",285.933201998612,75.5035040707755,0.000223816476251768,"Sex, PC1-PC10, GRM (mixed model)"
"rs4401324",3,150167084,"Leucine",518.066017714602,136.82234031523,0.000224311790885045,"Sex, PC1-PC10, GRM (mixed model)"
"rs894771",18,46007489,"Tyrosine",109.371527376858,28.8856036429824,0.000224349390427573,"Sex, PC1-PC10, GRM (mixed model)"
"rs9905425",17,47039150,"Phenylalanine",1684.98166804871,445.073652997228,0.000224775194074712,"Sex, PC1-PC10, GRM (mixed model)"
"rs3001940",13,28349572,"X1.linoleoyl.GPC..18.2.",49.1771235498785,12.9898573647176,0.000224807793379916,"Sex, PC1-PC10, GRM (mixed model)"
"rs237270",17,12278259,"Caffeine",258.981984574073,68.4139716178657,0.000225051234244189,"Sex, PC1-PC10, GRM (mixed model)"
"rs10829494",10,130477416,"Gulono.1.4.lactone",496.838801062355,131.29267395008,0.000226126479025457,"Sex, PC1-PC10, GRM (mixed model)"
"rs12521362",5,31244596,"Glycochenodeoxycholate",950.655398268572,251.255596147517,0.000226613634194178,"Sex, PC1-PC10, GRM (mixed model)"
"rs1039045",8,80704930,"Linoleate..18.2.",700.749724973627,185.227197591326,0.000226968543233808,"Sex, PC1-PC10, GRM (mixed model)"
"rs12268441",10,83583515,"Glycine",518.478079382222,137.089253139173,0.000227917371589569,"Sex, PC1-PC10, GRM (mixed model)"
"rs2334308",2,150953409,"Oleate..18.1.",324.980908934047,85.928232457398,0.000227953737995554,"Sex, PC1-PC10, GRM (mixed model)"
"rs10844012",12,31830380,"Leucine",482.676069098937,127.625897353189,0.000227990061250358,"Sex, PC1-PC10, GRM (mixed model)"
"rs11189286",10,83049923,"Hexanoylcarnitine..C6.",214.013324665982,56.5893862515532,0.000228070729644327,"Sex, PC1-PC10, GRM (mixed model)"
"rs16856020",2,10301740,"N.acetylglycine",221.145947072763,58.4817015376229,0.000228410578243407,"Sex, PC1-PC10, GRM (mixed model)"
"rs17272617",19,53049172,"Hypoxanthine",636.609470552192,168.355404429811,0.000228504616721149,"Sex, PC1-PC10, GRM (mixed model)"
"rs8105342",19,39777150,"Glutamate",620.012710988207,163.976382216852,0.00022869887555661,"Sex, PC1-PC10, GRM (mixed model)"
"rs11199334",10,122180299,"Phenylalanine",1006.64062118043,266.243949592713,0.000228877630391004,"Sex, PC1-PC10, GRM (mixed model)"
"rs1013061",21,33450911,"Phenylalanine",995.427869729063,263.318063094262,0.000229354846864747,"Sex, PC1-PC10, GRM (mixed model)"
"rs11601290",11,1622874,"Theobromine",764.862510571593,202.329377750627,0.000229389202470706,"Sex, PC1-PC10, GRM (mixed model)"
"rs17144110",7,21246477,"Valine",537.013713900408,142.063038134704,0.000229536072155127,"Sex, PC1-PC10, GRM (mixed model)"
"rs41373149",9,66273146,"Valine",750.624135600495,198.589351621468,0.000229811161283982,"Sex, PC1-PC10, GRM (mixed model)"
"rs4748661",10,20649937,"Glutamate",394.487531179274,104.369295241375,0.00022985522446908,"Sex, PC1-PC10, GRM (mixed model)"
"rs12877218",13,24143576,"Paraxanthine",435.234731424207,115.181251425962,0.000230723690329796,"Sex, PC1-PC10, GRM (mixed model)"
"rs7212961",17,9975140,"Glutamate",448.715805242131,118.762203583103,0.000231080097862072,"Sex, PC1-PC10, GRM (mixed model)"
"rs10099092",8,92447958,"Paraxanthine",508.652199023197,134.637241275377,0.000231354503360812,"Sex, PC1-PC10, GRM (mixed model)"
"rs11166968",8,141340302,"Phenylalanine",1380.95627322902,365.554430182874,0.000231559010103535,"Sex, PC1-PC10, GRM (mixed model)"
"rs17807032",6,111629316,"X1.palmitoyl.GPC..16.0.",118.126152207515,31.2696774108246,0.000231597356549641,"Sex, PC1-PC10, GRM (mixed model)"
"rs2921987",2,45108031,"Uridine",1193.33035457215,315.93974094877,0.000232084439179745,"Sex, PC1-PC10, GRM (mixed model)"
"rs253287",5,65547728,"Gulono.1.4.lactone",649.024049008728,171.865074649295,0.000232698157597907,"Sex, PC1-PC10, GRM (mixed model)"
"rs873153",2,79275473,"Paraxanthine",269.915365746306,71.4837807599979,0.00023308998301753,"Sex, PC1-PC10, GRM (mixed model)"
"rs8180727",7,93849021,"Xanthine",890.175641047686,235.783070423758,0.000233511572172631,"Sex, PC1-PC10, GRM (mixed model)"
"rs13426054",2,111194437,"Hippurate",234.894439284791,62.2186345741838,0.00023359171958774,"Sex, PC1-PC10, GRM (mixed model)"
"rs1882321",3,54789616,"X1.oleoyl.GPC..18.1.",170.617573733398,45.1954970902146,0.000233766981237219,"Sex, PC1-PC10, GRM (mixed model)"
"rs432793",5,145219312,"Isovalerylcarnitine..C5.",361.043645980899,95.6618479923192,0.000234565705999265,"Sex, PC1-PC10, GRM (mixed model)"
"rs12133895",1,224524658,"Paraxanthine",311.82354170856,82.6388647867423,0.00023528282722738,"Sex, PC1-PC10, GRM (mixed model)"
"rs10040520",5,29314106,"X1.linoleoyl.GPC..18.2.",46.4225385969476,12.3037449511269,0.000235528734663474,"Sex, PC1-PC10, GRM (mixed model)"
"rs17054438",4,169810976,"Hexanoylcarnitine..C6.",184.957845333916,49.0214343295246,0.00023556470163559,"Sex, PC1-PC10, GRM (mixed model)"
"rs1218879",13,27004156,"Valine",691.816180001447,183.369380497418,0.000235735144008442,"Sex, PC1-PC10, GRM (mixed model)"
"rs11101506",10,49682645,"Taurocholate",139.092742608097,36.8715297380917,0.00023611290006281,"Sex, PC1-PC10, GRM (mixed model)"
"rs2073206",20,896280,"Pyridoxate",691.253674683336,183.260159839614,0.000236441345870037,"Sex, PC1-PC10, GRM (mixed model)"
"rs8083219",18,54823046,"Propionylcarnitine..C3.",541.700859197889,143.612978318383,0.000236467958224641,"Sex, PC1-PC10, GRM (mixed model)"
"rs2070171",2,68467214,"Linoleate..18.2.",524.257351020929,138.9966810994,0.000236660622482196,"Sex, PC1-PC10, GRM (mixed model)"
"rs2570037",17,63003236,"Palmitoylcarnitine..C16.",1051.30866799807,278.741838494906,0.000236750598798508,"Sex, PC1-PC10, GRM (mixed model)"
"rs4838643",10,49595295,"Isovalerylcarnitine..C5.",357.741640874156,94.8602022103288,0.000237070175795362,"Sex, PC1-PC10, GRM (mixed model)"
"rs7649792",3,67857697,"Hypoxanthine",546.083269336088,144.814951390509,0.000237370187811755,"Sex, PC1-PC10, GRM (mixed model)"
"rs10510721",3,41559677,"Paraxanthine",383.612113471954,101.731705964937,0.00023744139634194,"Sex, PC1-PC10, GRM (mixed model)"
"rs10422195",19,40415864,"Hypoxanthine",534.531482183573,141.75499009644,0.000237449300003664,"Sex, PC1-PC10, GRM (mixed model)"
"rs17200502",3,16866073,"Uridine",1370.76646489888,363.534564933486,0.000237578295892867,"Sex, PC1-PC10, GRM (mixed model)"
"rs10989904",9,104030215,"Pyridoxate",490.386883130761,130.053273517003,0.000237579829461795,"Sex, PC1-PC10, GRM (mixed model)"
"rs858984",6,27285340,"Taurocholate",149.060889884215,39.5410199969775,0.000238345190893964,"Sex, PC1-PC10, GRM (mixed model)"
"rs11033888",11,36945063,"Xanthine",622.197681682413,165.051592251142,0.000238399232101375,"Sex, PC1-PC10, GRM (mixed model)"
"rs7654002",4,68377368,"Phenylalanine",1144.5876458146,303.64195495185,0.000238560526925188,"Sex, PC1-PC10, GRM (mixed model)"
"rs17126228",8,18018469,"Leucine",813.642384810336,215.855062709072,0.000238680835087262,"Sex, PC1-PC10, GRM (mixed model)"
"rs10099194",8,132214222,"Caffeine",222.323629937003,58.9865293652055,0.000238971783792542,"Sex, PC1-PC10, GRM (mixed model)"
"rs10492653",13,72442066,"Glutamine",142.666997440771,37.853146311491,0.000239056708210608,"Sex, PC1-PC10, GRM (mixed model)"
"rs2304935",11,59858960,"Propionylcarnitine..C3.",562.151050201078,149.180012690285,0.000239655335093267,"Sex, PC1-PC10, GRM (mixed model)"
"rs4045481",4,1080625,"Glycochenodeoxycholate",-487.934903889583,129.489874510818,0.00023977885612012,"Sex, PC1-PC10, GRM (mixed model)"
"rs1012769",22,26306203,"Theobromine",800.95372478957,212.56417685367,0.000239844961050139,"Sex, PC1-PC10, GRM (mixed model)"
"rs16877914",8,31315927,"Hexanoylcarnitine..C6.",213.294927963356,56.609476942663,0.000240041749957116,"Sex, PC1-PC10, GRM (mixed model)"
"rs448573",3,1650252,"Tyrosine",128.863280020015,34.2014385645668,0.000240091630844755,"Sex, PC1-PC10, GRM (mixed model)"
"rs6047451",20,2146899,"Glutamate",654.834186910776,173.79997271079,0.00024011565103673,"Sex, PC1-PC10, GRM (mixed model)"
"rs6898965",5,53270465,"Palmitoylcarnitine..C16.",938.712060125015,249.151281913454,0.000240209475443553,"Sex, PC1-PC10, GRM (mixed model)"
"rs41442345",4,102899936,"Theobromine",511.09822392223,135.664099723462,0.000240435931614268,"Sex, PC1-PC10, GRM (mixed model)"
"rs7031702",9,24280018,"Caffeine",194.744766859021,51.6977681863014,0.000240781119721549,"Sex, PC1-PC10, GRM (mixed model)"
"rs10951331",7,32320899,"Phenylalanine",874.776441641341,232.221862838955,0.00024078132730729,"Sex, PC1-PC10, GRM (mixed model)"
"rs16901494",5,31766567,"Glutamate",566.369208029524,150.354389294374,0.000240860793604763,"Sex, PC1-PC10, GRM (mixed model)"
"rs5956023",23,117240442,"Glutamine",132.075693850122,35.0629783889748,0.000240932485000301,"Sex, PC1-PC10, GRM (mixed model)"
"rs6753841",2,34126101,"X1.palmitoyl.GPC..16.0.",112.229007798991,29.8032587638349,0.000241943946644401,"Sex, PC1-PC10, GRM (mixed model)"
"rs6011568",20,61160156,"Xanthine",1170.80124906334,310.926294254514,0.000242063404687876,"Sex, PC1-PC10, GRM (mixed model)"
"rs1562459",11,45593513,"X1.oleoyl.GPC..18.1.",189.42635672926,50.3098672749999,0.000242357554093536,"Sex, PC1-PC10, GRM (mixed model)"
"rs8031404",15,32424988,"Phenylalanine",1162.83612006979,308.860566558985,0.000242596099599869,"Sex, PC1-PC10, GRM (mixed model)"
"rs17291650",12,49499700,"Linoleate..18.2.",876.632459734772,232.88241786405,0.000243172199119272,"Sex, PC1-PC10, GRM (mixed model)"
"rs5968767",23,85140074,"Hypoxanthine",590.657265220773,156.927707273818,0.000243516924178547,"Sex, PC1-PC10, GRM (mixed model)"
"rs8005252",14,34895187,"Glutamine",160.649995628026,42.6825290042211,0.000243557978315464,"Sex, PC1-PC10, GRM (mixed model)"
"rs12214674",6,170663151,"Hippurate",251.063608987023,66.7149093258951,0.00024409377976815,"Sex, PC1-PC10, GRM (mixed model)"
"rs6633179",23,18946696,"Gulono.1.4.lactone",598.213878173259,158.973274246624,0.000244313160234937,"Sex, PC1-PC10, GRM (mixed model)"
"rs7214739",17,9006660,"Xanthine",539.724284480505,143.435323605905,0.000244440418220296,"Sex, PC1-PC10, GRM (mixed model)"
"rs12685856",9,123556411,"Oleate..18.1.",546.354794892582,145.220072090784,0.000244962668087475,"Sex, PC1-PC10, GRM (mixed model)"
"rs7182121",15,53658657,"Glutamine",153.670341752197,40.8525192841971,0.000245556781231218,"Sex, PC1-PC10, GRM (mixed model)"
"rs7792939",7,99045812,"Caffeine",254.757479218666,67.7271032016229,0.000245609154635253,"Sex, PC1-PC10, GRM (mixed model)"
"rs2423067",20,4765968,"Uridine",887.925252351149,236.058572740673,0.000245669592466352,"Sex, PC1-PC10, GRM (mixed model)"
"rs3829196",10,131452243,"Erythritol",872.2335477301,231.940583718786,0.000246448969692732,"Sex, PC1-PC10, GRM (mixed model)"
"rs734518",19,60524696,"Threonate",-183.673205097024,48.844447581294,0.000246646410115686,"Sex, PC1-PC10, GRM (mixed model)"
"rs6553184",4,189387650,"Erythritol",-390.992726639415,103.983003106548,0.000246834986953005,"Sex, PC1-PC10, GRM (mixed model)"
"rs708828",12,114738210,"X1.palmitoyl.GPC..16.0.",76.6836295913182,20.3953221999387,0.000247101079095064,"Sex, PC1-PC10, GRM (mixed model)"
"rs8021471",14,102556128,"Hexanoylcarnitine..C6.",167.167775323624,44.4656391382349,0.0002474439811354,"Sex, PC1-PC10, GRM (mixed model)"
"rs12610917",19,24164923,"Phenylalanine",1561.0555891457,415.265288752362,0.000247718858288397,"Sex, PC1-PC10, GRM (mixed model)"
"rs9487145",6,97341154,"Linoleate..18.2.",721.155045316273,191.859795329753,0.00024809373995297,"Sex, PC1-PC10, GRM (mixed model)"
"rs11260963",1,18436036,"Caffeine",138.914084114812,36.959314668759,0.000248267817287078,"Sex, PC1-PC10, GRM (mixed model)"
"rs716547",10,68424659,"Uridine",1225.05377898227,325.936404552977,0.000248268492499143,"Sex, PC1-PC10, GRM (mixed model)"
"rs4669286",2,8612388,"Uridine",1214.34617367456,323.105584522969,0.000248457839366141,"Sex, PC1-PC10, GRM (mixed model)"
"rs2306743",16,34649292,"Xanthine",926.527468398744,246.534817543481,0.000248598586493982,"Sex, PC1-PC10, GRM (mixed model)"
"rs2238273",14,71529011,"Phenylalanine",1148.20816429365,305.534849733396,0.000248756239815436,"Sex, PC1-PC10, GRM (mixed model)"
"rs4514014",8,118004229,"Uridine",1402.87032488068,373.318002192845,0.000248922757779735,"Sex, PC1-PC10, GRM (mixed model)"
"rs1465389",2,2142083,"Hexanoylcarnitine..C6.",180.35853155168,47.9975871403153,0.000249089602571799,"Sex, PC1-PC10, GRM (mixed model)"
"rs12230745",12,112877852,"Oleate..18.1.",674.458342172381,179.502482633015,0.000249345130989683,"Sex, PC1-PC10, GRM (mixed model)"
"rs4834733",4,120126850,"Leucine",-373.612652040664,99.4365946082874,0.00024941834455613,"Sex, PC1-PC10, GRM (mixed model)"
"rs518457",9,134376336,"Threonate",213.608870141863,56.8569611708907,0.000249729731821119,"Sex, PC1-PC10, GRM (mixed model)"
"rs10745752",12,95228585,"Isoleucine",109.427673879855,29.12810169433,0.00024989188715353,"Sex, PC1-PC10, GRM (mixed model)"
"rs2553014",2,173472638,"X1.linoleoyl.GPC..18.2.",104.621585242126,27.8489385271073,0.000249910230245279,"Sex, PC1-PC10, GRM (mixed model)"
"rs6862088",5,26358425,"Tyrosine",150.477340925531,40.0592094062729,0.000250255351771232,"Sex, PC1-PC10, GRM (mixed model)"
"rs7333854",13,26257496,"N.acetylglycine",336.382262522129,89.5528055715987,0.000250372095291475,"Sex, PC1-PC10, GRM (mixed model)"
"rs10733143",1,14262724,"Isoleucine",-85.5246542177023,22.769028985143,0.00025042775016728,"Sex, PC1-PC10, GRM (mixed model)"
"rs12540329",7,33879573,"Isoleucine",138.9246818979,36.9891692032173,0.000250758272880577,"Sex, PC1-PC10, GRM (mixed model)"
"rs643866",1,91398809,"Uridine",1219.31253425149,324.658218506372,0.000250885890793474,"Sex, PC1-PC10, GRM (mixed model)"
"rs17267453",13,92362008,"Glutamine",149.93585330622,39.9242650546325,0.000251044115354469,"Sex, PC1-PC10, GRM (mixed model)"
"rs17129232",14,93391080,"Phenylalanine",851.826473898822,226.843620345244,0.000251391288302107,"Sex, PC1-PC10, GRM (mixed model)"
"rs2324594",13,39790121,"Taurocholate",129.622381458847,34.5194564163671,0.000251458523910937,"Sex, PC1-PC10, GRM (mixed model)"
"rs1632799",11,115423511,"Leucine",666.150590586508,177.460157454306,0.000252601789563676,"Sex, PC1-PC10, GRM (mixed model)"
"rs16915130",11,88310071,"X1.linoleoyl.GPC..18.2.",58.4709160555473,15.5772787654828,0.000252786163310841,"Sex, PC1-PC10, GRM (mixed model)"
"rs16894545",6,163473738,"Paraxanthine",328.957069186693,87.6496051051055,0.000253254955287581,"Sex, PC1-PC10, GRM (mixed model)"
"rs7679804",4,7780604,"Isovalerylcarnitine..C5.",270.381805246195,72.0486668027977,0.000253555031507689,"Sex, PC1-PC10, GRM (mixed model)"
"rs4486516",10,23614656,"Valine",579.074948503735,154.310413055973,0.000253650264912421,"Sex, PC1-PC10, GRM (mixed model)"
"rs2907358",16,7757930,"Glutamine",133.046833025944,35.4544313601416,0.00025369424042631,"Sex, PC1-PC10, GRM (mixed model)"
"rs10513190",9,115033744,"Erythritol",722.56356782399,192.558286246868,0.000253854786069184,"Sex, PC1-PC10, GRM (mixed model)"
"rs12711736",2,112659541,"Valine",312.105756376885,83.1766924259431,0.000253964016840201,"Sex, PC1-PC10, GRM (mixed model)"
"rs2273697",10,101553805,"Erythritol",447.496723137256,119.259556674446,0.000253991605792482,"Sex, PC1-PC10, GRM (mixed model)"
"rs12454155",18,69844563,"Tyrosine",138.000493432411,36.7787581363568,0.000254095904003578,"Sex, PC1-PC10, GRM (mixed model)"
"rs17164377",7,129516580,"Linoleate..18.2.",738.340949282686,196.802236148529,0.000254547706741046,"Sex, PC1-PC10, GRM (mixed model)"
"rs1322307",9,10542932,"Glutamate",722.771856126087,192.671187353939,0.000254886848571671,"Sex, PC1-PC10, GRM (mixed model)"
"rs16946803",15,43752733,"Tyrosine",167.746535795268,44.7172533104386,0.000254934949747531,"Sex, PC1-PC10, GRM (mixed model)"
"rs10039039",5,169847542,"Erythritol",671.363141990307,178.998752618558,0.000255502529357889,"Sex, PC1-PC10, GRM (mixed model)"
"rs3807918",7,18581626,"Glycochenodeoxycholate",734.58629266115,195.861988065868,0.000255621291478862,"Sex, PC1-PC10, GRM (mixed model)"
"rs17019622",12,90736668,"Hexanoylcarnitine..C6.",223.624028873744,59.6252598295028,0.000255657171677879,"Sex, PC1-PC10, GRM (mixed model)"
"rs12736517",1,167294888,"Tyrosine",114.050153322137,30.4104619336053,0.000255779990129762,"Sex, PC1-PC10, GRM (mixed model)"
"rs7966049",12,127477299,"Oleate..18.1.",332.143527376183,88.5809073558585,0.000256479637672131,"Sex, PC1-PC10, GRM (mixed model)"
"rs17375075",5,23255274,"Paraxanthine",267.481355082996,71.3402057883614,0.000256692719214896,"Sex, PC1-PC10, GRM (mixed model)"
"rs41483149",4,156804916,"Glutamine",98.7643695873047,26.3419394815011,0.00025674585770912,"Sex, PC1-PC10, GRM (mixed model)"
"rs6526711",23,27698149,"Pyridoxate",542.692154877511,144.774091505644,0.00025746930259332,"Sex, PC1-PC10, GRM (mixed model)"
"rs10734372",11,26047324,"X1.linoleoyl.GPC..18.2.",81.3584367598569,21.7041648124057,0.000257494926174793,"Sex, PC1-PC10, GRM (mixed model)"
"rs7865343",9,83418413,"Palmitoylcarnitine..C16.",901.294661138065,240.450682339242,0.000257645983141196,"Sex, PC1-PC10, GRM (mixed model)"
"rs4027088",1,232391789,"Phenylalanine",1452.61691976982,387.54866199324,0.000257774489525426,"Sex, PC1-PC10, GRM (mixed model)"
"rs11590251",1,33808102,"Glycochenodeoxycholate",863.913970972525,230.517820829505,0.000258249890241224,"Sex, PC1-PC10, GRM (mixed model)"
"rs4346183",15,96702269,"Palmitoylcarnitine..C16.",555.197271743719,148.144740758956,0.000258289554469549,"Sex, PC1-PC10, GRM (mixed model)"
"rs16970597",15,77211005,"Gulono.1.4.lactone",739.211255983,197.247414286664,0.000258320536840786,"Sex, PC1-PC10, GRM (mixed model)"
"rs428786",16,64474981,"Theobromine",748.423107456073,199.725023425775,0.00025866470037221,"Sex, PC1-PC10, GRM (mixed model)"
"rs4335317",23,22829346,"Uridine",1237.77894943702,330.315912402287,0.000258673685990519,"Sex, PC1-PC10, GRM (mixed model)"
"rs17123221",10,109527138,"Threonate",268.351022716298,71.6147453254995,0.000258777261882382,"Sex, PC1-PC10, GRM (mixed model)"
"rs16958000",13,100370870,"Taurocholate",141.845317100794,37.8550227319639,0.000258852669494969,"Sex, PC1-PC10, GRM (mixed model)"
"rs4073625",3,118628997,"Propionylcarnitine..C3.",975.591613161168,260.36138246312,0.000258852685015102,"Sex, PC1-PC10, GRM (mixed model)"
"rs17670431",15,27510408,"Isoleucine",88.6875485250622,23.6710493976398,0.00025922832376246,"Sex, PC1-PC10, GRM (mixed model)"
"rs4384813",2,101726355,"Leucine",634.646167071648,169.396902373662,0.000259381969707152,"Sex, PC1-PC10, GRM (mixed model)"
"rs2035911",4,83334209,"Propionylcarnitine..C3.",479.278702606478,127.929584938101,0.000259455463070227,"Sex, PC1-PC10, GRM (mixed model)"
"rs10512942",5,8182836,"Leucine",461.427110618859,123.166238069104,0.000259501802568788,"Sex, PC1-PC10, GRM (mixed model)"
"rs13322091",3,152097290,"Phenylalanine",1142.11035182,304.89555255479,0.00025994411503329,"Sex, PC1-PC10, GRM (mixed model)"
"rs6132407",20,2119630,"Gulono.1.4.lactone",525.578293773924,140.308405110385,0.000259970501049618,"Sex, PC1-PC10, GRM (mixed model)"
"rs10974996",9,5182082,"Threonate",-238.13919067405,63.5759899749216,0.000260100530650067,"Sex, PC1-PC10, GRM (mixed model)"
"rs12060387",1,208886471,"Paraxanthine",347.495179317145,92.7839295555445,0.000260602933761379,"Sex, PC1-PC10, GRM (mixed model)"
"rs9689350",6,169328299,"Glutamine",92.0990966545589,24.5929453107661,0.000260857195647987,"Sex, PC1-PC10, GRM (mixed model)"
"rs4350155",1,73684008,"Theobromine",757.860055956004,202.372053970376,0.000260908964966255,"Sex, PC1-PC10, GRM (mixed model)"
"rs4652696",1,180537426,"Phenylalanine",1022.41626111705,273.072775093075,0.000261636766995002,"Sex, PC1-PC10, GRM (mixed model)"
"rs11593477",10,2748071,"Hypoxanthine",621.209683868846,165.938815390606,0.000262120414910212,"Sex, PC1-PC10, GRM (mixed model)"
"rs769773",3,3718714,"Isovalerylcarnitine..C5.",328.089614146174,87.6422872941922,0.0002622142058721,"Sex, PC1-PC10, GRM (mixed model)"
"rs4750609",10,15304694,"Threonate",182.928440486618,48.8733154866092,0.00026278278381394,"Sex, PC1-PC10, GRM (mixed model)"
"rs7838976",8,84991166,"Gulono.1.4.lactone",849.68982764631,227.034105163561,0.000263112151918013,"Sex, PC1-PC10, GRM (mixed model)"
"rs41408045",4,23326107,"Isovalerylcarnitine..C5.",327.880607496909,87.61109681407,0.000263216533375573,"Sex, PC1-PC10, GRM (mixed model)"
"rs7762076",6,105451529,"Hexanoylcarnitine..C6.",114.939679573369,30.7135764500883,0.000263356462859915,"Sex, PC1-PC10, GRM (mixed model)"
"rs10510814",3,59511037,"Phenylalanine",1364.42979679037,364.658720821285,0.00026397375716836,"Sex, PC1-PC10, GRM (mixed model)"
"rs542548",8,12952445,"Erythritol",499.939295045259,133.618602159279,0.000264091115527381,"Sex, PC1-PC10, GRM (mixed model)"
"rs7446237",5,107895457,"Gulono.1.4.lactone",525.362964414415,140.414907020895,0.000264125011417552,"Sex, PC1-PC10, GRM (mixed model)"
"rs17107397",10,82367266,"Phenylalanine",1205.2499153657,322.146744016047,0.000264313620388412,"Sex, PC1-PC10, GRM (mixed model)"
"rs2106913",7,111527889,"Phenylalanine",804.124088348351,214.939279070192,0.00026444627516714,"Sex, PC1-PC10, GRM (mixed model)"
"rs4937409",11,128661740,"Hypoxanthine",711.546682648842,190.196498182552,0.000264499112800151,"Sex, PC1-PC10, GRM (mixed model)"
"rs11782155",8,96193162,"Hippurate",288.282451825683,77.065770803674,0.000264864137568313,"Sex, PC1-PC10, GRM (mixed model)"
"rs17610391",2,220838742,"Phenylalanine",1210.17357366856,323.521916617102,0.00026496928252753,"Sex, PC1-PC10, GRM (mixed model)"
"rs2419052",1,68156922,"Linoleate..18.2.",546.205150186141,146.025735518751,0.000265114552417696,"Sex, PC1-PC10, GRM (mixed model)"
"rs12660889",6,57271185,"X1.linoleoyl.GPC..18.2.",89.0586870488118,23.8129671776878,0.000265641096931493,"Sex, PC1-PC10, GRM (mixed model)"
"rs1326016",20,54147878,"Gulono.1.4.lactone",618.282326481515,165.325732845762,0.000265776982983245,"Sex, PC1-PC10, GRM (mixed model)"
"rs1860357",12,3912795,"Hexanoylcarnitine..C6.",165.750387534843,44.3276290288721,0.00026632719817729,"Sex, PC1-PC10, GRM (mixed model)"
"rs1797020",23,93003043,"Palmitoylcarnitine..C16.",669.160037630802,179.002766938799,0.000267240218790435,"Sex, PC1-PC10, GRM (mixed model)"
"rs17314172",5,93192921,"X1.oleoyl.GPC..18.1.",208.99044478646,55.9098161234668,0.000267505883063572,"Sex, PC1-PC10, GRM (mixed model)"
"rs2682982",3,60520403,"Erythritol",840.528322307253,224.955795118866,0.000269036700535629,"Sex, PC1-PC10, GRM (mixed model)"
"rs16921065",8,57872054,"Isovalerylcarnitine..C5.",418.739714163489,112.076564815147,0.000269253110758231,"Sex, PC1-PC10, GRM (mixed model)"
"rs2050623",6,65301730,"N.acetylglycine",-210.600314277115,56.3718530924216,0.000269526823462648,"Sex, PC1-PC10, GRM (mixed model)"
"rs2012962",4,32975430,"Caffeine",160.151183034909,42.8693141769391,0.000269636653816166,"Sex, PC1-PC10, GRM (mixed model)"
"rs6603251",23,240580,"N.acetylglycine",176.220075131147,47.1801513044094,0.000270372454271621,"Sex, PC1-PC10, GRM (mixed model)"
"rs2271037",4,47374842,"Propionylcarnitine..C3.",529.237719460848,141.699064602353,0.000270475504957383,"Sex, PC1-PC10, GRM (mixed model)"
"rs7080908",10,130226934,"Paraxanthine",333.085523625223,89.1816305352315,0.000270504595040959,"Sex, PC1-PC10, GRM (mixed model)"
"rs1316468",2,130363482,"Hippurate",152.199233105969,40.7640381583553,0.000271728143686092,"Sex, PC1-PC10, GRM (mixed model)"
"rs2388427",5,20591244,"Glycochenodeoxycholate",494.673968694948,132.492674071809,0.000271796368661421,"Sex, PC1-PC10, GRM (mixed model)"
"rs17414154",14,32106408,"Gulono.1.4.lactone",458.559248018592,122.826569434613,0.000271999761277352,"Sex, PC1-PC10, GRM (mixed model)"
"rs12517115",5,4573220,"Valine",380.962395077449,102.043904543566,0.000272068220761103,"Sex, PC1-PC10, GRM (mixed model)"
"rs42676",2,8016956,"Tyrosine",123.184357251537,32.9960460123291,0.000272079889258106,"Sex, PC1-PC10, GRM (mixed model)"
"rs10793360",11,78481706,"Palmitoylcarnitine..C16.",543.671254023025,145.628126187442,0.000272101477707115,"Sex, PC1-PC10, GRM (mixed model)"
"rs2029795",8,15318148,"X1.oleoyl.GPC..18.1.",122.495258471052,32.8186038603707,0.000272880207235204,"Sex, PC1-PC10, GRM (mixed model)"
"rs11072031",15,66545560,"Glycochenodeoxycholate",811.552803405789,217.429828764463,0.000272893083697525,"Sex, PC1-PC10, GRM (mixed model)"
"rs8073749",17,52630528,"Pyridoxate",409.208038649236,109.646923549712,0.000273317048436465,"Sex, PC1-PC10, GRM (mixed model)"
"rs3781708",11,34461235,"Xanthine",811.011121429038,217.318054461434,0.000273458951804278,"Sex, PC1-PC10, GRM (mixed model)"
"rs7750964",6,166529378,"Phenylalanine",1000.64243254786,268.157611666274,0.000273817854728511,"Sex, PC1-PC10, GRM (mixed model)"
"rs17076276",5,173052344,"Paraxanthine",340.52054747348,91.26862581286,0.000274388105882903,"Sex, PC1-PC10, GRM (mixed model)"
"rs41460547",15,78320848,"Leucine",408.457468578874,109.492953251137,0.00027490957676175,"Sex, PC1-PC10, GRM (mixed model)"
"rs4822622",22,24086163,"X1.oleoyl.GPC..18.1.",174.907748622005,46.8939739576441,0.000275496221161356,"Sex, PC1-PC10, GRM (mixed model)"
"rs3132278",9,136500061,"X1.linoleoyl.GPC..18.2.",55.778870606802,14.9569040502904,0.000276044057653468,"Sex, PC1-PC10, GRM (mixed model)"
"rs215700",7,32365691,"Glycochenodeoxycholate",652.60888365088,175.02374176872,0.000276661412530623,"Sex, PC1-PC10, GRM (mixed model)"
"rs7715820",5,26728518,"Erythritol",501.200448327525,134.440247317593,0.000277296117337618,"Sex, PC1-PC10, GRM (mixed model)"
"rs11923681",3,62124475,"Oleate..18.1.",510.616462502876,136.972383683368,0.000277471187126847,"Sex, PC1-PC10, GRM (mixed model)"
"rs10748424",12,44156585,"X1.linoleoyl.GPC..18.2.",-38.4165180501971,10.3055665186321,0.000277606069728057,"Sex, PC1-PC10, GRM (mixed model)"
"rs41342147",2,242056261,"Paraxanthine",286.470735836112,76.8521279305535,0.000277793478588677,"Sex, PC1-PC10, GRM (mixed model)"
"rs10905833",10,10898742,"Uridine",1726.27553032523,463.141520381886,0.000278034505110799,"Sex, PC1-PC10, GRM (mixed model)"
"rs9598511",13,33519920,"Glutamate",486.103325176282,130.440830699211,0.000278736685624602,"Sex, PC1-PC10, GRM (mixed model)"
"rs7470",12,26278710,"Gulono.1.4.lactone",594.293220594813,159.491548969408,0.00027918571953888,"Sex, PC1-PC10, GRM (mixed model)"
"rs10815440",9,651057,"Oleate..18.1.",424.141609658434,113.841790859834,0.000279652741172556,"Sex, PC1-PC10, GRM (mixed model)"
"rs894290",15,86625685,"Leucine",428.291917771957,114.974273689944,0.000280259466689076,"Sex, PC1-PC10, GRM (mixed model)"
"rs12510249",4,131316882,"Theobromine",703.089088941492,188.75690878729,0.000280534794239968,"Sex, PC1-PC10, GRM (mixed model)"
"rs11108454",12,95207304,"Hypoxanthine",618.776594785672,166.123132477696,0.000280567251111883,"Sex, PC1-PC10, GRM (mixed model)"
"rs5931086",23,136074652,"Glycochenodeoxycholate",507.132117910001,136.168556456738,0.000281084540799307,"Sex, PC1-PC10, GRM (mixed model)"
"rs7424620",2,235081722,"X1.oleoyl.GPC..18.1.",123.383496535855,33.1329417370707,0.000281495654695677,"Sex, PC1-PC10, GRM (mixed model)"
"rs9398645",6,121990050,"Pyridoxate",535.35833130416,143.773435246332,0.000281767317214134,"Sex, PC1-PC10, GRM (mixed model)"
"rs17191965",16,6527305,"Hexanoylcarnitine..C6.",205.546197163205,55.2057071761034,0.000282120281324567,"Sex, PC1-PC10, GRM (mixed model)"
"rs11221442",11,128082834,"Caffeine",153.960264853185,41.3648017132436,0.000283413049388843,"Sex, PC1-PC10, GRM (mixed model)"
"rs7704706",5,12672289,"Theobromine",528.834602399868,142.083048327199,0.000283413969049139,"Sex, PC1-PC10, GRM (mixed model)"
"rs13142266",4,47324527,"Paraxanthine",288.910772220346,77.6289350702853,0.000283742791439898,"Sex, PC1-PC10, GRM (mixed model)"
"rs6988485",8,21390198,"Valine",453.246773519551,121.803181858154,0.000284305049184885,"Sex, PC1-PC10, GRM (mixed model)"
"rs10795992",10,6407734,"Oleate..18.1.",289.583127930124,77.8241420613456,0.000284456053232071,"Sex, PC1-PC10, GRM (mixed model)"
"rs7672344",4,32266991,"Glutamine",67.4504586766342,18.1277042156461,0.000284603938569783,"Sex, PC1-PC10, GRM (mixed model)"
"rs17381249",6,163444806,"Glutamine",122.526055660835,32.9371889292523,0.000285486536936174,"Sex, PC1-PC10, GRM (mixed model)"
"rs41415444",4,28331227,"Palmitoylcarnitine..C16.",847.712195214393,227.882552389874,0.000285526822906107,"Sex, PC1-PC10, GRM (mixed model)"
"rs3774529",3,53712201,"Tyrosine",189.847907141142,51.0352583902185,0.0002855432336382,"Sex, PC1-PC10, GRM (mixed model)"
"rs12138385",1,177186649,"Glycochenodeoxycholate",1150.08844467267,309.203077066265,0.000285967601141742,"Sex, PC1-PC10, GRM (mixed model)"
"rs331693",5,124861121,"Glycochenodeoxycholate",678.329828310097,182.379472853389,0.00028616622172087,"Sex, PC1-PC10, GRM (mixed model)"
"rs7550262",1,228315362,"Theobromine",-428.090954628478,115.101229148742,0.000286244633656608,"Sex, PC1-PC10, GRM (mixed model)"
"rs1397706",2,160437251,"Hexanoylcarnitine..C6.",272.408923397362,73.2432559465031,0.000286265877494671,"Sex, PC1-PC10, GRM (mixed model)"
"rs11232103",11,79770063,"X1.palmitoyl.GPC..16.0.",68.9856308412832,18.5506465411398,0.000286744623205894,"Sex, PC1-PC10, GRM (mixed model)"
"rs1436085",1,76738206,"Gulono.1.4.lactone",430.006796833717,115.638519921134,0.000286981994130279,"Sex, PC1-PC10, GRM (mixed model)"
"rs16974887",18,10545012,"Valine",453.356500762471,121.926478858642,0.000287256667843318,"Sex, PC1-PC10, GRM (mixed model)"
"rs10803620",2,235095463,"Propionylcarnitine..C3.",557.962152441715,150.059667892899,0.000287266031089381,"Sex, PC1-PC10, GRM (mixed model)"
"rs6446386",4,5729590,"Xanthine",471.424613937265,126.821241011488,0.000288336650267612,"Sex, PC1-PC10, GRM (mixed model)"
"rs2833537",21,32135333,"Isoleucine",119.60140081594,32.1760723291749,0.000288488131771767,"Sex, PC1-PC10, GRM (mixed model)"
"rs13437391",6,8669507,"Gulono.1.4.lactone",717.070322099339,192.920216346266,0.000288659367992617,"Sex, PC1-PC10, GRM (mixed model)"
"rs12738365",1,8932293,"X1.linoleoyl.GPC..18.2.",38.192187546293,10.2752903809427,0.000288691238691726,"Sex, PC1-PC10, GRM (mixed model)"
"rs2834268",21,34121750,"Phenylalanine",1001.50910016669,269.520444218324,0.000289737349958038,"Sex, PC1-PC10, GRM (mixed model)"
"rs4242074",5,17704795,"X1.linoleoyl.GPC..18.2.",72.5146152422704,19.5149188594704,0.000289776574686699,"Sex, PC1-PC10, GRM (mixed model)"
"rs3805238",4,144551983,"Isoleucine",97.5871291776192,26.2713290385169,0.000291104659906587,"Sex, PC1-PC10, GRM (mixed model)"
"rs8124834",20,16320815,"Hexanoylcarnitine..C6.",254.320922026754,68.4807342320059,0.000291974561044582,"Sex, PC1-PC10, GRM (mixed model)"
"rs2033481",19,19478134,"Pyridoxate",604.175485824066,162.690224377262,0.000292082894247212,"Sex, PC1-PC10, GRM (mixed model)"
"rs17700761",3,98570457,"Propionylcarnitine..C3.",1041.56020131323,280.474235168238,0.000292175039460122,"Sex, PC1-PC10, GRM (mixed model)"
"rs10068883",5,127359513,"Threonate",180.152020666342,48.51468775672,0.000292404737221422,"Sex, PC1-PC10, GRM (mixed model)"
"rs17165330",7,88382990,"Valine",425.199691028657,114.519311070777,0.000292870639561818,"Sex, PC1-PC10, GRM (mixed model)"
"rs4768766",12,45616046,"Glycochenodeoxycholate",1108.58794345139,298.580294181398,0.000292917587671675,"Sex, PC1-PC10, GRM (mixed model)"
"rs16962783",18,28025972,"Isovalerylcarnitine..C5.",480.208931717529,129.337985895463,0.000292961524260361,"Sex, PC1-PC10, GRM (mixed model)"
"rs17038654",2,34410103,"Xanthine",940.593573637649,253.337317424119,0.000292973256172057,"Sex, PC1-PC10, GRM (mixed model)"
"rs3752199",19,9128319,"X1.oleoyl.GPC..18.1.",179.806799730027,48.4301677924355,0.000293087893001442,"Sex, PC1-PC10, GRM (mixed model)"
"rs4946900",6,108522085,"Phenylalanine",854.87205155959,230.256458203013,0.000293095465082929,"Sex, PC1-PC10, GRM (mixed model)"
"rs1397233",3,163366468,"Glutamate",602.966242330852,162.410590305447,0.0002931915714085,"Sex, PC1-PC10, GRM (mixed model)"
"rs7599379",2,204920563,"Oleate..18.1.",295.48469515181,79.5928624915438,0.000293352209797245,"Sex, PC1-PC10, GRM (mixed model)"
"rs1366584",5,154742056,"X1.oleoyl.GPC..18.1.",91.1902062948843,24.5663061539571,0.000293827074347828,"Sex, PC1-PC10, GRM (mixed model)"
"rs2574764",19,61226336,"Oleate..18.1.",300.553513354505,80.9687106737101,0.000293861027151187,"Sex, PC1-PC10, GRM (mixed model)"
"rs887081",17,30102223,"Caffeine",176.424768479475,47.5308559683754,0.000294048038921005,"Sex, PC1-PC10, GRM (mixed model)"
"rs608881",1,111532424,"Glycochenodeoxycholate",604.726181267948,162.926709204446,0.000294205903304752,"Sex, PC1-PC10, GRM (mixed model)"
"rs7879713",23,86645097,"Erythritol",552.996092047808,148.998854221873,0.000294453714088445,"Sex, PC1-PC10, GRM (mixed model)"
"rs7713523",5,97274082,"Uridine",1116.63483887975,300.889203988495,0.000294767132423954,"Sex, PC1-PC10, GRM (mixed model)"
"rs6657383",1,31937646,"Glutamate",-380.871967430041,102.638157769143,0.000295079408545753,"Sex, PC1-PC10, GRM (mixed model)"
"rs9311665",3,58015066,"Propionylcarnitine..C3.",1139.37570854362,307.117818262607,0.000296063467329147,"Sex, PC1-PC10, GRM (mixed model)"
"rs9572197",13,69069426,"Hexanoylcarnitine..C6.",202.678950818102,54.6328536935719,0.00029612886443742,"Sex, PC1-PC10, GRM (mixed model)"
"rs2219402",17,69565362,"Isovalerylcarnitine..C5.",289.833307041775,78.1267559256624,0.000296185891666572,"Sex, PC1-PC10, GRM (mixed model)"
"rs17842735",16,20437818,"Hippurate",299.346851324059,80.6919218756534,0.00029622111014179,"Sex, PC1-PC10, GRM (mixed model)"
"rs17735434",5,134995289,"Hexanoylcarnitine..C6.",131.503692927533,35.448681993406,0.000296282872064858,"Sex, PC1-PC10, GRM (mixed model)"
"rs17247373",2,2114316,"Paraxanthine",451.053901194421,121.592372974536,0.000296426396540544,"Sex, PC1-PC10, GRM (mixed model)"
"rs1357068",3,36566875,"Hypoxanthine",795.78066437144,214.543111061145,0.000296821361376889,"Sex, PC1-PC10, GRM (mixed model)"
"rs16894475",5,65199525,"Erythritol",462.842580822602,124.800750126517,0.000297394069013417,"Sex, PC1-PC10, GRM (mixed model)"
"rs545735",3,29093778,"Tyrosine",130.174811670303,35.1026173656592,0.000297656116912178,"Sex, PC1-PC10, GRM (mixed model)"
"rs11232580",11,80686003,"X1.palmitoyl.GPC..16.0.",80.5571223444484,21.7243471587243,0.000297932973556342,"Sex, PC1-PC10, GRM (mixed model)"
"rs11221971",11,129488552,"Glutamine",139.255773259929,37.554257115682,0.000297962054834063,"Sex, PC1-PC10, GRM (mixed model)"
"rs9315002",13,29745480,"Pyridoxate",365.175319370548,98.4805740280662,0.000297991244445305,"Sex, PC1-PC10, GRM (mixed model)"
"rs17497040",4,37603373,"Propionylcarnitine..C3.",989.511821415256,266.867142171709,0.000298219946190883,"Sex, PC1-PC10, GRM (mixed model)"
"rs345364",4,86972816,"Isovalerylcarnitine..C5.",336.115522114698,90.6491134363094,0.000298227956055351,"Sex, PC1-PC10, GRM (mixed model)"
"rs3091400",22,49405984,"Valine",316.014374608222,85.2356752989761,0.000298590843863155,"Sex, PC1-PC10, GRM (mixed model)"
"rs10811323",9,20149175,"Glycochenodeoxycholate",562.174710114367,151.630839194887,0.000298606124213192,"Sex, PC1-PC10, GRM (mixed model)"
"rs17123221",10,109527138,"Linoleate..18.2.",672.314991666002,181.358602647896,0.000299057180171167,"Sex, PC1-PC10, GRM (mixed model)"
"rs2189480",12,46550095,"Isoleucine",94.1340117525851,25.3932729516415,0.000299119176076956,"Sex, PC1-PC10, GRM (mixed model)"
"rs16946140",18,24923158,"Xanthine",772.85217476101,208.495532080569,0.0002993784399466,"Sex, PC1-PC10, GRM (mixed model)"
"rs17525479",4,169089786,"Xanthine",694.767459561674,187.467878766668,0.000300180061164204,"Sex, PC1-PC10, GRM (mixed model)"
"rs1215468",13,79605430,"Paraxanthine",267.003135082506,72.0501943559832,0.000300469586864444,"Sex, PC1-PC10, GRM (mixed model)"
"rs1020146",2,153862593,"Glycochenodeoxycholate",611.835331287435,165.107708115384,0.000300598759688876,"Sex, PC1-PC10, GRM (mixed model)"
"rs3792558",3,46878098,"Taurocholate",80.6771217028431,21.7713493601308,0.000300618643219397,"Sex, PC1-PC10, GRM (mixed model)"
"rs929551",2,37768434,"Isovalerylcarnitine..C5.",292.895969956929,79.0452293835797,0.000300870824770127,"Sex, PC1-PC10, GRM (mixed model)"
"rs7262035",20,1345898,"Phenylalanine",1454.66941463309,392.615629564832,0.000301249755179851,"Sex, PC1-PC10, GRM (mixed model)"
"rs3936031",3,127267685,"Propionylcarnitine..C3.",1047.54465037599,282.771399797428,0.000301801784476471,"Sex, PC1-PC10, GRM (mixed model)"
"rs7871241",9,130691025,"Isovalerylcarnitine..C5.",301.346953389266,81.3455191106587,0.000301837821487709,"Sex, PC1-PC10, GRM (mixed model)"
"rs17000257",22,47817672,"X1.palmitoyl.GPC..16.0.",121.977934645609,32.9269428087293,0.000301868420823345,"Sex, PC1-PC10, GRM (mixed model)"
"rs7628779",3,24614606,"Glycochenodeoxycholate",996.899813906788,269.106284360499,0.000301888714972983,"Sex, PC1-PC10, GRM (mixed model)"
"rs5972057",23,36511098,"Pyridoxate",346.848337547872,93.6305761598196,0.000301942011791684,"Sex, PC1-PC10, GRM (mixed model)"
"rs6455800",6,162472361,"Theobromine",733.027878696236,197.900555623262,0.000302391066624466,"Sex, PC1-PC10, GRM (mixed model)"
"rs6665259",1,117395810,"Hippurate",253.959991479454,68.5639077756308,0.000302425730815419,"Sex, PC1-PC10, GRM (mixed model)"
"rs11007552",10,19229919,"Uridine",1316.3590730983,355.442399222625,0.000303025545937692,"Sex, PC1-PC10, GRM (mixed model)"
"rs9699051",23,66904482,"Uridine",1245.50766580268,336.34344438851,0.000303413287836722,"Sex, PC1-PC10, GRM (mixed model)"
"rs11188325",10,97207066,"Hexanoylcarnitine..C6.",223.987996681061,60.4896850167372,0.000303599539939198,"Sex, PC1-PC10, GRM (mixed model)"
"rs6988935",8,75374629,"Threonate",201.969470472077,54.5521524227526,0.000304247859282684,"Sex, PC1-PC10, GRM (mixed model)"
"rs919537",2,79682437,"N.acetylglycine",184.414916136975,49.8109664463436,0.000304273585611165,"Sex, PC1-PC10, GRM (mixed model)"
"rs430432",17,26989426,"Leucine",524.63517803561,141.713709292036,0.000304511810679449,"Sex, PC1-PC10, GRM (mixed model)"
"rs6654821",23,6505282,"Glycochenodeoxycholate",649.306068660542,175.393847409464,0.000304609207330053,"Sex, PC1-PC10, GRM (mixed model)"
"rs13075154",3,64764151,"Tyrosine",175.938462012454,47.5304228087898,0.000305038822850791,"Sex, PC1-PC10, GRM (mixed model)"
"rs16842073",1,157642668,"X1.oleoyl.GPC..18.1.",155.456293872517,42.0197773479041,0.000307237927547409,"Sex, PC1-PC10, GRM (mixed model)"
"rs13439849",8,4036897,"Theobromine",828.539495448105,223.982275165536,0.000307755583948611,"Sex, PC1-PC10, GRM (mixed model)"
"rs3731646",2,235614741,"Glycochenodeoxycholate",677.913280380589,183.278410354547,0.000308101724069583,"Sex, PC1-PC10, GRM (mixed model)"
"rs6940128",6,40320698,"Paraxanthine",419.270201757128,113.359718241074,0.000308361970163899,"Sex, PC1-PC10, GRM (mixed model)"
"rs2729626",12,26120086,"Propionylcarnitine..C3.",674.237444057194,182.327179949384,0.000309058844148934,"Sex, PC1-PC10, GRM (mixed model)"
"rs13127473",4,106142180,"Uridine",1044.55800635548,282.470765179281,0.000309081505022734,"Sex, PC1-PC10, GRM (mixed model)"
"rs2604296",11,113764863,"Erythritol",388.729906829251,105.138362010426,0.00030976578817007,"Sex, PC1-PC10, GRM (mixed model)"
"rs9397029",6,151270585,"Uridine",1165.03244869228,315.132633805759,0.000310164854284511,"Sex, PC1-PC10, GRM (mixed model)"
"rs516445",13,22637644,"Gulono.1.4.lactone",321.044172158306,86.8455240810871,0.00031042376272342,"Sex, PC1-PC10, GRM (mixed model)"
"rs7786118",7,31105673,"Caffeine",206.574126698636,55.8865225930687,0.00031088444534025,"Sex, PC1-PC10, GRM (mixed model)"
"rs2171302",10,3805292,"Xanthine",797.387851018267,215.769944423233,0.00031174232736972,"Sex, PC1-PC10, GRM (mixed model)"
"rs17120076",8,14594595,"N.acetylglycine",341.188547780937,92.3369931555303,0.000312313791680275,"Sex, PC1-PC10, GRM (mixed model)"
"rs9316514",13,50483391,"Erythritol",641.387586561259,173.602163485336,0.000312822652805851,"Sex, PC1-PC10, GRM (mixed model)"
"rs34783763",1,43530349,"Paraxanthine",293.778608268995,79.5201901731709,0.000313039190023976,"Sex, PC1-PC10, GRM (mixed model)"
"rs10099092",8,92447958,"Oleate..18.1.",659.430539137383,178.497468587764,0.000313094300323443,"Sex, PC1-PC10, GRM (mixed model)"
"rs6128226",20,55964644,"Uridine",1595.34418685952,431.887769973632,0.000313606244749126,"Sex, PC1-PC10, GRM (mixed model)"
"rs17104747",11,105310316,"Paraxanthine",494.138682230597,133.774947461842,0.000313696492847096,"Sex, PC1-PC10, GRM (mixed model)"
"rs16938768",8,49858045,"Paraxanthine",392.429254147398,106.2592237387,0.000314457022353611,"Sex, PC1-PC10, GRM (mixed model)"
"rs16858887",3,147978992,"Oleate..18.1.",410.78835797766,111.23259706266,0.000314540398182055,"Sex, PC1-PC10, GRM (mixed model)"
"rs6789532",3,29724864,"Glycochenodeoxycholate",1326.55565805672,359.216633972542,0.000314703745316712,"Sex, PC1-PC10, GRM (mixed model)"
"rs1434214",2,79412530,"Glycochenodeoxycholate",800.252164755997,216.723025252178,0.000315157659879348,"Sex, PC1-PC10, GRM (mixed model)"
"rs2847443",21,13517135,"Uridine",1597.88280759329,432.755764652047,0.000315347537124416,"Sex, PC1-PC10, GRM (mixed model)"
"rs6917182",6,106432723,"Gulono.1.4.lactone",596.261032409051,161.487515334676,0.000315391671309997,"Sex, PC1-PC10, GRM (mixed model)"
"rs1158809",9,120849439,"Xanthine",671.883898049319,181.976836756442,0.000315577942304191,"Sex, PC1-PC10, GRM (mixed model)"
"rs16861578",1,18320077,"Caffeine",199.320917597169,53.9871578800984,0.0003157292028626,"Sex, PC1-PC10, GRM (mixed model)"
"rs10841930",12,22105053,"Valine",486.075366968998,131.65856905035,0.000315805593082056,"Sex, PC1-PC10, GRM (mixed model)"
"rs4902673",14,68462781,"Taurocholate",155.061871088541,42.0037462300155,0.000316166898903325,"Sex, PC1-PC10, GRM (mixed model)"
"rs13374798",1,85115071,"Hippurate",224.730043474992,60.8758302599719,0.000316174187064473,"Sex, PC1-PC10, GRM (mixed model)"
"rs2968097",5,12251381,"Propionylcarnitine..C3.",644.108089604116,174.493794680875,0.000316535705905704,"Sex, PC1-PC10, GRM (mixed model)"
"rs6911299",6,96804847,"Gulono.1.4.lactone",320.357259048669,86.7876627735573,0.000316556845370166,"Sex, PC1-PC10, GRM (mixed model)"
"rs912725",6,133312463,"Paraxanthine",473.889037273386,128.382475020197,0.000316611469792436,"Sex, PC1-PC10, GRM (mixed model)"
"rs2186438",21,24792561,"Hypoxanthine",666.535588002198,180.575509256548,0.000316673495411673,"Sex, PC1-PC10, GRM (mixed model)"
"rs11032377",11,33755989,"X1.linoleoyl.GPC..18.2.",59.2154324914949,16.0487939848967,0.000318338061294244,"Sex, PC1-PC10, GRM (mixed model)"
"rs2192669",2,102617986,"Paraxanthine",345.559471015011,93.660038831629,0.000318571296964115,"Sex, PC1-PC10, GRM (mixed model)"
"rs17064700",18,54108272,"Linoleate..18.2.",977.971493234847,265.090348419489,0.000318922716843543,"Sex, PC1-PC10, GRM (mixed model)"
"rs5939127",23,2370741,"Hippurate",274.363704427253,74.3695990476345,0.000318933033957984,"Sex, PC1-PC10, GRM (mixed model)"
"rs7307744",12,130574342,"Hypoxanthine",553.782494149812,150.117467578892,0.00031915875441247,"Sex, PC1-PC10, GRM (mixed model)"
"rs357271",5,38912330,"Isovalerylcarnitine..C5.",400.923717992126,108.681940885334,0.000319194047176753,"Sex, PC1-PC10, GRM (mixed model)"
"rs4823872",22,45484522,"Leucine",470.650645035845,127.588896640935,0.000319374814368734,"Sex, PC1-PC10, GRM (mixed model)"
"rs7019643",9,36905243,"Paraxanthine",288.819213331901,78.2966445228024,0.000319402501423843,"Sex, PC1-PC10, GRM (mixed model)"
"rs11052584",12,33318968,"Propionylcarnitine..C3.",862.742185762066,233.885132334032,0.00031944639306044,"Sex, PC1-PC10, GRM (mixed model)"
"rs11705932",3,143301540,"Glutamine",98.5308391450897,26.711361105662,0.000319468344403712,"Sex, PC1-PC10, GRM (mixed model)"
"rs744366",17,47732156,"Glutamine",152.980144464922,41.4780884876421,0.000320050970307264,"Sex, PC1-PC10, GRM (mixed model)"
"rs16864539",2,223744839,"Glycochenodeoxycholate",1067.79810019951,289.524971104179,0.000320179792894232,"Sex, PC1-PC10, GRM (mixed model)"
"rs787898",9,134360871,"Glycochenodeoxycholate",1055.13503058439,286.106331084087,0.000320399635267428,"Sex, PC1-PC10, GRM (mixed model)"
"rs385225",5,94601083,"Hexanoylcarnitine..C6.",112.769976710695,30.5786012466607,0.000320445473180295,"Sex, PC1-PC10, GRM (mixed model)"
"rs9938233",16,85389080,"X1.oleoyl.GPC..18.1.",179.388249432427,48.651364734825,0.000321196592382423,"Sex, PC1-PC10, GRM (mixed model)"
"rs8359",17,75982646,"Hippurate",244.501367455702,66.3135102663054,0.000321389131152788,"Sex, PC1-PC10, GRM (mixed model)"
"rs1206842",15,39909909,"Taurocholate",121.714338921117,33.014084026079,0.000321749082465422,"Sex, PC1-PC10, GRM (mixed model)"
"rs4416004",16,58441032,"Taurocholate",78.1890680787185,21.2107115469202,0.000322255543153142,"Sex, PC1-PC10, GRM (mixed model)"
"rs6718202",2,6809163,"Erythritol",678.43564179995,184.045925426301,0.000322337421434977,"Sex, PC1-PC10, GRM (mixed model)"
"rs13228828",7,5439633,"Taurocholate",146.685678736295,39.7957261320551,0.000322643182802592,"Sex, PC1-PC10, GRM (mixed model)"
"rs6935462",6,144554694,"N.acetylglycine",330.624219796533,89.7066140953538,0.000323046592942445,"Sex, PC1-PC10, GRM (mixed model)"
"rs2612828",13,71408705,"Isovalerylcarnitine..C5.",353.060940720604,95.8021710955815,0.00032339925306522,"Sex, PC1-PC10, GRM (mixed model)"
"rs10140983",14,93427956,"Glutamate",849.423818925062,230.518623476431,0.000323949454606309,"Sex, PC1-PC10, GRM (mixed model)"
"rs1946539",2,43210526,"Propionylcarnitine..C3.",523.778508911604,142.145816592938,0.000323996980946566,"Sex, PC1-PC10, GRM (mixed model)"
"rs2103613",20,37129934,"Tyrosine",156.012801945098,42.3406624932806,0.000324105393477538,"Sex, PC1-PC10, GRM (mixed model)"
"rs4076124",7,142765004,"Erythritol",729.742588869274,198.088969976434,0.000325024717568136,"Sex, PC1-PC10, GRM (mixed model)"
"rs6420571",23,3386304,"Valine",319.160956423794,86.6367785648724,0.000325043849718985,"Sex, PC1-PC10, GRM (mixed model)"
"rs9788969",16,87339751,"Hexanoylcarnitine..C6.",-112.872874626944,30.6412747523694,0.000325287969844416,"Sex, PC1-PC10, GRM (mixed model)"
"rs11875554",18,11444833,"Oleate..18.1.",562.567457356536,152.730430392054,0.000325621479595987,"Sex, PC1-PC10, GRM (mixed model)"
"rs6649728",23,143219175,"Hypoxanthine",558.502606447392,151.687766688022,0.000327350663091625,"Sex, PC1-PC10, GRM (mixed model)"
"rs11843987",13,113292270,"Taurocholate",170.293470318766,46.2572150492945,0.000327908977493445,"Sex, PC1-PC10, GRM (mixed model)"
"rs16880576",7,42345173,"Leucine",725.17046523031,196.980680017906,0.000327929265435955,"Sex, PC1-PC10, GRM (mixed model)"
"rs6808403",3,148964070,"Uridine",867.372893041054,235.613196902435,0.000328031228315659,"Sex, PC1-PC10, GRM (mixed model)"
"rs17125793",1,102177049,"Threonate",360.633814524053,97.9667824808951,0.000328216796683357,"Sex, PC1-PC10, GRM (mixed model)"
"rs1320589",1,238783135,"Hippurate",-276.273153781991,75.0555572809462,0.000328533405950648,"Sex, PC1-PC10, GRM (mixed model)"
"rs7085729",10,13809953,"Isoleucine",102.161801630302,27.7560340279114,0.000328779742829334,"Sex, PC1-PC10, GRM (mixed model)"
"rs10091938",8,127723574,"Isovalerylcarnitine..C5.",400.999392218548,108.956031168969,0.00032916596096397,"Sex, PC1-PC10, GRM (mixed model)"
"rs1023405",21,27423116,"X1.linoleoyl.GPC..18.2.",76.2440623452585,20.7183350312547,0.000329578268824671,"Sex, PC1-PC10, GRM (mixed model)"
"rs1503976",4,21321148,"Palmitoylcarnitine..C16.",568.841584466887,154.577346115445,0.000329635114387087,"Sex, PC1-PC10, GRM (mixed model)"
"rs12546480",8,15291341,"Glycochenodeoxycholate",814.515562038877,221.365013840612,0.000330186339642175,"Sex, PC1-PC10, GRM (mixed model)"
"rs9645351",1,111696393,"Xanthine",701.799816978321,190.740916528307,0.00033039686497126,"Sex, PC1-PC10, GRM (mixed model)"
"rs787361",4,67587190,"Hypoxanthine",-358.970355213868,97.5759658037662,0.000330934870452332,"Sex, PC1-PC10, GRM (mixed model)"
"rs11173546",12,38461138,"Leucine",667.207434646869,181.365534971971,0.000331031308584552,"Sex, PC1-PC10, GRM (mixed model)"
"rs2510387",11,68202478,"Glutamate",547.436740331357,148.813042853799,0.000331163522163531,"Sex, PC1-PC10, GRM (mixed model)"
"rs391008",23,44467651,"Glutamate",647.976069878995,176.155152057979,0.000331458054967463,"Sex, PC1-PC10, GRM (mixed model)"
"rs2854986",10,73263971,"X1.oleoyl.GPC..18.1.",169.227990301507,46.0058064602512,0.000331498938728202,"Sex, PC1-PC10, GRM (mixed model)"
"rs17024707",2,100747155,"Linoleate..18.2.",919.944700606699,250.122574457373,0.000332008898523807,"Sex, PC1-PC10, GRM (mixed model)"
"rs3808368",8,32622618,"Propionylcarnitine..C3.",1096.18524325684,298.061519880765,0.000332318846810937,"Sex, PC1-PC10, GRM (mixed model)"
"rs7620843",3,31112634,"X1.linoleoyl.GPC..18.2.",39.851620478516,10.8361693145341,0.000332397764456362,"Sex, PC1-PC10, GRM (mixed model)"
"rs17302408",5,14336073,"Glycochenodeoxycholate",831.107937052815,225.991307399574,0.000332443174456398,"Sex, PC1-PC10, GRM (mixed model)"
"rs3815015",23,9872486,"Pyridoxate",405.765075973515,110.336028909128,0.000332527593870036,"Sex, PC1-PC10, GRM (mixed model)"
"rs10853589",18,45775158,"Tyrosine",209.476229205574,56.9638735414039,0.00033275013951829,"Sex, PC1-PC10, GRM (mixed model)"
"rs16995076",4,38743337,"X1.palmitoyl.GPC..16.0.",133.420501640835,36.2899988426354,0.000333755743563902,"Sex, PC1-PC10, GRM (mixed model)"
"rs1726211",23,3200297,"Propionylcarnitine..C3.",575.844055245,156.634870422076,0.000333949651530951,"Sex, PC1-PC10, GRM (mixed model)"
"rs12476641",2,78231655,"Paraxanthine",361.972772584228,98.4665744197614,0.000334246686110838,"Sex, PC1-PC10, GRM (mixed model)"
"rs12752405",1,114536301,"Oleate..18.1.",398.534007140369,108.413080639592,0.000334280839160397,"Sex, PC1-PC10, GRM (mixed model)"
"rs17810635",17,9905657,"Tyrosine",145.571971377968,39.6019761375539,0.00033451162831085,"Sex, PC1-PC10, GRM (mixed model)"
"rs9627225",22,46811960,"Propionylcarnitine..C3.",791.325835181182,215.278873925436,0.000334582264084884,"Sex, PC1-PC10, GRM (mixed model)"
"rs17649077",15,91387300,"Leucine",740.210478838753,201.407798926735,0.000335342586335235,"Sex, PC1-PC10, GRM (mixed model)"
"rs942462",13,42319683,"X1.palmitoyl.GPC..16.0.",60.452670753078,16.4489670394497,0.000335363733809988,"Sex, PC1-PC10, GRM (mixed model)"
"rs2779252",17,23155497,"Xanthine",915.385699229788,249.085460210978,0.000335578123173011,"Sex, PC1-PC10, GRM (mixed model)"
"rs8065132",17,40017625,"Glutamine",156.165069047936,42.4962420455319,0.000335805427928351,"Sex, PC1-PC10, GRM (mixed model)"
"rs9536486",13,32600869,"Glutamine",102.374071605293,27.8612480631971,0.000336252407470525,"Sex, PC1-PC10, GRM (mixed model)"
"rs17065995",13,44120314,"Taurocholate",147.314764819787,40.0954724050419,0.000336643949749009,"Sex, PC1-PC10, GRM (mixed model)"
"rs16994534",20,8167584,"Propionylcarnitine..C3.",606.569537526382,165.107013254229,0.000337009386549063,"Sex, PC1-PC10, GRM (mixed model)"
"rs17311504",23,69204912,"Hexanoylcarnitine..C6.",201.400485709496,54.823033034131,0.000337189033964906,"Sex, PC1-PC10, GRM (mixed model)"
"rs4625965",2,41932562,"Erythritol",444.900699858988,121.113612692077,0.000337467793771378,"Sex, PC1-PC10, GRM (mixed model)"
"rs10158781",1,81550570,"Erythritol",613.720762516677,167.075936981046,0.000337602727276559,"Sex, PC1-PC10, GRM (mixed model)"
"rs17171532",7,39090951,"Glutamate",570.339391632448,155.283877773453,0.00033811259387786,"Sex, PC1-PC10, GRM (mixed model)"
"rs10503267",8,4476960,"Uridine",1083.385122067,295.003738069321,0.000338640958682803,"Sex, PC1-PC10, GRM (mixed model)"
"rs10096747",8,96665308,"Hypoxanthine",605.654520271175,164.933138857447,0.000339033300060003,"Sex, PC1-PC10, GRM (mixed model)"
"rs4398055",15,59405071,"Theobromine",553.300732576049,150.680618842265,0.0003391684620964,"Sex, PC1-PC10, GRM (mixed model)"
"rs4516662",4,140040290,"Gulono.1.4.lactone",361.216633816676,98.3706008396019,0.000339183150481158,"Sex, PC1-PC10, GRM (mixed model)"
"rs10489211",1,166579696,"Xanthine",609.742661595043,166.076401973893,0.00033983729175128,"Sex, PC1-PC10, GRM (mixed model)"
"rs9472201",6,44128388,"Xanthine",782.747028144212,213.203145778025,0.000339948565769901,"Sex, PC1-PC10, GRM (mixed model)"
"rs7832477",8,9208381,"Gulono.1.4.lactone",407.195430687763,110.929792872254,0.000340700325594452,"Sex, PC1-PC10, GRM (mixed model)"
"rs965854",7,146028272,"Uridine",1615.71446720835,440.159673851766,0.000340703736080629,"Sex, PC1-PC10, GRM (mixed model)"
"rs11017212",10,132036345,"Pyridoxate",560.029833942442,152.572642435303,0.000340908228953955,"Sex, PC1-PC10, GRM (mixed model)"
"rs10080736",6,25355792,"Hexanoylcarnitine..C6.",142.469259060552,38.814949150868,0.000341035416231232,"Sex, PC1-PC10, GRM (mixed model)"
"rs6062102",20,60176853,"Hippurate",323.056883484875,88.0346150851279,0.000342031724629964,"Sex, PC1-PC10, GRM (mixed model)"
"rs11638002",15,65129033,"Glutamate",611.059087081916,166.524771190089,0.000342250351881797,"Sex, PC1-PC10, GRM (mixed model)"
"rs17630700",13,40307515,"Glutamine",120.245392222273,32.7699846375628,0.000342375953322176,"Sex, PC1-PC10, GRM (mixed model)"
"rs10400566",12,68753879,"X1.oleoyl.GPC..18.1.",93.6325946029978,25.5187308971395,0.000342626325359146,"Sex, PC1-PC10, GRM (mixed model)"
"rs7566253",2,174597740,"Xanthine",824.411650292116,224.686164528105,0.000342628354163417,"Sex, PC1-PC10, GRM (mixed model)"
"rs10803874",2,173085630,"Hypoxanthine",698.950488471629,190.502378334641,0.000342853632969085,"Sex, PC1-PC10, GRM (mixed model)"
"rs7627424",3,38823987,"Tyrosine",194.593262545096,53.0416112007464,0.000343215099233395,"Sex, PC1-PC10, GRM (mixed model)"
"rs2682836",14,36425923,"Pyridoxate",543.718220625397,148.220625525265,0.00034369018473095,"Sex, PC1-PC10, GRM (mixed model)"
"rs9807009",16,17133351,"Hexanoylcarnitine..C6.",246.242245881398,67.1275412155126,0.000343725663605339,"Sex, PC1-PC10, GRM (mixed model)"
"rs9291747",5,61430690,"X1.palmitoyl.GPC..16.0.",69.7726782214481,19.0205900762313,0.000343729976417957,"Sex, PC1-PC10, GRM (mixed model)"
"rs10942119",5,25485932,"X1.oleoyl.GPC..18.1.",144.171999023799,39.3030519344353,0.000343800110858393,"Sex, PC1-PC10, GRM (mixed model)"
"rs526246",12,24372239,"Oleate..18.1.",529.987927422895,144.48189315559,0.000343821805378089,"Sex, PC1-PC10, GRM (mixed model)"
"rs10513868",18,3487714,"Xanthine",726.494236753416,198.082774397037,0.000344518290278864,"Sex, PC1-PC10, GRM (mixed model)"
"rs9919159",1,119928513,"Gulono.1.4.lactone",397.364126736731,108.348577344377,0.000344726353100792,"Sex, PC1-PC10, GRM (mixed model)"
"rs39881",5,134407210,"Hippurate",174.114185255341,47.4755947905562,0.000344744062937809,"Sex, PC1-PC10, GRM (mixed model)"
"rs1676235",14,76088319,"Hypoxanthine",518.269890888793,141.327995809319,0.000345118110367943,"Sex, PC1-PC10, GRM (mixed model)"
"rs17312220",23,24188887,"Glutamine",137.314326863645,37.4448843973743,0.000345164115692756,"Sex, PC1-PC10, GRM (mixed model)"
"rs1017939",11,7300338,"Isovalerylcarnitine..C5.",401.087664215348,109.378086870151,0.000345313759278686,"Sex, PC1-PC10, GRM (mixed model)"
"rs7208804",17,8756793,"X1.oleoyl.GPC..18.1.",141.23950065835,38.517770536553,0.000345459027083526,"Sex, PC1-PC10, GRM (mixed model)"
"rs12659559",5,71173531,"Linoleate..18.2.",495.678988504496,135.178327098886,0.000345475582845251,"Sex, PC1-PC10, GRM (mixed model)"
"rs16861569",1,160621130,"Hippurate",305.331139591474,83.2695696721803,0.000345565832902653,"Sex, PC1-PC10, GRM (mixed model)"
"rs437545",16,24118877,"Oleate..18.1.",548.645006715098,149.639458986925,0.000345977310438361,"Sex, PC1-PC10, GRM (mixed model)"
"rs7839419",8,104245562,"Hypoxanthine",536.150946470566,146.23266703826,0.000346004691942523,"Sex, PC1-PC10, GRM (mixed model)"
"rs4585697",7,50583334,"Propionylcarnitine..C3.",796.615094687712,217.278332117807,0.000346114879018862,"Sex, PC1-PC10, GRM (mixed model)"
"rs11806983",1,154661105,"Isovalerylcarnitine..C5.",413.326555283153,112.752237610953,0.000346782825937297,"Sex, PC1-PC10, GRM (mixed model)"
"rs331386",5,91038184,"Leucine",727.070029359823,198.342632575899,0.000346866115019214,"Sex, PC1-PC10, GRM (mixed model)"
"rs6966547",7,41541216,"X1.oleoyl.GPC..18.1.",189.648238971889,51.742727763605,0.000347500795056247,"Sex, PC1-PC10, GRM (mixed model)"
"rs7735621",5,171799840,"Xanthine",767.021018674944,209.279600152633,0.000347701067648659,"Sex, PC1-PC10, GRM (mixed model)"
"rs17153296",7,79501925,"Xanthine",998.065146356343,272.339130733906,0.000348031394370273,"Sex, PC1-PC10, GRM (mixed model)"
"rs2097276",3,46435798,"Taurocholate",80.7330948537175,22.0302270414565,0.000348201399119648,"Sex, PC1-PC10, GRM (mixed model)"
"rs4745559",9,78346812,"Leucine",450.737168067212,123.004261301735,0.000348509976270943,"Sex, PC1-PC10, GRM (mixed model)"
"rs17732285",8,92908156,"Linoleate..18.2.",859.780276102304,234.636037549656,0.000348619689555499,"Sex, PC1-PC10, GRM (mixed model)"
"rs10502277",11,123390191,"Glycochenodeoxycholate",774.408048430631,211.343648402728,0.000348746780429333,"Sex, PC1-PC10, GRM (mixed model)"
"rs4562370",8,90704907,"Glycochenodeoxycholate",682.663909768503,186.336184679941,0.000349492138111596,"Sex, PC1-PC10, GRM (mixed model)"
"rs11017212",10,132036345,"Isovalerylcarnitine..C5.",374.627391986272,102.256620936612,0.000349509532561056,"Sex, PC1-PC10, GRM (mixed model)"
"rs17115411",21,43042060,"Uridine",1246.58563770941,340.276384483127,0.000349696665200265,"Sex, PC1-PC10, GRM (mixed model)"
"rs16874145",6,13530141,"Hexanoylcarnitine..C6.",145.54811504509,39.7325698437109,0.000350016565763284,"Sex, PC1-PC10, GRM (mixed model)"
"rs9503329",6,2839607,"Glutamate",737.519289726089,201.336610467633,0.000350114537811651,"Sex, PC1-PC10, GRM (mixed model)"
"rs10749719",1,60231040,"Xanthine",936.647698599291,255.797215258163,0.000351911628421243,"Sex, PC1-PC10, GRM (mixed model)"
"rs8002097",13,60906598,"Leucine",388.866347101608,106.210021068397,0.000352394463719629,"Sex, PC1-PC10, GRM (mixed model)"
"rs9824249",3,136402192,"Leucine",353.983393704526,96.7023039702121,0.000353336507160685,"Sex, PC1-PC10, GRM (mixed model)"
"rs7213918",17,14353357,"Isoleucine",102.867491502008,28.1017136791846,0.000353344179261785,"Sex, PC1-PC10, GRM (mixed model)"
"rs10514764",3,121365821,"Isoleucine",143.831389275495,39.2927954442575,0.000353393006241807,"Sex, PC1-PC10, GRM (mixed model)"
"rs773643",12,54861455,"Xanthine",1150.25389946464,314.234277021479,0.000353399277739959,"Sex, PC1-PC10, GRM (mixed model)"
"rs12075867",1,3127816,"Xanthine",965.483570800247,263.764401295811,0.000353520933488899,"Sex, PC1-PC10, GRM (mixed model)"
"rs2444891",8,99085899,"Glutamine",116.855838828147,31.9254510192563,0.000353683872576961,"Sex, PC1-PC10, GRM (mixed model)"
"rs4894088",2,179877259,"Pyridoxate",718.083017209292,196.232612773512,0.000354853874792705,"Sex, PC1-PC10, GRM (mixed model)"
"rs11075994",16,52407580,"Propionylcarnitine..C3.",632.230219686871,172.782433755659,0.000355150410699685,"Sex, PC1-PC10, GRM (mixed model)"
"rs9408754",9,9311951,"X1.linoleoyl.GPC..18.2.",39.5796021532296,10.8171173827785,0.000355318811095784,"Sex, PC1-PC10, GRM (mixed model)"
"rs12504284",4,126355372,"Leucine",377.561349229898,103.192414295499,0.000355533667639201,"Sex, PC1-PC10, GRM (mixed model)"
"rs897200",2,191726016,"Isovalerylcarnitine..C5.",245.161357345501,67.0068000237718,0.000355604334291451,"Sex, PC1-PC10, GRM (mixed model)"
"rs7562271",2,102668769,"Uridine",1592.63315997108,435.337576019945,0.000356069615366919,"Sex, PC1-PC10, GRM (mixed model)"
"rs17048253",2,114701762,"X1.linoleoyl.GPC..18.2.",53.1674069518465,14.5333696970383,0.000356181265766719,"Sex, PC1-PC10, GRM (mixed model)"
"rs10483284",14,23471589,"Hypoxanthine",688.029926516755,188.084126792584,0.000356437765744217,"Sex, PC1-PC10, GRM (mixed model)"
"rs2963296",5,175864376,"Threonate",244.476851109276,66.8388836201682,0.000356937080270057,"Sex, PC1-PC10, GRM (mixed model)"
"rs8090316",18,67193012,"Tyrosine",97.7482003820632,26.7246507779917,0.000357063794949121,"Sex, PC1-PC10, GRM (mixed model)"
"rs1643407",2,2068126,"Caffeine",256.115472739463,70.0233475866093,0.000357104359441087,"Sex, PC1-PC10, GRM (mixed model)"
"rs16972342",15,78862853,"Leucine",733.877089860395,200.670279468061,0.000357669364837849,"Sex, PC1-PC10, GRM (mixed model)"
"rs4613858",6,3232680,"X1.linoleoyl.GPC..18.2.",38.3952326627126,10.4988110346229,0.000357702535030577,"Sex, PC1-PC10, GRM (mixed model)"
"rs4677062",3,72063128,"Tyrosine",134.920718298051,36.8955463276064,0.000358051412841752,"Sex, PC1-PC10, GRM (mixed model)"
"rs4666194",2,29373589,"Tyrosine",155.384559279232,42.4920889691132,0.000358104287024845,"Sex, PC1-PC10, GRM (mixed model)"
"rs4073625",3,118628997,"Hypoxanthine",764.068510300586,208.945369589434,0.000358106737585606,"Sex, PC1-PC10, GRM (mixed model)"
"rs4730197",7,106234136,"Linoleate..18.2.",619.890318661989,169.530975055858,0.000358469625871658,"Sex, PC1-PC10, GRM (mixed model)"
"rs10161305",12,113875781,"Threonate",382.112598066249,104.509088125047,0.000358776210604585,"Sex, PC1-PC10, GRM (mixed model)"
"rs930344",18,52865842,"Caffeine",-148.306931307754,40.5656788864448,0.00035914875146278,"Sex, PC1-PC10, GRM (mixed model)"
"rs4631023",4,8152695,"Isovalerylcarnitine..C5.",423.882513688937,115.946067582483,0.000359291221622363,"Sex, PC1-PC10, GRM (mixed model)"
"rs17082799",5,92344239,"Oleate..18.1.",645.959599610387,176.693611877124,0.000359344774448741,"Sex, PC1-PC10, GRM (mixed model)"
"rs9917107",19,56306273,"Oleate..18.1.",409.557779114686,112.033526701346,0.000359531662253667,"Sex, PC1-PC10, GRM (mixed model)"
"rs10910440",1,232671725,"Pyridoxate",563.083531566885,154.056149610926,0.00036032370427172,"Sex, PC1-PC10, GRM (mixed model)"
"rs16874998",5,5248742,"Hexanoylcarnitine..C6.",130.180676013259,35.6172920732051,0.000360411887562599,"Sex, PC1-PC10, GRM (mixed model)"
"rs17271500",15,60215901,"Palmitoylcarnitine..C16.",676.697320150984,185.178684612651,0.000361300651826585,"Sex, PC1-PC10, GRM (mixed model)"
"rs374435",5,34675005,"Oleate..18.1.",543.183439506415,148.646706185937,0.000361433120871723,"Sex, PC1-PC10, GRM (mixed model)"
"rs10015273",4,99643514,"Glycochenodeoxycholate",826.198534820847,226.11357420309,0.00036179555834976,"Sex, PC1-PC10, GRM (mixed model)"
"rs17375748",1,158276775,"X1.oleoyl.GPC..18.1.",156.05053062153,42.708442592562,0.000361863545140956,"Sex, PC1-PC10, GRM (mixed model)"
"rs12466463",2,36805374,"Glutamine",71.0172543060549,19.4395782187786,0.000362671885885273,"Sex, PC1-PC10, GRM (mixed model)"
"rs6037013",20,24988884,"Threonate",280.308089698726,76.7290400434248,0.000362684627127955,"Sex, PC1-PC10, GRM (mixed model)"
"rs2130589",6,124242849,"Propionylcarnitine..C3.",499.937791971108,136.860455982048,0.00036309640172934,"Sex, PC1-PC10, GRM (mixed model)"
"rs1870162",10,87981078,"Glutamate",667.184563369073,182.646375899787,0.000363129626756021,"Sex, PC1-PC10, GRM (mixed model)"
"rs7339127",13,32366532,"Isoleucine",193.460394276021,52.9667462955772,0.000363631942042149,"Sex, PC1-PC10, GRM (mixed model)"
"rs12636816",3,73907588,"Pyridoxate",421.263084531979,115.341283311824,0.000363851406536287,"Sex, PC1-PC10, GRM (mixed model)"
"rs10073440",5,83698401,"Pyridoxate",347.472574769668,95.1470431948833,0.000364324389306833,"Sex, PC1-PC10, GRM (mixed model)"
"rs10504684",8,79976173,"N.acetylglycine",-217.860816140699,59.6566522753421,0.000364378799771604,"Sex, PC1-PC10, GRM (mixed model)"
"rs9942541",6,39232660,"X1.oleoyl.GPC..18.1.",204.854712083267,56.0962194544722,0.000364464801398909,"Sex, PC1-PC10, GRM (mixed model)"
"rs16967040",18,31548814,"Hippurate",281.105099386288,76.9772925253516,0.000364533245829091,"Sex, PC1-PC10, GRM (mixed model)"
"rs3936759",18,50216429,"Erythritol",530.335368400385,145.237989237172,0.000364923319086782,"Sex, PC1-PC10, GRM (mixed model)"
"rs11748579",5,175073852,"X1.linoleoyl.GPC..18.2.",73.3858354753183,20.0984301558246,0.000365144650427453,"Sex, PC1-PC10, GRM (mixed model)"
"rs3898982",8,17905246,"Glutamine",131.187772812609,35.9301729269588,0.000365320137505561,"Sex, PC1-PC10, GRM (mixed model)"
"rs17601608",13,28965933,"Glutamate",505.187512988138,138.370515805325,0.000365593600716199,"Sex, PC1-PC10, GRM (mixed model)"
"rs8013398",14,61068145,"N.acetylglycine",274.943378418919,75.3132976811885,0.000366003475794559,"Sex, PC1-PC10, GRM (mixed model)"
"rs8031404",15,32424988,"Hippurate",250.637668016612,68.6597760657311,0.000366306291225285,"Sex, PC1-PC10, GRM (mixed model)"
"rs17478611",5,166088144,"Erythritol",496.284206160049,135.95298424016,0.000366330939947321,"Sex, PC1-PC10, GRM (mixed model)"
"rs7502703",17,23361830,"Taurocholate",100.11820919994,27.4271829650568,0.000366438795864195,"Sex, PC1-PC10, GRM (mixed model)"
"rs351572",8,16065839,"Pyridoxate",331.324177610333,90.7778700388083,0.000367083084446888,"Sex, PC1-PC10, GRM (mixed model)"
"rs2290519",8,121313247,"Valine",-286.957902777177,78.6245564974015,0.000367227583134808,"Sex, PC1-PC10, GRM (mixed model)"
"rs6852972",4,157201527,"Theobromine",463.815935667443,127.08608405427,0.000367362832555658,"Sex, PC1-PC10, GRM (mixed model)"
"rs12176148",6,80435790,"Glutamine",133.526564050097,36.5876673954773,0.000367524544381294,"Sex, PC1-PC10, GRM (mixed model)"
"rs2976809",3,126934429,"Isovalerylcarnitine..C5.",513.542408099944,140.716290605877,0.000367535714078086,"Sex, PC1-PC10, GRM (mixed model)"
"rs7920751",10,122710164,"Linoleate..18.2.",840.209392416293,230.236573663806,0.000367741470534092,"Sex, PC1-PC10, GRM (mixed model)"
"rs6109526",20,1271192,"Valine",281.493651678914,77.1363075329566,0.000367779509080182,"Sex, PC1-PC10, GRM (mixed model)"
"rs11205401",1,247044698,"Linoleate..18.2.",455.525822903246,124.833425171451,0.000368083627586309,"Sex, PC1-PC10, GRM (mixed model)"
"rs16870442",6,10603222,"Linoleate..18.2.",918.550633536272,251.770157539336,0.000369000939397555,"Sex, PC1-PC10, GRM (mixed model)"
"rs6834019",4,184054653,"Tyrosine",172.450250261171,47.2757817041666,0.000369814960311958,"Sex, PC1-PC10, GRM (mixed model)"
"rs41363349",11,78175169,"Leucine",447.848648588168,122.774604732659,0.00036984133582013,"Sex, PC1-PC10, GRM (mixed model)"
"rs163166",11,2781804,"Erythritol",493.205348685311,135.219926153639,0.000370235356739455,"Sex, PC1-PC10, GRM (mixed model)"
"rs11952928",5,75567159,"Threonate",361.815426065119,99.1990748705799,0.00037031971528179,"Sex, PC1-PC10, GRM (mixed model)"
"rs17131904",7,47887313,"X1.oleoyl.GPC..18.1.",105.770192176248,29.0016035849914,0.000370742256866419,"Sex, PC1-PC10, GRM (mixed model)"
"rs7513022",1,239568815,"Leucine",859.504020408544,235.678873321322,0.000370897565042578,"Sex, PC1-PC10, GRM (mixed model)"
"rs2436964",8,103719111,"Linoleate..18.2.",715.064322132939,196.104838766573,0.000371678813335584,"Sex, PC1-PC10, GRM (mixed model)"
"rs7831946",8,11793008,"Glutamate",454.127104582629,124.554040198438,0.000372091813273207,"Sex, PC1-PC10, GRM (mixed model)"
"rs4972856",2,173353445,"Propionylcarnitine..C3.",1080.34605060619,296.402664937173,0.000373636700833872,"Sex, PC1-PC10, GRM (mixed model)"
"rs1872883",7,3046419,"Isovalerylcarnitine..C5.",373.004432726216,102.349485094116,0.000374221892684752,"Sex, PC1-PC10, GRM (mixed model)"
"rs7016886",8,31268655,"Hypoxanthine",-345.301843925896,94.7502417167131,0.000374330864567461,"Sex, PC1-PC10, GRM (mixed model)"
"rs4399974",4,22783339,"Xanthine",629.047893754724,172.62588208696,0.000374786362679047,"Sex, PC1-PC10, GRM (mixed model)"
"rs3826785",19,10088149,"Palmitoylcarnitine..C16.",735.115112674616,201.756035221887,0.000375334294010252,"Sex, PC1-PC10, GRM (mixed model)"
"rs17701478",9,25343053,"Hexanoylcarnitine..C6.",187.27010790333,51.3976443999383,0.000375374264405223,"Sex, PC1-PC10, GRM (mixed model)"
"rs13268900",8,18137019,"Isovalerylcarnitine..C5.",498.38478647235,136.785856438314,0.00037539287562936,"Sex, PC1-PC10, GRM (mixed model)"
"rs6587332",1,227589165,"Glutamate",348.189310299548,95.5644931677651,0.000375445601440437,"Sex, PC1-PC10, GRM (mixed model)"
"rs6955723",7,129789703,"X1.oleoyl.GPC..18.1.",101.591214865138,27.8830191883876,0.000375473778831555,"Sex, PC1-PC10, GRM (mixed model)"
"rs11177680",12,68136525,"Pyridoxate",624.081220756877,171.28973688587,0.000375547501932818,"Sex, PC1-PC10, GRM (mixed model)"
"rs9306125",21,45639383,"Gulono.1.4.lactone",435.331674024351,119.498225735794,0.000376118564894768,"Sex, PC1-PC10, GRM (mixed model)"
"rs8124502",20,19179132,"X1.palmitoyl.GPC..16.0.",93.0861014607064,25.5529013052889,0.000376277653707834,"Sex, PC1-PC10, GRM (mixed model)"
"rs12308292",12,96653524,"X1.linoleoyl.GPC..18.2.",36.8675004745174,10.1209011378558,0.000376503316601474,"Sex, PC1-PC10, GRM (mixed model)"
"rs10426347",19,58604054,"Hypoxanthine",436.05510182846,119.710723660362,0.000376685120248752,"Sex, PC1-PC10, GRM (mixed model)"
"rs4811936",20,55879082,"Valine",629.806460735615,172.90190768315,0.000376696230154384,"Sex, PC1-PC10, GRM (mixed model)"
"rs1546836",8,39740721,"Isoleucine",154.020947515136,42.2840277007117,0.000376739845002864,"Sex, PC1-PC10, GRM (mixed model)"
"rs10505542",8,130616435,"Tyrosine",126.828294103243,34.824914020616,0.000377609210797333,"Sex, PC1-PC10, GRM (mixed model)"
"rs4112793",6,102185383,"Isovalerylcarnitine..C5.",319.588719653552,87.7565483779767,0.00037776889469204,"Sex, PC1-PC10, GRM (mixed model)"
"rs4906019",14,100357784,"Hypoxanthine",728.737842201087,200.115602416685,0.000378011372245975,"Sex, PC1-PC10, GRM (mixed model)"
"rs12122247",1,210250311,"Linoleate..18.2.",758.982427035362,208.422268500823,0.000378042564245031,"Sex, PC1-PC10, GRM (mixed model)"
"rs470801",8,102624236,"Caffeine",142.502296139031,39.1440144015175,0.000379521634103111,"Sex, PC1-PC10, GRM (mixed model)"
"rs16955991",17,6479398,"Valine",552.219053303437,151.694775298447,0.000379699495959148,"Sex, PC1-PC10, GRM (mixed model)"
"rs17107925",14,69710144,"Propionylcarnitine..C3.",793.797214320462,218.091033780079,0.000380480323073471,"Sex, PC1-PC10, GRM (mixed model)"
"rs12828023",12,130038106,"Propionylcarnitine..C3.",848.368497104876,233.086799481538,0.000380535875799685,"Sex, PC1-PC10, GRM (mixed model)"
"rs1377197",9,21673805,"Linoleate..18.2.",758.91888889527,208.532489068917,0.000381048379569785,"Sex, PC1-PC10, GRM (mixed model)"
"rs13092361",3,147147943,"Palmitoylcarnitine..C16.",722.453486905855,198.54179506359,0.000381771211715496,"Sex, PC1-PC10, GRM (mixed model)"
"rs12607971",18,63771915,"Hypoxanthine",844.966178808597,232.218099616372,0.000381938084892657,"Sex, PC1-PC10, GRM (mixed model)"
"rs11122812",2,121208115,"Xanthine",694.805291119708,190.954386910462,0.00038204925854838,"Sex, PC1-PC10, GRM (mixed model)"
"rs3745566",19,6641966,"Hexanoylcarnitine..C6.",155.131081803088,42.6390813608174,0.000382532530438698,"Sex, PC1-PC10, GRM (mixed model)"
"rs4373502",8,134384423,"Linoleate..18.2.",418.657698317386,115.071787042113,0.000382541153061912,"Sex, PC1-PC10, GRM (mixed model)"
"rs13092094",3,21565886,"Isoleucine",157.750324829579,43.3595912990958,0.000382599661998,"Sex, PC1-PC10, GRM (mixed model)"
"rs17158668",7,83609448,"Linoleate..18.2.",549.10845342448,150.935487397705,0.000382808131468708,"Sex, PC1-PC10, GRM (mixed model)"
"rs2325138",6,89355309,"Hexanoylcarnitine..C6.",254.573353741791,69.9758965010809,0.000382834266123563,"Sex, PC1-PC10, GRM (mixed model)"
"rs759428",2,36786547,"Gulono.1.4.lactone",551.658370609605,151.638746619171,0.000382884899003012,"Sex, PC1-PC10, GRM (mixed model)"
"rs7907116",10,125626053,"Erythritol",836.976186513858,230.093479691958,0.000383468749482392,"Sex, PC1-PC10, GRM (mixed model)"
"rs12549460",8,41062994,"X1.linoleoyl.GPC..18.2.",64.2584833632267,17.6660040220254,0.000383658573337992,"Sex, PC1-PC10, GRM (mixed model)"
"rs12478760",2,178893297,"X1.linoleoyl.GPC..18.2.",49.9319977206854,13.7278650740725,0.000383843484820005,"Sex, PC1-PC10, GRM (mixed model)"
"rs6953295",7,122595153,"Hexanoylcarnitine..C6.",128.062133646129,35.2135758777182,0.000384589750799044,"Sex, PC1-PC10, GRM (mixed model)"
"rs10488187",7,42124070,"Erythritol",617.525708813509,169.808397426703,0.000384758109456947,"Sex, PC1-PC10, GRM (mixed model)"
"rs17116135",15,23578981,"Palmitoylcarnitine..C16.",898.773577613766,247.148328917016,0.000384795408601748,"Sex, PC1-PC10, GRM (mixed model)"
"rs1946539",2,43210526,"Isoleucine",-94.5744229353303,26.0066515478834,0.00038483380205651,"Sex, PC1-PC10, GRM (mixed model)"
"rs12911136",15,67688041,"Hexanoylcarnitine..C6.",137.132906477254,37.7102823163294,0.000384918041045609,"Sex, PC1-PC10, GRM (mixed model)"
"rs1808374",5,170186559,"Glutamate",655.667331238345,180.349655481336,0.000386220325655231,"Sex, PC1-PC10, GRM (mixed model)"
"rs4937496",11,129560043,"Oleate..18.1.",544.994103568412,149.916944216864,0.000386531899091948,"Sex, PC1-PC10, GRM (mixed model)"
"rs10751802",10,1578468,"Isovalerylcarnitine..C5.",313.344504605034,86.1951627489573,0.000386553642780044,"Sex, PC1-PC10, GRM (mixed model)"
"rs41381850",1,95742271,"Propionylcarnitine..C3.",790.634880403129,217.512533994793,0.000387099452623991,"Sex, PC1-PC10, GRM (mixed model)"
"rs4618520",6,11543475,"Taurocholate",77.3459364790964,21.2801780888774,0.000387438011221387,"Sex, PC1-PC10, GRM (mixed model)"
"rs1417394",6,148573715,"X1.linoleoyl.GPC..18.2.",-40.63024814846,11.1798573343946,0.000388002464883159,"Sex, PC1-PC10, GRM (mixed model)"
"rs827915",10,9428100,"Taurocholate",171.385640923661,47.1596356576932,0.000388108704116154,"Sex, PC1-PC10, GRM (mixed model)"
"rs11062901",12,3868322,"X1.oleoyl.GPC..18.1.",211.688680619627,58.2571457264989,0.00038874931909993,"Sex, PC1-PC10, GRM (mixed model)"
"rs698104",3,188485211,"Isoleucine",103.892544457366,28.5945145718562,0.000389289410456733,"Sex, PC1-PC10, GRM (mixed model)"
"rs11237535",11,70322533,"Caffeine",157.571071280072,43.3733487391036,0.000389845678067378,"Sex, PC1-PC10, GRM (mixed model)"
"rs4500888",2,212076433,"Propionylcarnitine..C3.",619.070116290684,170.406915425344,0.000389856186606195,"Sex, PC1-PC10, GRM (mixed model)"
"rs9601033",13,77858575,"Xanthine",1239.85477306012,341.33388988709,0.000390564850177678,"Sex, PC1-PC10, GRM (mixed model)"
"rs9544811",13,77946834,"Hippurate",252.698077535637,69.5715128212474,0.000390807251950756,"Sex, PC1-PC10, GRM (mixed model)"
"rs11678309",2,10793873,"Erythritol",388.034069614675,106.84859776737,0.000391613117524688,"Sex, PC1-PC10, GRM (mixed model)"
"rs11102058",1,110467933,"Isovalerylcarnitine..C5.",279.079266329273,76.8486708081168,0.000391727155516319,"Sex, PC1-PC10, GRM (mixed model)"
"rs7283567",21,40546468,"Valine",630.164247294549,173.564073706411,0.000392858590943205,"Sex, PC1-PC10, GRM (mixed model)"
"rs2423190",20,7237832,"X1.palmitoyl.GPC..16.0.",89.2923293289773,24.5935223618427,0.000392864490069756,"Sex, PC1-PC10, GRM (mixed model)"
"rs9460501",6,20522665,"Theobromine",389.544832460937,107.298539138712,0.000393211392182991,"Sex, PC1-PC10, GRM (mixed model)"
"rs2221999",2,166091596,"Glycochenodeoxycholate",565.182640247674,155.683437095452,0.000393412290964411,"Sex, PC1-PC10, GRM (mixed model)"
"rs706085",7,18626079,"Oleate..18.1.",482.036125877813,132.794946355295,0.000393976486458763,"Sex, PC1-PC10, GRM (mixed model)"
"rs3766110",1,167781807,"Glycochenodeoxycholate",546.41698605384,150.543739869368,0.000394403322605658,"Sex, PC1-PC10, GRM (mixed model)"
"rs17709877",17,50226113,"Hexanoylcarnitine..C6.",168.634948574311,46.4616948756729,0.000394507959798183,"Sex, PC1-PC10, GRM (mixed model)"
"rs17140092",6,5231305,"X1.linoleoyl.GPC..18.2.",55.7963992348802,15.3731842666684,0.000394627130941217,"Sex, PC1-PC10, GRM (mixed model)"
"rs291122",5,58867629,"Leucine",360.518063308292,99.3313908649719,0.000394648495005672,"Sex, PC1-PC10, GRM (mixed model)"
"rs17062398",9,78103477,"Linoleate..18.2.",890.232158101851,245.286538897817,0.000394776516621819,"Sex, PC1-PC10, GRM (mixed model)"
"rs16926137",8,61484269,"Pyridoxate",456.151708746474,125.689344063577,0.000394995436775887,"Sex, PC1-PC10, GRM (mixed model)"
"rs13435843",4,186779561,"Isovalerylcarnitine..C5.",275.787073514379,75.9926534055134,0.000395095461409778,"Sex, PC1-PC10, GRM (mixed model)"
"rs4439289",23,14047670,"Pyridoxate",-287.564857294992,79.254616830603,0.000396162239664695,"Sex, PC1-PC10, GRM (mixed model)"
"rs12491803",3,141537594,"X1.oleoyl.GPC..18.1.",136.504994233441,37.6232374469863,0.000396383535142979,"Sex, PC1-PC10, GRM (mixed model)"
"rs4787783",16,25828599,"Glutamate",519.422812014408,143.186834064956,0.000397257968797413,"Sex, PC1-PC10, GRM (mixed model)"
"rs884586",1,53554681,"Xanthine",895.11964156804,246.758135522967,0.000397355864191926,"Sex, PC1-PC10, GRM (mixed model)"
"rs11097397",4,95087875,"Xanthine",1035.95619273928,285.603186880805,0.000397723681326126,"Sex, PC1-PC10, GRM (mixed model)"
"rs7586543",2,236765409,"Leucine",455.338277022055,125.541835461667,0.000398108172995586,"Sex, PC1-PC10, GRM (mixed model)"
"rs10148271",14,74990841,"Propionylcarnitine..C3.",574.744540960203,158.464232234865,0.000398132695705792,"Sex, PC1-PC10, GRM (mixed model)"
"rs2048262",2,64955083,"Hypoxanthine",594.454346319069,163.931557615815,0.000399166494049197,"Sex, PC1-PC10, GRM (mixed model)"
"rs9382303",6,13735130,"Oleate..18.1.",575.473327112974,158.704354496308,0.000399397777824209,"Sex, PC1-PC10, GRM (mixed model)"
"rs6062412",20,61229362,"Hypoxanthine",552.417066555711,152.382018509095,0.000400615918960769,"Sex, PC1-PC10, GRM (mixed model)"
"rs492137",18,10707819,"Erythritol",556.115959810503,153.402962510528,0.000400636681504931,"Sex, PC1-PC10, GRM (mixed model)"
"rs16873367",7,8361827,"Threonate",211.809381585395,58.4310817359688,0.000400996238340639,"Sex, PC1-PC10, GRM (mixed model)"
"rs1346474",5,4273728,"Leucine",511.914658130898,141.228346204937,0.000401299465938296,"Sex, PC1-PC10, GRM (mixed model)"
"rs817439",1,85416092,"Theobromine",477.103835134363,131.637376890806,0.000401797931069719,"Sex, PC1-PC10, GRM (mixed model)"
"rs11023088",11,14075677,"Isoleucine",-85.8071632183973,23.6764459053732,0.000402114517096893,"Sex, PC1-PC10, GRM (mixed model)"
"rs10486108",7,10987175,"Isovalerylcarnitine..C5.",343.041626660311,94.6566716205956,0.000402250466178764,"Sex, PC1-PC10, GRM (mixed model)"
"rs13412643",2,58377657,"Palmitoylcarnitine..C16.",956.596737875314,263.960250397802,0.000402312626245739,"Sex, PC1-PC10, GRM (mixed model)"
"rs2222618",7,13565741,"Linoleate..18.2.",755.249950313796,208.413097767087,0.00040260593162064,"Sex, PC1-PC10, GRM (mixed model)"
"rs10498721",6,24953309,"Linoleate..18.2.",526.721332226891,145.353350335838,0.000402722931039744,"Sex, PC1-PC10, GRM (mixed model)"
"rs9287357",2,144515664,"Propionylcarnitine..C3.",572.327929166545,157.945510393181,0.000402939594114986,"Sex, PC1-PC10, GRM (mixed model)"
"rs11177058",12,66793380,"Propionylcarnitine..C3.",851.937582518492,235.169420182607,0.000404259396145249,"Sex, PC1-PC10, GRM (mixed model)"
"rs9864349",3,72131710,"Isoleucine",111.237136095774,30.7063430616655,0.0004043217981405,"Sex, PC1-PC10, GRM (mixed model)"
"rs16978123",17,70062934,"Xanthine",717.172004521056,197.98576984096,0.000404708152762418,"Sex, PC1-PC10, GRM (mixed model)"
"rs9320611",6,118017048,"Glutamine",73.2102240136328,20.2120201578866,0.000405034906065366,"Sex, PC1-PC10, GRM (mixed model)"
"rs920139",11,131299203,"Leucine",839.404140172103,231.771788806426,0.000405650807520873,"Sex, PC1-PC10, GRM (mixed model)"
"rs533231",11,127660467,"Glutamate",398.721542842593,110.106599219758,0.000406299930199208,"Sex, PC1-PC10, GRM (mixed model)"
"rs7301588",12,11998050,"Glutamine",-65.8393103306533,18.1820164734815,0.000406457319077792,"Sex, PC1-PC10, GRM (mixed model)"
"rs1528042",7,110235544,"Palmitoylcarnitine..C16.",1084.70363232954,299.574254127403,0.000406896675462669,"Sex, PC1-PC10, GRM (mixed model)"
"rs700239",5,39409446,"Propionylcarnitine..C3.",777.132288695386,214.659005161505,0.000407626675569481,"Sex, PC1-PC10, GRM (mixed model)"
"rs10494625",1,187823580,"Threonate",316.743269116198,87.4939779291434,0.000407826398052301,"Sex, PC1-PC10, GRM (mixed model)"
"rs6042588",20,1421397,"Pyridoxate",440.685258068453,121.740941319576,0.000408276029576681,"Sex, PC1-PC10, GRM (mixed model)"
"rs8089892",18,33262821,"Leucine",383.749859796331,106.021591581949,0.000408733217833392,"Sex, PC1-PC10, GRM (mixed model)"
"rs858546",1,165727946,"Glutamate",662.479354026186,183.030589129067,0.000408796365078773,"Sex, PC1-PC10, GRM (mixed model)"
"rs17501983",3,84916484,"Glutamate",387.724034376808,107.121370668288,0.000408821296839769,"Sex, PC1-PC10, GRM (mixed model)"
"rs739454",17,40550731,"Valine",650.296980043261,179.669391334141,0.000408929321086412,"Sex, PC1-PC10, GRM (mixed model)"
"rs7168274",15,91477898,"Gulono.1.4.lactone",350.858045474687,96.9406371366361,0.000409074864931411,"Sex, PC1-PC10, GRM (mixed model)"
"rs2597419",8,20639046,"Erythritol",365.380000724262,100.957669660522,0.000409317505553902,"Sex, PC1-PC10, GRM (mixed model)"
"rs10504659",8,78848596,"Pyridoxate",699.640356686739,193.32192948538,0.000409458977236362,"Sex, PC1-PC10, GRM (mixed model)"
"rs9667214",11,78499593,"Isovalerylcarnitine..C5.",354.745364731947,98.0263359603168,0.000409697669858979,"Sex, PC1-PC10, GRM (mixed model)"
"rs11067491",12,114163712,"Pyridoxate",-337.185076320274,93.1822666021211,0.00041016745668044,"Sex, PC1-PC10, GRM (mixed model)"
"rs3848122",15,59687881,"Tyrosine",106.685505091761,29.4855629634939,0.000410640078360151,"Sex, PC1-PC10, GRM (mixed model)"
"rs2900964",19,13413763,"X1.oleoyl.GPC..18.1.",216.069076849633,59.7287780848147,0.000411693987007374,"Sex, PC1-PC10, GRM (mixed model)"
"rs985713",2,77346962,"Xanthine",890.480009238395,246.16641030365,0.000411858990059383,"Sex, PC1-PC10, GRM (mixed model)"
"rs2052014",14,71557570,"Valine",324.830424249294,89.7982296026635,0.000411937320608556,"Sex, PC1-PC10, GRM (mixed model)"
"rs2868093",20,42397212,"Gulono.1.4.lactone",354.480436808044,97.9987890627437,0.000412148011375561,"Sex, PC1-PC10, GRM (mixed model)"
"rs10774344",12,5548765,"Isovalerylcarnitine..C5.",575.810150011974,159.189977113703,0.000412244725170183,"Sex, PC1-PC10, GRM (mixed model)"
"rs1159317",18,53138592,"Valine",339.804195621363,93.945393066115,0.000412370354842207,"Sex, PC1-PC10, GRM (mixed model)"
"rs16863247",1,160772120,"Hypoxanthine",824.171110295194,227.878237549243,0.000412840710351653,"Sex, PC1-PC10, GRM (mixed model)"
"rs2675743",6,165425136,"Gulono.1.4.lactone",353.386478346044,97.7120393890757,0.000412994927228691,"Sex, PC1-PC10, GRM (mixed model)"
"rs13096795",3,3643842,"Glutamine",135.148905538567,37.369269262434,0.000413042628729122,"Sex, PC1-PC10, GRM (mixed model)"
"rs16823799",2,183406936,"Valine",445.815861996781,123.289344337419,0.000413869712669561,"Sex, PC1-PC10, GRM (mixed model)"
"rs601003",18,64223744,"N.acetylglycine",299.539460752042,82.8405006864957,0.000414096895669104,"Sex, PC1-PC10, GRM (mixed model)"
"rs1835851",8,130422409,"Erythritol",408.590577685053,113.023663275138,0.000415223869769669,"Sex, PC1-PC10, GRM (mixed model)"
"rs6520545",23,38685227,"Propionylcarnitine..C3.",600.658635906764,166.179760933402,0.000416072089385462,"Sex, PC1-PC10, GRM (mixed model)"
"rs2573700",15,24056569,"Palmitoylcarnitine..C16.",687.579712949916,190.236126816611,0.000416311233245542,"Sex, PC1-PC10, GRM (mixed model)"
"rs17147608",7,8347027,"Isovalerylcarnitine..C5.",347.185771571894,96.067637861171,0.000416865626104209,"Sex, PC1-PC10, GRM (mixed model)"
"rs11894065",2,127132048,"Hippurate",184.409026091495,51.0290995770135,0.000417117437630586,"Sex, PC1-PC10, GRM (mixed model)"
"rs2519516",7,88040807,"Palmitoylcarnitine..C16.",507.121780199372,140.329266590346,0.000417120641254431,"Sex, PC1-PC10, GRM (mixed model)"
"rs4299296",2,158117377,"X1.palmitoyl.GPC..16.0.",61.7634305289276,17.0960300390045,0.000418691462147523,"Sex, PC1-PC10, GRM (mixed model)"
"rs17189595",13,94792167,"Valine",522.043743564637,144.527313952734,0.000419666637361838,"Sex, PC1-PC10, GRM (mixed model)"
"rs4301066",4,162193855,"Leucine",609.447676543902,168.72958441831,0.000419811837936538,"Sex, PC1-PC10, GRM (mixed model)"
"rs4302005",15,36944979,"Valine",412.107882675074,114.098486420993,0.000419986386902132,"Sex, PC1-PC10, GRM (mixed model)"
"rs11122825",2,121308178,"Glutamate",496.73744665638,137.534533388117,0.000420182543410391,"Sex, PC1-PC10, GRM (mixed model)"
"rs17077670",13,65270936,"Threonate",233.984573299946,64.784652256617,0.000420183148984121,"Sex, PC1-PC10, GRM (mixed model)"
"rs7598853",2,119659323,"Theobromine",531.349525801904,147.125538183471,0.00042046538291149,"Sex, PC1-PC10, GRM (mixed model)"
"rs9686972",5,52821296,"Pyridoxate",407.358571884149,112.793872270391,0.000420476249022716,"Sex, PC1-PC10, GRM (mixed model)"
"rs10936556",3,169708369,"Taurocholate",85.6005855283669,23.7031939459284,0.00042074169104503,"Sex, PC1-PC10, GRM (mixed model)"
"rs7210358",17,13678277,"Leucine",710.04378101946,196.617526439447,0.000420827768344775,"Sex, PC1-PC10, GRM (mixed model)"
"rs1483007",4,16468140,"Glutamate",447.642288235054,123.962147836238,0.000421085953073713,"Sex, PC1-PC10, GRM (mixed model)"
"rs17824785",21,39869222,"Glutamine",110.970246471779,30.7346438670382,0.000421873634288546,"Sex, PC1-PC10, GRM (mixed model)"
"rs1105056",6,162373729,"Valine",433.63977375332,120.102389616425,0.000421884839841957,"Sex, PC1-PC10, GRM (mixed model)"
"rs16875340",8,108018001,"Threonate",348.792557906168,96.6097370386258,0.000422270815573018,"Sex, PC1-PC10, GRM (mixed model)"
"rs1446877",2,23069767,"Glutamine",84.6174344806539,23.4388769158109,0.000422559151467972,"Sex, PC1-PC10, GRM (mixed model)"
"rs12677755",8,124107226,"Xanthine",502.043776868389,139.067967847812,0.000422665526379424,"Sex, PC1-PC10, GRM (mixed model)"
"rs2890551",9,4218550,"Hippurate",143.174646243965,39.6623081249252,0.000422992457912605,"Sex, PC1-PC10, GRM (mixed model)"
"rs13231153",7,77770787,"X1.linoleoyl.GPC..18.2.",47.6968688184929,13.2130547625197,0.000423011078383426,"Sex, PC1-PC10, GRM (mixed model)"
"rs7857732",9,28226666,"Glutamate",397.858254507487,110.219738249014,0.000423230077891475,"Sex, PC1-PC10, GRM (mixed model)"
"rs6749884",2,171613556,"Taurocholate",122.405227436502,33.9109033556449,0.000423334310963871,"Sex, PC1-PC10, GRM (mixed model)"
"rs10036684",5,133832049,"Leucine",370.917495012395,102.76709536155,0.00042379875346597,"Sex, PC1-PC10, GRM (mixed model)"
"rs11711298",3,3616794,"Pyridoxate",505.657713515186,140.112629117743,0.000424344700606489,"Sex, PC1-PC10, GRM (mixed model)"
"rs41353346",1,94218427,"Isoleucine",-89.7965337697585,24.8832605860539,0.000424681773985721,"Sex, PC1-PC10, GRM (mixed model)"
"rs6919131",6,112590608,"Valine",326.195192834298,90.3941692728136,0.000424870485747065,"Sex, PC1-PC10, GRM (mixed model)"
"rs987195",21,25859193,"Oleate..18.1.",544.304243883508,150.850289767425,0.000425388741949306,"Sex, PC1-PC10, GRM (mixed model)"
"rs10035816",5,22106389,"X1.palmitoyl.GPC..16.0.",62.4392360604278,17.3063029775148,0.000425916618028572,"Sex, PC1-PC10, GRM (mixed model)"
"rs2828634",21,24227481,"Gulono.1.4.lactone",517.279204750418,143.37703352691,0.000426014649770191,"Sex, PC1-PC10, GRM (mixed model)"
"rs10982097",9,115997965,"Xanthine",764.465602557853,211.906128887308,0.000426401980474941,"Sex, PC1-PC10, GRM (mixed model)"
"rs16904336",8,131756166,"Xanthine",880.531907427858,244.102188483793,0.000426914836934445,"Sex, PC1-PC10, GRM (mixed model)"
"rs11047026",12,23697144,"Theobromine",451.40630555552,125.14258812583,0.00042705170237346,"Sex, PC1-PC10, GRM (mixed model)"
"rs4872332",8,25531135,"Palmitoylcarnitine..C16.",-484.850121456933,134.419319738147,0.000427260441293584,"Sex, PC1-PC10, GRM (mixed model)"
"rs1333472",13,46662596,"N.acetylglycine",289.395843885486,80.2427675182924,0.000428005119121787,"Sex, PC1-PC10, GRM (mixed model)"
"rs2719848",23,146492026,"Linoleate..18.2.",627.404572890646,173.979943014919,0.000428480591743865,"Sex, PC1-PC10, GRM (mixed model)"
"rs7088166",10,121591967,"Valine",456.498779034079,126.590936884457,0.000428624836991859,"Sex, PC1-PC10, GRM (mixed model)"
"rs2834448",21,34622354,"Propionylcarnitine..C3.",803.608726013835,222.885009612794,0.000429545122297466,"Sex, PC1-PC10, GRM (mixed model)"
"rs12502361",4,4900907,"Isovalerylcarnitine..C5.",323.351606399162,89.6947874195377,0.000430249663873037,"Sex, PC1-PC10, GRM (mixed model)"
"rs7131923",12,87541466,"X1.palmitoyl.GPC..16.0.",104.718312436412,29.0480513087816,0.000430277205017571,"Sex, PC1-PC10, GRM (mixed model)"
"rs2239628",14,22668028,"Tyrosine",106.4370263093,29.5297991250935,0.000431202692351147,"Sex, PC1-PC10, GRM (mixed model)"
"rs7817894",8,127747508,"Linoleate..18.2.",721.704665146932,200.232157969432,0.000431285437256147,"Sex, PC1-PC10, GRM (mixed model)"
"rs12480543",20,289946,"Isoleucine",179.279567914326,49.7425675111932,0.000431576959085925,"Sex, PC1-PC10, GRM (mixed model)"
"rs11210782",1,43320985,"Tyrosine",143.751734918171,39.8864194942969,0.000431760861233717,"Sex, PC1-PC10, GRM (mixed model)"
"rs2785599",1,93298490,"Xanthine",1037.71899518437,287.948411615369,0.000432051107770626,"Sex, PC1-PC10, GRM (mixed model)"
"rs11071348",15,55962098,"Theobromine",622.839231469611,172.828386422626,0.000432104141474507,"Sex, PC1-PC10, GRM (mixed model)"
"rs1462648",23,5089281,"Erythritol",563.160717890578,156.276507976459,0.000432385303781721,"Sex, PC1-PC10, GRM (mixed model)"
"rs10774295",12,4988161,"Gulono.1.4.lactone",431.13886883207,119.64391054935,0.000432538124883745,"Sex, PC1-PC10, GRM (mixed model)"
"rs17319788",8,26477637,"Hypoxanthine",527.963895540772,146.525778973957,0.000432998913063081,"Sex, PC1-PC10, GRM (mixed model)"
"rs6015104",20,34401989,"Hypoxanthine",405.094286606413,112.42826130128,0.000433120054103306,"Sex, PC1-PC10, GRM (mixed model)"
"rs6906911",6,39964846,"X1.linoleoyl.GPC..18.2.",67.116398583617,18.6287196944043,0.000433563551095276,"Sex, PC1-PC10, GRM (mixed model)"
"rs10018310",4,90806714,"Xanthine",575.15761423901,159.640281743672,0.000433579385428,"Sex, PC1-PC10, GRM (mixed model)"
"rs16852911",4,40900411,"Xanthine",595.509796334793,165.290927709118,0.000433636394741373,"Sex, PC1-PC10, GRM (mixed model)"
"rs4504959",1,208868502,"Hippurate",231.074125966096,64.1551547752311,0.000435162391416908,"Sex, PC1-PC10, GRM (mixed model)"
"rs878747",10,119512954,"Propionylcarnitine..C3.",513.40825718009,142.555489591177,0.000435682467546261,"Sex, PC1-PC10, GRM (mixed model)"
"rs10272511",7,13935391,"Tyrosine",160.482212325999,44.5618381996508,0.000435874779665885,"Sex, PC1-PC10, GRM (mixed model)"
"rs17171532",7,39090951,"Gulono.1.4.lactone",495.61575611907,137.623162924919,0.000436005197360072,"Sex, PC1-PC10, GRM (mixed model)"
"rs6756484",2,12855401,"X1.palmitoyl.GPC..16.0.",120.489258382954,33.4605327493728,0.000436490824452712,"Sex, PC1-PC10, GRM (mixed model)"
"rs7720515",5,161857607,"X1.linoleoyl.GPC..18.2.",39.442322311309,10.9574480563741,0.000438566885402144,"Sex, PC1-PC10, GRM (mixed model)"
"rs7117121",11,98634486,"Oleate..18.1.",506.756000760976,140.781962952005,0.000438581914642795,"Sex, PC1-PC10, GRM (mixed model)"
"rs7819890",8,125255600,"Taurocholate",79.6838998827953,22.1382716080086,0.000438902405870106,"Sex, PC1-PC10, GRM (mixed model)"
"rs7792197",7,87899449,"Valine",552.978669440707,153.632297034377,0.000438915408932634,"Sex, PC1-PC10, GRM (mixed model)"
"rs2720743",8,3665092,"X1.linoleoyl.GPC..18.2.",82.34937872173,22.8805885499217,0.000439334945883744,"Sex, PC1-PC10, GRM (mixed model)"
"rs17608525",16,64460683,"Isovalerylcarnitine..C5.",258.843983925972,71.9200085580772,0.000439396398435007,"Sex, PC1-PC10, GRM (mixed model)"
"rs5759305",22,42085771,"Linoleate..18.2.",920.001144381152,255.654567058823,0.000440083637639125,"Sex, PC1-PC10, GRM (mixed model)"
"rs16852815",3,144116009,"Isovalerylcarnitine..C5.",326.844470631518,90.8284100582065,0.000440281276831757,"Sex, PC1-PC10, GRM (mixed model)"
"rs4790406",17,2846042,"Taurocholate",129.035378654691,35.8621438368782,0.000440884074687421,"Sex, PC1-PC10, GRM (mixed model)"
"rs2059816",19,57613718,"Gulono.1.4.lactone",392.263739599042,109.025960576188,0.000441196954936026,"Sex, PC1-PC10, GRM (mixed model)"
"rs10512115",9,82986774,"Threonate",309.986240985931,86.1637465235801,0.000441588478874125,"Sex, PC1-PC10, GRM (mixed model)"
"rs2726164",4,108685112,"Valine",314.680783669688,87.4766152827881,0.000442098833825341,"Sex, PC1-PC10, GRM (mixed model)"
"rs2920884",2,55156621,"Propionylcarnitine..C3.",883.854322446061,245.699538293691,0.000442123373301456,"Sex, PC1-PC10, GRM (mixed model)"
"rs824883",5,157978533,"Erythritol",401.671676326116,111.661628948639,0.000442240759058688,"Sex, PC1-PC10, GRM (mixed model)"
"rs10453111",8,73441117,"Gulono.1.4.lactone",533.072263061997,148.195434631183,0.000442447065445894,"Sex, PC1-PC10, GRM (mixed model)"
"rs2831137",21,28021913,"Hippurate",212.048898093165,58.9531512960847,0.000442734509236242,"Sex, PC1-PC10, GRM (mixed model)"
"rs17272241",4,161507204,"X1.linoleoyl.GPC..18.2.",43.5024675029419,12.0951308639584,0.000443066168029955,"Sex, PC1-PC10, GRM (mixed model)"
"rs2020936",17,25574940,"Glutamate",418.50503648521,116.362885297507,0.0004432873312426,"Sex, PC1-PC10, GRM (mixed model)"
"rs17712337",17,62320041,"Isovalerylcarnitine..C5.",325.663702720535,90.5881008724968,0.000445723476525132,"Sex, PC1-PC10, GRM (mixed model)"
"rs2620902",10,49640232,"Taurocholate",104.366494811551,29.0313266253373,0.000445775245602386,"Sex, PC1-PC10, GRM (mixed model)"
"rs11885542",2,9181282,"Isovalerylcarnitine..C5.",438.732296002919,122.046834815903,0.000446049815742068,"Sex, PC1-PC10, GRM (mixed model)"
"rs6596945",6,3016912,"Propionylcarnitine..C3.",551.364607503211,153.381410936798,0.000446139859225675,"Sex, PC1-PC10, GRM (mixed model)"
"rs6037013",20,24988884,"Caffeine",194.03424215392,53.9783570452986,0.000446236573728778,"Sex, PC1-PC10, GRM (mixed model)"
"rs11155632",6,149559413,"Xanthine",804.69473739556,223.862211511253,0.000446345091595021,"Sex, PC1-PC10, GRM (mixed model)"
"rs2665212",15,40119660,"Leucine",618.837937457648,172.159001690494,0.000446386406736913,"Sex, PC1-PC10, GRM (mixed model)"
"rs3796224",3,71906272,"Tyrosine",112.054684885052,31.1763913949475,0.000446946203158288,"Sex, PC1-PC10, GRM (mixed model)"
"rs993522",3,147241254,"Palmitoylcarnitine..C16.",525.855021799901,146.309489616942,0.000447084788907282,"Sex, PC1-PC10, GRM (mixed model)"
"rs12939599",17,8429523,"Palmitoylcarnitine..C16.",-566.661369008916,157.667988702808,0.000447259993355485,"Sex, PC1-PC10, GRM (mixed model)"
"rs11222373",11,130254466,"Hypoxanthine",590.984845961885,164.436771784157,0.000447294858364083,"Sex, PC1-PC10, GRM (mixed model)"
"rs9403008",6,139194398,"Oleate..18.1.",519.951295494679,144.682401077376,0.000447691656939476,"Sex, PC1-PC10, GRM (mixed model)"
"rs1863706",2,49410800,"Oleate..18.1.",432.049014501296,120.224524548743,0.00044778301640811,"Sex, PC1-PC10, GRM (mixed model)"
"rs693575",4,90343581,"Theobromine",-385.543926631713,107.289340273156,0.000448078584558385,"Sex, PC1-PC10, GRM (mixed model)"
"rs10150947",14,88906978,"Leucine",687.66932614932,191.369929262175,0.000448226500714382,"Sex, PC1-PC10, GRM (mixed model)"
"rs8085665",18,9737630,"Linoleate..18.2.",737.429895336773,205.237185199035,0.000448765368127859,"Sex, PC1-PC10, GRM (mixed model)"
"rs2388923",1,80054583,"Hippurate",209.028295201976,58.1760642121896,0.000448816953731018,"Sex, PC1-PC10, GRM (mixed model)"
"rs17267453",13,92362008,"Gulono.1.4.lactone",670.740350842106,186.701106579284,0.000449512552904509,"Sex, PC1-PC10, GRM (mixed model)"
"rs1482536",18,64125892,"Hypoxanthine",478.226582802125,133.117845142301,0.000449644811595723,"Sex, PC1-PC10, GRM (mixed model)"
"rs41462348",6,154380649,"Hippurate",300.113292249912,83.5416490335043,0.000449844388676338,"Sex, PC1-PC10, GRM (mixed model)"
"rs583567",1,70766688,"Linoleate..18.2.",801.857519197957,223.264086988177,0.000451205815043913,"Sex, PC1-PC10, GRM (mixed model)"
"rs1009295",14,73223907,"X1.oleoyl.GPC..18.1.",142.618822217246,39.7149159536953,0.000451930077313852,"Sex, PC1-PC10, GRM (mixed model)"
"rs17311504",23,69204912,"Theobromine",694.801303047127,193.482441620876,0.000451984404131791,"Sex, PC1-PC10, GRM (mixed model)"
"rs2030021",1,73976736,"Tyrosine",108.09385359542,30.1041416592218,0.000452567279845498,"Sex, PC1-PC10, GRM (mixed model)"
"rs7803406",7,20436210,"Pyridoxate",610.465289165418,170.021288598032,0.000452792100919035,"Sex, PC1-PC10, GRM (mixed model)"
"rs448816",2,141196601,"Isovalerylcarnitine..C5.",434.053675176934,120.896736162027,0.000453171563510803,"Sex, PC1-PC10, GRM (mixed model)"
"rs6916438",6,154804216,"Valine",536.783402368015,149.510250868209,0.000453181482779338,"Sex, PC1-PC10, GRM (mixed model)"
"rs10774295",12,4988161,"Glutamine",92.2296196868438,25.6907712933629,0.000453640653711668,"Sex, PC1-PC10, GRM (mixed model)"
"rs2022329",6,23542715,"Linoleate..18.2.",561.873186025519,156.511168783092,0.000453644643422158,"Sex, PC1-PC10, GRM (mixed model)"
"rs2843130",1,2273173,"Pyridoxate",640.899993317788,178.528703795817,0.000453786523637615,"Sex, PC1-PC10, GRM (mixed model)"
"rs10777085",12,86909836,"Hypoxanthine",471.709497457253,131.401568655167,0.000453893971756603,"Sex, PC1-PC10, GRM (mixed model)"
"rs2060415",8,109077209,"Threonate",-176.075760012712,49.0516928697185,0.000454270124806451,"Sex, PC1-PC10, GRM (mixed model)"
"rs7581374",2,41859784,"Gulono.1.4.lactone",472.071905312537,131.523649765184,0.000454815291332359,"Sex, PC1-PC10, GRM (mixed model)"
"rs10841930",12,22105053,"Xanthine",764.9568802427,213.125554595753,0.000454853279976014,"Sex, PC1-PC10, GRM (mixed model)"
"rs1486664",4,186172014,"Threonate",212.795056603397,59.2885892759356,0.000454998840242991,"Sex, PC1-PC10, GRM (mixed model)"
"rs1905635",8,86930835,"X1.linoleoyl.GPC..18.2.",-36.3447105196172,10.1292675618676,0.000456683946187452,"Sex, PC1-PC10, GRM (mixed model)"
"rs6815002",4,136956243,"Xanthine",800.513455529336,223.131037509805,0.000457407587202319,"Sex, PC1-PC10, GRM (mixed model)"
"rs17791867",12,8025936,"Propionylcarnitine..C3.",923.481427787983,257.407953867498,0.000457440103776144,"Sex, PC1-PC10, GRM (mixed model)"
"rs9323068",14,42002207,"Oleate..18.1.",524.073227763065,146.082762005969,0.000457615473711116,"Sex, PC1-PC10, GRM (mixed model)"
"rs11866558",16,81240744,"Isoleucine",-113.291528962306,31.5797894884137,0.00045767919699944,"Sex, PC1-PC10, GRM (mixed model)"
"rs3851116",11,56939672,"Tyrosine",243.120114797486,67.7715653475238,0.00045787633518909,"Sex, PC1-PC10, GRM (mixed model)"
"rs41458445",22,18378088,"Isovalerylcarnitine..C5.",320.638438028986,89.3873797951162,0.000458328493998282,"Sex, PC1-PC10, GRM (mixed model)"
"rs10492298",12,67202400,"Theobromine",468.893424922415,130.752847886392,0.000459879362552414,"Sex, PC1-PC10, GRM (mixed model)"
"rs5906232",23,46273402,"Erythritol",373.945033135056,104.287103687702,0.000460491179112933,"Sex, PC1-PC10, GRM (mixed model)"
"rs7678252",4,126766647,"Hippurate",179.931852038595,50.1806810562545,0.000460566853269848,"Sex, PC1-PC10, GRM (mixed model)"
"rs17447848",2,50267675,"X1.oleoyl.GPC..18.1.",152.846824180335,42.6306507748059,0.000461062008840631,"Sex, PC1-PC10, GRM (mixed model)"
"rs2287388",14,76834524,"Hippurate",171.511986882645,47.8375335074153,0.000461179154709239,"Sex, PC1-PC10, GRM (mixed model)"
"rs12557937",23,150166637,"Glutamate",647.059503842518,180.476229028945,0.000461199035881572,"Sex, PC1-PC10, GRM (mixed model)"
"rs17688839",7,92101286,"Propionylcarnitine..C3.",680.416831479645,189.786311819166,0.000461387020925086,"Sex, PC1-PC10, GRM (mixed model)"
"rs6705471",2,191342842,"Oleate..18.1.",392.164683560265,109.390218048448,0.000461656993874453,"Sex, PC1-PC10, GRM (mixed model)"
"rs16993045",20,45941108,"X1.oleoyl.GPC..18.1.",119.551091080008,33.3495236897329,0.000462006337601436,"Sex, PC1-PC10, GRM (mixed model)"
"rs7568921",2,12599286,"Theobromine",724.86866729583,202.210073294827,0.000462105051353109,"Sex, PC1-PC10, GRM (mixed model)"
"rs2142836",22,37617065,"X1.oleoyl.GPC..18.1.",162.028794193472,45.204801675264,0.000462760826931028,"Sex, PC1-PC10, GRM (mixed model)"
"rs17337853",12,25594738,"Pyridoxate",400.342208294778,111.703134084298,0.000463319363873734,"Sex, PC1-PC10, GRM (mixed model)"
"rs716717",11,131654347,"Linoleate..18.2.",446.559487740633,124.600516847013,0.000463407269854382,"Sex, PC1-PC10, GRM (mixed model)"
"rs10958335",8,53990521,"Palmitoylcarnitine..C16.",956.198865456805,266.84053434027,0.000464254915095289,"Sex, PC1-PC10, GRM (mixed model)"
"rs6684760",1,239524852,"Glutamate",500.947736445823,139.797887978477,0.000464316995407672,"Sex, PC1-PC10, GRM (mixed model)"
"rs1886517",13,73547014,"Glutamate",797.579752733118,222.620041462326,0.000465420738058931,"Sex, PC1-PC10, GRM (mixed model)"
"rs9530551",13,75933282,"X1.linoleoyl.GPC..18.2.",68.3771589240714,19.0857404645843,0.000465526226122999,"Sex, PC1-PC10, GRM (mixed model)"
"rs870511",5,61197856,"Isoleucine",135.777218172137,37.8990396061031,0.000465571218483554,"Sex, PC1-PC10, GRM (mixed model)"
"rs2730360",3,16044447,"Isoleucine",107.057366615979,29.8834756726973,0.000465749987146828,"Sex, PC1-PC10, GRM (mixed model)"
"rs9332245",10,96739171,"Linoleate..18.2.",897.778276174618,250.610271436609,0.000465955401429894,"Sex, PC1-PC10, GRM (mixed model)"
"rs7196895",16,7101648,"Pyridoxate",567.751324670966,158.485488347016,0.000465976614500123,"Sex, PC1-PC10, GRM (mixed model)"
"rs894063",5,78187373,"Tyrosine",188.519218494076,52.6289779621927,0.000466489182045814,"Sex, PC1-PC10, GRM (mixed model)"
"rs17075936",5,172785526,"Isoleucine",116.479091386796,32.5194408617689,0.000466837704415322,"Sex, PC1-PC10, GRM (mixed model)"
"rs6499601",16,71538731,"Isoleucine",-91.4236880209979,25.5264220593243,0.000467326113566133,"Sex, PC1-PC10, GRM (mixed model)"
"rs1267858",6,6267977,"Pyridoxate",436.296651995615,121.832999811014,0.000468028097379985,"Sex, PC1-PC10, GRM (mixed model)"
"rs1342382",1,56949976,"Caffeine",161.876549179376,45.211783071543,0.000469176011037366,"Sex, PC1-PC10, GRM (mixed model)"
"rs1079145",6,167280714,"Gulono.1.4.lactone",617.009161885717,172.342104779676,0.000469611754472805,"Sex, PC1-PC10, GRM (mixed model)"
"rs12641600",4,187076882,"Linoleate..18.2.",-446.577501712481,124.739130111192,0.000469694529882328,"Sex, PC1-PC10, GRM (mixed model)"
"rs16991630",20,5918135,"N.acetylglycine",331.516331864226,92.6093904628711,0.000470295875315519,"Sex, PC1-PC10, GRM (mixed model)"
"rs1665361",4,1694869,"Linoleate..18.2.",592.39577519835,165.4863608586,0.000470297993877135,"Sex, PC1-PC10, GRM (mixed model)"
"rs10808714",8,61953322,"Tyrosine",90.6346976347499,25.3232422471701,0.000471313385525694,"Sex, PC1-PC10, GRM (mixed model)"
"rs11198439",10,120219080,"X1.palmitoyl.GPC..16.0.",56.4116837956534,15.7622195833578,0.000471633663639786,"Sex, PC1-PC10, GRM (mixed model)"
"rs163166",11,2781804,"X1.palmitoyl.GPC..16.0.",76.1852781229011,21.2882795020373,0.000471922808041643,"Sex, PC1-PC10, GRM (mixed model)"
"rs12649171",4,188695621,"Leucine",394.935750452706,110.359483362123,0.000472109828631502,"Sex, PC1-PC10, GRM (mixed model)"
"rs5978528",23,7405997,"Caffeine",-203.32737208339,56.8192199135447,0.000472331128995234,"Sex, PC1-PC10, GRM (mixed model)"
"rs7546663",1,73620717,"Gulono.1.4.lactone",697.410489247847,194.892280958723,0.000472423231759304,"Sex, PC1-PC10, GRM (mixed model)"
"rs1347913",11,96082930,"Tyrosine",108.573926026175,30.3419439921877,0.000472583004898573,"Sex, PC1-PC10, GRM (mixed model)"
"rs17113768",10,102916068,"Taurocholate",83.9584764388495,23.4637437403636,0.00047278656943857,"Sex, PC1-PC10, GRM (mixed model)"
"rs31675",7,86907694,"Glutamine",131.861082212486,36.8522321765965,0.000472983474851858,"Sex, PC1-PC10, GRM (mixed model)"
"rs4976472",5,135446616,"Linoleate..18.2.",427.995708641485,119.632568599051,0.000473843413316514,"Sex, PC1-PC10, GRM (mixed model)"
"rs10749834",1,74782705,"Hippurate",272.775956404081,76.258101785071,0.000474801265981636,"Sex, PC1-PC10, GRM (mixed model)"
"rs1030110",18,20191019,"Oleate..18.1.",290.867475262798,81.3164374419833,0.000474846242852866,"Sex, PC1-PC10, GRM (mixed model)"
"rs2040577",23,24167420,"Glutamine",69.2066815987804,19.3483019748756,0.000475006068386346,"Sex, PC1-PC10, GRM (mixed model)"
"rs283980",13,75988010,"Xanthine",590.569685882703,165.109450525676,0.000475087722486308,"Sex, PC1-PC10, GRM (mixed model)"
"rs6789711",3,126410400,"Isoleucine",176.802754591659,49.4312710240267,0.000475252013659987,"Sex, PC1-PC10, GRM (mixed model)"
"rs12286699",11,33871577,"Hippurate",419.357357738025,117.250127138709,0.000475475891316508,"Sex, PC1-PC10, GRM (mixed model)"
"rs2582705",7,62155064,"Linoleate..18.2.",700.416601190322,195.858364199562,0.000476254278794979,"Sex, PC1-PC10, GRM (mixed model)"
"rs2555376",15,42238283,"Glutamine",152.299632910647,42.5885014244084,0.00047636170558437,"Sex, PC1-PC10, GRM (mixed model)"
"rs16890148",8,118832619,"Pyridoxate",724.684849340834,202.6524901799,0.000476489110016408,"Sex, PC1-PC10, GRM (mixed model)"
"rs2973214",4,37118185,"Hypoxanthine",562.734819584587,157.369123543368,0.000476667661675717,"Sex, PC1-PC10, GRM (mixed model)"
"rs11265412",1,158719933,"Palmitoylcarnitine..C16.",763.288949726011,213.47156123785,0.000477153912323547,"Sex, PC1-PC10, GRM (mixed model)"
"rs7009652",8,4440793,"Erythritol",494.212817317657,138.239387188882,0.00047807411771282,"Sex, PC1-PC10, GRM (mixed model)"
"rs869025",14,37628676,"Glutamate",336.116921053718,94.0212647907203,0.000478321402919236,"Sex, PC1-PC10, GRM (mixed model)"
"rs11150519",16,81491808,"Isoleucine",117.138662513104,32.7687924383001,0.000478659224443492,"Sex, PC1-PC10, GRM (mixed model)"
"rs9627225",22,46811960,"Oleate..18.1.",466.482449090618,130.496876394877,0.000478723201428093,"Sex, PC1-PC10, GRM (mixed model)"
"rs11922933",3,194079779,"Hypoxanthine",822.819101240368,230.184433930087,0.000478816852068219,"Sex, PC1-PC10, GRM (mixed model)"
"rs4886655",15,73172621,"Leucine",376.09071479788,105.229964276031,0.00047985721405316,"Sex, PC1-PC10, GRM (mixed model)"
"rs7674447",4,57952455,"Threonate",218.865374705504,61.246118035444,0.000480614873187438,"Sex, PC1-PC10, GRM (mixed model)"
"rs3912096",9,1783408,"N.acetylglycine",179.538480616663,50.2440727624747,0.000480972390857394,"Sex, PC1-PC10, GRM (mixed model)"
"rs6674615",1,83978532,"Erythritol",837.390197687819,234.355672610932,0.000481254133484033,"Sex, PC1-PC10, GRM (mixed model)"
"rs16976570",16,27073797,"Xanthine",863.255373760464,241.644158999285,0.000482496373276719,"Sex, PC1-PC10, GRM (mixed model)"
"rs12967226",18,43392214,"Glutamine",105.348563187426,29.490468442794,0.000482719553251087,"Sex, PC1-PC10, GRM (mixed model)"
"rs1900474",10,56765406,"Caffeine",119.147451741088,33.3533480976565,0.000482742141234051,"Sex, PC1-PC10, GRM (mixed model)"
"rs10802554",1,234927416,"Gulono.1.4.lactone",660.346168622971,184.870362001815,0.000483312258583313,"Sex, PC1-PC10, GRM (mixed model)"
"rs12573228",10,48273501,"Isovalerylcarnitine..C5.",424.426190638535,118.83038868443,0.000483726276109158,"Sex, PC1-PC10, GRM (mixed model)"
"rs10816789",9,111032330,"Glutamate",467.515927435241,130.897951076543,0.000483880959870289,"Sex, PC1-PC10, GRM (mixed model)"
"rs997443",8,13724314,"Pyridoxate",418.409748409539,117.152547756798,0.000484069301851335,"Sex, PC1-PC10, GRM (mixed model)"
"rs7262035",20,1345898,"Gulono.1.4.lactone",684.233350217416,191.620131807059,0.000485283403750127,"Sex, PC1-PC10, GRM (mixed model)"
"rs6585459",10,119512718,"Palmitoylcarnitine..C16.",728.505446545957,204.032033050931,0.000485684119809126,"Sex, PC1-PC10, GRM (mixed model)"
"rs1705236",12,69831825,"Erythritol",631.321745065168,176.821206933292,0.000485936632290557,"Sex, PC1-PC10, GRM (mixed model)"
"rs1350865",4,189905530,"Tyrosine",126.559346850688,35.4472879031811,0.000486009202450875,"Sex, PC1-PC10, GRM (mixed model)"
"rs10155998",7,147053452,"X1.oleoyl.GPC..18.1.",197.98778380134,55.4553246809435,0.00048623416416042,"Sex, PC1-PC10, GRM (mixed model)"
"rs4265212",8,49747511,"Threonate",227.44334442578,63.705703700523,0.000486237336181898,"Sex, PC1-PC10, GRM (mixed model)"
"rs9494620",6,137319583,"Pyridoxate",570.942688748041,159.930600356437,0.000486713127203091,"Sex, PC1-PC10, GRM (mixed model)"
"rs10064144",5,159795225,"Isoleucine",146.875256659944,41.1452748442215,0.000487165625081485,"Sex, PC1-PC10, GRM (mixed model)"
"rs6502245",17,13124198,"Isovalerylcarnitine..C5.",279.462047234044,78.2880438004928,0.000487183521109804,"Sex, PC1-PC10, GRM (mixed model)"
"rs4787846",16,26435600,"X1.palmitoyl.GPC..16.0.",62.3291771564652,17.4631523120037,0.000488006591513304,"Sex, PC1-PC10, GRM (mixed model)"
"rs6785475",3,61964985,"Hippurate",244.675255037224,68.5522776958812,0.000488014893495,"Sex, PC1-PC10, GRM (mixed model)"
"rs9567116",13,42596252,"Gulono.1.4.lactone",350.923167136363,98.337755256709,0.000489089151453201,"Sex, PC1-PC10, GRM (mixed model)"
"rs954911",8,19133554,"X1.linoleoyl.GPC..18.2.",54.7377757213497,15.3390046896382,0.000489114260074296,"Sex, PC1-PC10, GRM (mixed model)"
"rs11861717",16,4931278,"Isoleucine",-79.2372771555448,22.2052010895244,0.00048932726128555,"Sex, PC1-PC10, GRM (mixed model)"
"rs854326",14,24393433,"Caffeine",139.871951511655,39.2081934476525,0.000491033721403167,"Sex, PC1-PC10, GRM (mixed model)"
"rs10503451",8,13330531,"Isoleucine",137.685356778484,38.5980869484669,0.000491483324930116,"Sex, PC1-PC10, GRM (mixed model)"
"rs10068034",5,136963075,"Taurocholate",111.485325134208,31.2548364240638,0.00049178723352079,"Sex, PC1-PC10, GRM (mixed model)"
"rs9691259",7,46213105,"Glutamate",481.834679340599,135.082987759133,0.000491830751886374,"Sex, PC1-PC10, GRM (mixed model)"
"rs17017714",4,91970829,"Oleate..18.1.",482.644931583963,135.339415285117,0.000493160677686371,"Sex, PC1-PC10, GRM (mixed model)"
"rs472384",2,70522093,"Glutamine",115.976644825252,32.5240707628248,0.000493696830659362,"Sex, PC1-PC10, GRM (mixed model)"
"rs1321792",6,83250088,"Caffeine",200.672956996562,56.2767889767019,0.000493783413211569,"Sex, PC1-PC10, GRM (mixed model)"
"rs12289919",11,120190043,"Hippurate",-301.823476075985,84.6467083985431,0.000494018975554206,"Sex, PC1-PC10, GRM (mixed model)"
"rs4443010",2,111185609,"Xanthine",498.360203565446,139.783098561889,0.000494789554063563,"Sex, PC1-PC10, GRM (mixed model)"
"rs17135622",7,53229335,"Hippurate",305.036797507979,85.5638357242645,0.000495169237235489,"Sex, PC1-PC10, GRM (mixed model)"
"rs7653602",3,8572771,"Valine",-351.965647117115,98.728742286538,0.000495244836550338,"Sex, PC1-PC10, GRM (mixed model)"
"rs10002854",4,7572046,"Isoleucine",200.598925654914,56.2756316586191,0.000495934420577524,"Sex, PC1-PC10, GRM (mixed model)"
"rs12200467",6,94348563,"Isoleucine",166.96074244093,46.8420494464167,0.000496358207480955,"Sex, PC1-PC10, GRM (mixed model)"
"rs773643",12,54861455,"Valine",694.94832362811,195.021273104623,0.00049789888268603,"Sex, PC1-PC10, GRM (mixed model)"
"rs17841422",17,20909727,"Isovalerylcarnitine..C5.",398.775652217424,111.913346084035,0.000498238687848351,"Sex, PC1-PC10, GRM (mixed model)"
"rs1848511",5,57785526,"Glutamine",93.2913280851661,26.1815177444169,0.000498242927513125,"Sex, PC1-PC10, GRM (mixed model)"
"rs1446522",2,113543974,"X1.linoleoyl.GPC..18.2.",53.7663859817355,15.089623426425,0.000498443334564918,"Sex, PC1-PC10, GRM (mixed model)"
"rs4721349",7,14574152,"X1.palmitoyl.GPC..16.0.",54.6726536828739,15.3461182680826,0.00049931411189093,"Sex, PC1-PC10, GRM (mixed model)"
"rs7993502",13,109135140,"Valine",354.754164581868,99.5846282428679,0.000499836043414657,"Sex, PC1-PC10, GRM (mixed model)"
"rs10899708",11,79436375,"X1.linoleoyl.GPC..18.2.",56.4375288778945,15.8451754387387,0.000500758141434783,"Sex, PC1-PC10, GRM (mixed model)"
"rs1105574",4,57204920,"Gulono.1.4.lactone",520.794060477158,146.220971330514,0.000500967563256457,"Sex, PC1-PC10, GRM (mixed model)"
"rs808260",10,116459038,"X1.oleoyl.GPC..18.1.",170.517567578756,47.8760747504978,0.000501050399916328,"Sex, PC1-PC10, GRM (mixed model)"
"rs1425124",7,37414730,"Isovalerylcarnitine..C5.",491.613789600612,138.041348442325,0.000501564002409579,"Sex, PC1-PC10, GRM (mixed model)"
"rs6026565",20,56872703,"Gulono.1.4.lactone",453.534817255505,127.361366399926,0.000502167463385044,"Sex, PC1-PC10, GRM (mixed model)"
"rs7977673",12,129731918,"Glutamate",402.735429980712,113.115640126253,0.000503258888587117,"Sex, PC1-PC10, GRM (mixed model)"
"rs17153404",10,127365853,"Pyridoxate",501.824457845609,140.950724593273,0.000503441640387755,"Sex, PC1-PC10, GRM (mixed model)"
"rs951827",10,130168048,"Isoleucine",109.7387854284,30.8241263793343,0.000503660095896652,"Sex, PC1-PC10, GRM (mixed model)"
"rs1017529",17,24936541,"Glutamate",870.237520184204,244.467274360412,0.000504415415031551,"Sex, PC1-PC10, GRM (mixed model)"
"rs7930503",11,70560036,"Caffeine",110.905643110143,31.1566487236728,0.000504620183818766,"Sex, PC1-PC10, GRM (mixed model)"
"rs519410",6,24095147,"Isoleucine",140.627295761999,39.5102453659369,0.00050524226598615,"Sex, PC1-PC10, GRM (mixed model)"
"rs10260796",7,22063440,"Palmitoylcarnitine..C16.",817.450412271505,229.668901601449,0.000505252032931967,"Sex, PC1-PC10, GRM (mixed model)"
"rs10753239",1,31134811,"Threonate",-191.611631899143,53.8406569960009,0.000505942838225873,"Sex, PC1-PC10, GRM (mixed model)"
"rs17123863",14,50935299,"Pyridoxate",808.328056501934,227.137818062762,0.000506135799512488,"Sex, PC1-PC10, GRM (mixed model)"
"rs4970988",1,149216686,"Leucine",-348.262776915224,97.876175561729,0.000507124202363547,"Sex, PC1-PC10, GRM (mixed model)"
"rs17614056",8,87836535,"X1.linoleoyl.GPC..18.2.",55.9710081987696,15.730270232491,0.00050716951537469,"Sex, PC1-PC10, GRM (mixed model)"
"rs3109203",4,169799340,"Isovalerylcarnitine..C5.",359.235521701452,100.976357797795,0.000508148575525681,"Sex, PC1-PC10, GRM (mixed model)"
"rs1594201",23,79050926,"Threonate",169.971581755168,47.7780932366793,0.000508324139897002,"Sex, PC1-PC10, GRM (mixed model)"
"rs17166659",7,131992684,"Valine",493.329121570173,138.677277148449,0.000508557760429741,"Sex, PC1-PC10, GRM (mixed model)"
"rs17393159",8,102469715,"Leucine",546.142972863028,153.542411952603,0.000509336254679024,"Sex, PC1-PC10, GRM (mixed model)"
"rs9881576",3,33966185,"Xanthine",539.64491201834,151.718203245903,0.000509446956014987,"Sex, PC1-PC10, GRM (mixed model)"
"rs5956023",23,117240442,"Leucine",663.689709947967,186.596416318425,0.000509572470205706,"Sex, PC1-PC10, GRM (mixed model)"
"rs843462",2,239983692,"Xanthine",854.416870717315,240.227489262938,0.000509786421984073,"Sex, PC1-PC10, GRM (mixed model)"
"rs228564",1,79418669,"Glutamine",95.7019833757806,26.9115409133473,0.000510731348199694,"Sex, PC1-PC10, GRM (mixed model)"
"rs12688110",23,17293264,"Glutamine",89.5053019483835,25.1729488557096,0.000511721156817465,"Sex, PC1-PC10, GRM (mixed model)"
"rs17117776",14,82514531,"Isovalerylcarnitine..C5.",378.132565658686,106.350046257811,0.000511842177794431,"Sex, PC1-PC10, GRM (mixed model)"
"rs2807562",1,15106616,"N.acetylglycine",178.006454969623,50.0683183307868,0.000512334868249278,"Sex, PC1-PC10, GRM (mixed model)"
"rs12464011",2,123207983,"Glutamate",492.120732672179,138.427988485141,0.000512701045762167,"Sex, PC1-PC10, GRM (mixed model)"
"rs1400439",2,18379680,"Glutamine",82.2457609819871,23.1395048808285,0.000513996459647532,"Sex, PC1-PC10, GRM (mixed model)"
"rs17626124",7,41477256,"X1.oleoyl.GPC..18.1.",143.018133877745,40.2375679160529,0.000513997589955136,"Sex, PC1-PC10, GRM (mixed model)"
"rs12026222",1,236649388,"Hypoxanthine",-366.196485826384,103.030763231253,0.000514175764499866,"Sex, PC1-PC10, GRM (mixed model)"
"rs17027398",2,41379098,"X1.oleoyl.GPC..18.1.",145.530799154558,40.9487594467553,0.000514662132554686,"Sex, PC1-PC10, GRM (mixed model)"
"rs7203024",16,79111404,"Pyridoxate",310.266211719122,87.3014140044075,0.000514676246214733,"Sex, PC1-PC10, GRM (mixed model)"
"rs10080736",6,25355792,"Taurocholate",97.3365804184695,27.3883244598212,0.000514714251880836,"Sex, PC1-PC10, GRM (mixed model)"
"rs2018267",14,44262123,"N.acetylglycine",-190.32663537919,53.5545500258558,0.000514823451174828,"Sex, PC1-PC10, GRM (mixed model)"
"rs1281603",1,82621367,"X1.linoleoyl.GPC..18.2.",54.6528809843691,15.3791007543739,0.000515133539308847,"Sex, PC1-PC10, GRM (mixed model)"
"rs16953154",16,52747518,"Glutamine",74.1137377345269,20.8578444177034,0.000515911413051243,"Sex, PC1-PC10, GRM (mixed model)"
"rs1996630",3,21756975,"Isoleucine",137.385815931564,38.6672912369081,0.000516370504635211,"Sex, PC1-PC10, GRM (mixed model)"
"rs11243489",9,133592777,"X1.palmitoyl.GPC..16.0.",100.973285084999,28.4206114308154,0.000516740437314504,"Sex, PC1-PC10, GRM (mixed model)"
"rs17074928",5,171928800,"Glutamine",131.67768271062,37.0639560392865,0.000516927355776241,"Sex, PC1-PC10, GRM (mixed model)"
"rs2143571",22,42723019,"X1.palmitoyl.GPC..16.0.",82.6763586462028,23.2749439263427,0.000517927519322366,"Sex, PC1-PC10, GRM (mixed model)"
"rs11830382",12,41718893,"Valine",360.278486211291,101.430649736257,0.000518276169700544,"Sex, PC1-PC10, GRM (mixed model)"
"rs2267016",22,21893980,"Erythritol",393.885489488847,110.892875938816,0.000518317394354905,"Sex, PC1-PC10, GRM (mixed model)"
"rs16825024",1,184415169,"Erythritol",748.152820279475,210.661000581036,0.000519208069269502,"Sex, PC1-PC10, GRM (mixed model)"
"rs16954178",18,8784092,"Erythritol",572.836978080263,161.2981857357,0.000519276408615504,"Sex, PC1-PC10, GRM (mixed model)"
"rs2156283",18,48684273,"Isoleucine",142.491396732325,40.1290016915624,0.000520333455811277,"Sex, PC1-PC10, GRM (mixed model)"
"rs6453333",5,76911220,"Caffeine",239.361638835797,67.4538447854453,0.000524540559512715,"Sex, PC1-PC10, GRM (mixed model)"
"rs8007174",14,39419448,"Caffeine",-120.375713040801,33.9283747309597,0.000525618047966906,"Sex, PC1-PC10, GRM (mixed model)"
"rs17425377",1,87875278,"X1.linoleoyl.GPC..18.2.",54.1921534391389,15.2744564499015,0.00052569549667848,"Sex, PC1-PC10, GRM (mixed model)"
"rs5918955",23,64720598,"N.acetylglycine",258.651374394041,72.9060477412064,0.00052598622801821,"Sex, PC1-PC10, GRM (mixed model)"
"rs4803149",19,58801283,"Valine",365.342581737914,102.982702748224,0.000526214405655685,"Sex, PC1-PC10, GRM (mixed model)"
"rs304038",3,4527175,"Leucine",395.901778870388,111.601020214732,0.000526465048083384,"Sex, PC1-PC10, GRM (mixed model)"
"rs1049377",12,26382507,"Hypoxanthine",862.162459868004,243.038023081062,0.000526531075052612,"Sex, PC1-PC10, GRM (mixed model)"
"rs2284372",20,1059874,"Oleate..18.1.",375.499225148303,105.854440159608,0.000526754844225989,"Sex, PC1-PC10, GRM (mixed model)"
"rs12494658",3,85957166,"Erythritol",-395.522003861181,111.512876433855,0.000527570470345882,"Sex, PC1-PC10, GRM (mixed model)"
"rs3106407",23,79881121,"Theobromine",-319.698594634894,90.1370027314617,0.000527690898579486,"Sex, PC1-PC10, GRM (mixed model)"
"rs1919319",4,165736771,"Threonate",411.53847395954,116.031154640285,0.000527717727179566,"Sex, PC1-PC10, GRM (mixed model)"
"rs11244207",9,132812917,"Hypoxanthine",777.361555908239,219.191205271972,0.000528257272775956,"Sex, PC1-PC10, GRM (mixed model)"
"rs9936054",16,64131336,"Gulono.1.4.lactone",629.949305594039,177.686884004416,0.000530512657142694,"Sex, PC1-PC10, GRM (mixed model)"
"rs11564421",18,23790179,"Erythritol",521.656773988978,147.173192607394,0.000531934415500807,"Sex, PC1-PC10, GRM (mixed model)"
"rs1421551",18,60098290,"Erythritol",733.933216088522,207.074584572738,0.00053233386007286,"Sex, PC1-PC10, GRM (mixed model)"
"rs7266736",20,9051343,"Oleate..18.1.",415.692790967168,117.286455683011,0.000532411279498532,"Sex, PC1-PC10, GRM (mixed model)"
"rs2414760",15,60194335,"Gulono.1.4.lactone",356.093550373022,100.476338203968,0.000532779616102444,"Sex, PC1-PC10, GRM (mixed model)"
"rs12047926",1,231393794,"Isoleucine",140.333917190091,39.5983056521119,0.000532995738410368,"Sex, PC1-PC10, GRM (mixed model)"
"rs41482845",3,176694800,"Hypoxanthine",621.966309636948,175.504607143185,0.000533112515736101,"Sex, PC1-PC10, GRM (mixed model)"
"rs6786265",3,135506746,"Leucine",394.965673371046,111.511332858048,0.00053673027253259,"Sex, PC1-PC10, GRM (mixed model)"
"rs5760932",22,23960597,"Palmitoylcarnitine..C16.",670.122486656683,189.205208499705,0.000537023692056975,"Sex, PC1-PC10, GRM (mixed model)"
"rs16895471",8,98368525,"X1.palmitoyl.GPC..16.0.",112.73705169968,31.8325487016147,0.000537417987254331,"Sex, PC1-PC10, GRM (mixed model)"
"rs11738464",5,132753092,"Glutamate",596.901256349689,168.544807173717,0.00053754229964415,"Sex, PC1-PC10, GRM (mixed model)"
"rs10509959",10,114045499,"Isovalerylcarnitine..C5.",311.982421175305,88.1100994451872,0.000538805757917814,"Sex, PC1-PC10, GRM (mixed model)"
"rs10806665",6,169349018,"Glutamate",704.887241637564,199.075298553844,0.000538838774970058,"Sex, PC1-PC10, GRM (mixed model)"
"rs17092523",14,20788758,"Isovalerylcarnitine..C5.",317.417530536069,89.6610222170324,0.000539987881709267,"Sex, PC1-PC10, GRM (mixed model)"
"rs9331341",6,157876455,"Palmitoylcarnitine..C16.",963.586894734852,272.189025283251,0.000540094372871199,"Sex, PC1-PC10, GRM (mixed model)"
"rs468969",21,27113787,"Xanthine",674.199519883545,190.44537923898,0.000540129248950862,"Sex, PC1-PC10, GRM (mixed model)"
"rs17789758",5,77201250,"X1.palmitoyl.GPC..16.0.",-58.5950769112029,16.5527761969893,0.000540554196829504,"Sex, PC1-PC10, GRM (mixed model)"
"rs7938457",11,110236804,"Theobromine",418.678904906603,118.274504212544,0.000540559444767772,"Sex, PC1-PC10, GRM (mixed model)"
"rs2719848",23,146492026,"Threonate",243.785705129221,68.8713700514489,0.000540872888346753,"Sex, PC1-PC10, GRM (mixed model)"
"rs2057034",6,139939760,"X1.oleoyl.GPC..18.1.",103.526335859261,29.254862397662,0.000542666848936858,"Sex, PC1-PC10, GRM (mixed model)"
"rs13384913",2,69197901,"Caffeine",158.765223556916,44.8674210536904,0.000543105802513189,"Sex, PC1-PC10, GRM (mixed model)"
"rs9945716",18,52336281,"Glutamine",135.365254086443,38.2552338091151,0.000543227940951635,"Sex, PC1-PC10, GRM (mixed model)"
"rs6610271",23,39181948,"Caffeine",172.59484837556,48.7790414002003,0.000543563448854075,"Sex, PC1-PC10, GRM (mixed model)"
"rs3872629",3,1279868,"Leucine",442.545339615417,125.072922211441,0.000543564875915381,"Sex, PC1-PC10, GRM (mixed model)"
"rs6055931",20,8517606,"Taurocholate",74.5294053087431,21.0655911936891,0.000544188927452781,"Sex, PC1-PC10, GRM (mixed model)"
"rs2288876",19,53429576,"Isoleucine",90.3277310212482,25.5320875921142,0.000544485644240667,"Sex, PC1-PC10, GRM (mixed model)"
"rs7622420",3,53086109,"Leucine",661.299492027816,186.923863861527,0.000544506265536127,"Sex, PC1-PC10, GRM (mixed model)"
"rs2886379",7,49592379,"Leucine",-375.218567953568,106.066242998226,0.000544912397942565,"Sex, PC1-PC10, GRM (mixed model)"
"rs13179607",5,156881013,"Isoleucine",145.711274488937,41.189924229338,0.000544989194850749,"Sex, PC1-PC10, GRM (mixed model)"
"rs908568",2,45189883,"Pyridoxate",567.710606248422,160.493847537825,0.000545507564487631,"Sex, PC1-PC10, GRM (mixed model)"
"rs5934913",23,7222277,"X1.oleoyl.GPC..18.1.",-80.7938280009552,22.8407529803187,0.00054552072060028,"Sex, PC1-PC10, GRM (mixed model)"
"rs16854108",3,170775795,"Xanthine",1045.18197408634,295.663021522115,0.000549753291891455,"Sex, PC1-PC10, GRM (mixed model)"
"rs1953454",14,83146134,"Theobromine",-350.020983922015,99.016205311255,0.0005498637566203,"Sex, PC1-PC10, GRM (mixed model)"
"rs2084799",8,63552090,"Taurocholate",89.0022482689724,25.1783847062795,0.000550092463296737,"Sex, PC1-PC10, GRM (mixed model)"
"rs210941",6,135578189,"X1.palmitoyl.GPC..16.0.",-54.2312136793516,15.341892213356,0.000550134752514733,"Sex, PC1-PC10, GRM (mixed model)"
"rs3827062",20,45077870,"Palmitoylcarnitine..C16.",638.517206694149,180.679282228025,0.000551789860623779,"Sex, PC1-PC10, GRM (mixed model)"
"rs12294315",11,80054653,"Valine",452.161801060646,127.948984663403,0.000551902629438705,"Sex, PC1-PC10, GRM (mixed model)"
"rs11851219",14,56371433,"Taurocholate",129.581259968091,36.6692552389521,0.000552166850375556,"Sex, PC1-PC10, GRM (mixed model)"
"rs6869396",5,60612388,"Hypoxanthine",635.039453008748,179.713675845416,0.000552487626392399,"Sex, PC1-PC10, GRM (mixed model)"
"rs7911009",10,49808465,"Isovalerylcarnitine..C5.",274.516555787768,77.6917514597601,0.000552893356111944,"Sex, PC1-PC10, GRM (mixed model)"
"rs7531837",1,176246843,"Glutamate",419.658631180871,118.772393687895,0.000553096366347754,"Sex, PC1-PC10, GRM (mixed model)"
"rs3801631",7,83572925,"Glutamine",146.165488448609,41.3764273104755,0.000554487034317364,"Sex, PC1-PC10, GRM (mixed model)"
"rs458752",5,178584888,"Hypoxanthine",489.801326781541,138.661752057183,0.000554935272912815,"Sex, PC1-PC10, GRM (mixed model)"
"rs6030124",20,40371421,"Isoleucine",-108.11834717122,30.6104989294985,0.000555473384332758,"Sex, PC1-PC10, GRM (mixed model)"
"rs7425090",2,85815654,"Leucine",422.6798541697,119.6712666109,0.000555588464947588,"Sex, PC1-PC10, GRM (mixed model)"
"rs5952167",23,115443400,"Isoleucine",-102.488827236809,29.0191168837449,0.000556049245596477,"Sex, PC1-PC10, GRM (mixed model)"
"rs7234110",18,71821312,"Valine",341.590479921536,96.7290345969262,0.000556732105658359,"Sex, PC1-PC10, GRM (mixed model)"
"rs10500388",16,12622981,"Glutamate",473.859915759597,134.213455521364,0.000558228287235656,"Sex, PC1-PC10, GRM (mixed model)"
"rs4351447",8,71606570,"Glutamate",-330.577230673808,93.643759055233,0.000559172223387742,"Sex, PC1-PC10, GRM (mixed model)"
"rs11739995",5,107154615,"Isovalerylcarnitine..C5.",467.192279825337,132.346527225028,0.0005593458095721,"Sex, PC1-PC10, GRM (mixed model)"
"rs7529572",1,197902039,"Isoleucine",156.423601264394,44.3134005616967,0.00055959711388184,"Sex, PC1-PC10, GRM (mixed model)"
"rs2529489",7,110947132,"Theobromine",377.792308006076,107.029175646127,0.000559854280531445,"Sex, PC1-PC10, GRM (mixed model)"
"rs17355696",18,72307127,"Erythritol",524.781349483777,148.673682641064,0.000559959223853146,"Sex, PC1-PC10, GRM (mixed model)"
"rs1956509",14,25873139,"Glutamine",75.8972316790302,21.5045130170439,0.000560718117657882,"Sex, PC1-PC10, GRM (mixed model)"
"rs2609938",2,30758021,"Isoleucine",164.937745745722,46.735234437238,0.00056104578002411,"Sex, PC1-PC10, GRM (mixed model)"
"rs17432784",22,15576300,"Isovalerylcarnitine..C5.",444.206812717588,125.889172328199,0.000562294843477198,"Sex, PC1-PC10, GRM (mixed model)"
"rs6574361",14,76755110,"Hippurate",175.20025766889,49.653569073326,0.000562494283705884,"Sex, PC1-PC10, GRM (mixed model)"
"rs9982023",21,28837097,"Hypoxanthine",648.258887387348,183.730367173138,0.000562759936580214,"Sex, PC1-PC10, GRM (mixed model)"
"rs35489229",3,5088187,"X1.oleoyl.GPC..18.1.",129.728852750385,36.7797409597789,0.000564980808237279,"Sex, PC1-PC10, GRM (mixed model)"
"rs13272252",8,134658622,"Palmitoylcarnitine..C16.",864.272772194909,245.033406163967,0.000565018682809137,"Sex, PC1-PC10, GRM (mixed model)"
"rs11036538",11,41726762,"Isoleucine",173.138323083538,49.0873322864739,0.000565046691611345,"Sex, PC1-PC10, GRM (mixed model)"
"rs4422596",6,67723163,"Glutamine",98.4455088577224,27.9129121096313,0.000565573000615485,"Sex, PC1-PC10, GRM (mixed model)"
"rs12722729",1,22854653,"X1.linoleoyl.GPC..18.2.",41.3976434463314,11.7384259252878,0.000565971867073565,"Sex, PC1-PC10, GRM (mixed model)"
"rs437499",5,31715322,"Oleate..18.1.",278.26789576027,78.9064119928487,0.000566210430303195,"Sex, PC1-PC10, GRM (mixed model)"
"rs7259497",19,5299933,"X1.palmitoyl.GPC..16.0.",130.894183075575,37.1197835932871,0.000566783689304562,"Sex, PC1-PC10, GRM (mixed model)"
"rs9903517",17,40014927,"Taurocholate",85.4558637244835,24.2359018147225,0.000567298777693871,"Sex, PC1-PC10, GRM (mixed model)"
"rs619865",20,33331111,"Erythritol",736.963987185359,209.022623585425,0.000567774019259354,"Sex, PC1-PC10, GRM (mixed model)"
"rs698613",18,44781491,"Isoleucine",131.80397320457,37.3854003523196,0.000568198249498689,"Sex, PC1-PC10, GRM (mixed model)"
"rs17509409",14,78675366,"Leucine",698.812134430074,198.215958287722,0.00056827262725583,"Sex, PC1-PC10, GRM (mixed model)"
"rs10502916",18,46999117,"X1.palmitoyl.GPC..16.0.",-55.4339306054437,15.7238160115162,0.000568338294287156,"Sex, PC1-PC10, GRM (mixed model)"
"rs363395",10,118996542,"Threonate",368.819744868183,104.623408985631,0.00056885774388039,"Sex, PC1-PC10, GRM (mixed model)"
"rs254240",5,164916776,"Caffeine",195.02195523524,55.3254120702515,0.000569281746641959,"Sex, PC1-PC10, GRM (mixed model)"
"rs891778",2,54977916,"Pyridoxate",629.601073798543,178.618011249961,0.000569580720238358,"Sex, PC1-PC10, GRM (mixed model)"
"rs4301066",4,162193855,"Threonate",286.067569998278,81.1585561125964,0.000569675316295312,"Sex, PC1-PC10, GRM (mixed model)"
"rs28201",12,30869635,"Pyridoxate",347.454452566495,98.5815075897199,0.00057018722222175,"Sex, PC1-PC10, GRM (mixed model)"
"rs10860025",12,95287339,"X1.palmitoyl.GPC..16.0.",-58.8516956093395,16.6986852981639,0.000570600484472831,"Sex, PC1-PC10, GRM (mixed model)"
"rs2022240",17,14283059,"Palmitoylcarnitine..C16.",454.011378464126,128.823522155562,0.000570682949624487,"Sex, PC1-PC10, GRM (mixed model)"
"rs10502882",18,43333631,"Theobromine",413.186340191977,117.244894106939,0.000570997236680312,"Sex, PC1-PC10, GRM (mixed model)"
"rs7691494",4,5993550,"Hypoxanthine",475.627435173296,134.99766399764,0.000572790361372329,"Sex, PC1-PC10, GRM (mixed model)"
"rs10491090",17,9988337,"Leucine",450.262057348956,127.8237591841,0.000574192480262235,"Sex, PC1-PC10, GRM (mixed model)"
"rs4299296",2,158117377,"Theobromine",399.065363194111,113.290428849672,0.000574240168459279,"Sex, PC1-PC10, GRM (mixed model)"
"rs10140599",14,44099397,"X1.linoleoyl.GPC..18.2.",-38.3991905222058,10.9030937415732,0.000575509547745547,"Sex, PC1-PC10, GRM (mixed model)"
"rs11771438",7,1314443,"Leucine",641.922408336548,182.276354302643,0.000575835331749425,"Sex, PC1-PC10, GRM (mixed model)"
"rs360089",1,224124954,"Caffeine",201.149423844643,57.1175970550328,0.000575889395328206,"Sex, PC1-PC10, GRM (mixed model)"
"rs10805635",5,38816535,"Oleate..18.1.",489.732355191468,139.093784319386,0.000577475159154596,"Sex, PC1-PC10, GRM (mixed model)"
"rs9872261",3,22276433,"Pyridoxate",513.574620036936,145.873821841357,0.000577879249139156,"Sex, PC1-PC10, GRM (mixed model)"
"rs7438824",4,115849432,"Xanthine",800.499464333181,227.374711585066,0.000577997970786371,"Sex, PC1-PC10, GRM (mixed model)"
"rs10446439",3,14396243,"Isoleucine",147.201001350898,41.8120514680296,0.000578153909146392,"Sex, PC1-PC10, GRM (mixed model)"
"rs35089",12,31026745,"Taurocholate",116.431637263931,33.0785979778186,0.000579542852175079,"Sex, PC1-PC10, GRM (mixed model)"
"rs928110",14,56349192,"Glutamate",337.715980856954,95.9565061838082,0.000580304205304216,"Sex, PC1-PC10, GRM (mixed model)"
"rs12113884",7,88376429,"Pyridoxate",566.626162640764,161.001525051725,0.000580476260935911,"Sex, PC1-PC10, GRM (mixed model)"
"rs1389325",5,24990563,"Caffeine",232.018459188543,65.9270665907698,0.000580604244369763,"Sex, PC1-PC10, GRM (mixed model)"
"rs17784288",20,3577843,"Palmitoylcarnitine..C16.",910.932990640257,258.853592582883,0.000581037463252442,"Sex, PC1-PC10, GRM (mixed model)"
"rs16824919",2,229026489,"Taurocholate",124.625949622804,35.4203538536871,0.00058228961785144,"Sex, PC1-PC10, GRM (mixed model)"
"rs1444547",8,80831670,"Isovalerylcarnitine..C5.",237.6775830527,67.5591065098416,0.000583128301545442,"Sex, PC1-PC10, GRM (mixed model)"
"rs639758",11,91946801,"X1.linoleoyl.GPC..18.2.",49.3019110807031,14.0146581436526,0.000583506257097487,"Sex, PC1-PC10, GRM (mixed model)"
"rs10190462",2,137918055,"Xanthine",689.181985920291,195.912189743699,0.000583650211528736,"Sex, PC1-PC10, GRM (mixed model)"
"rs4668632",2,9753029,"X1.linoleoyl.GPC..18.2.",37.3421820543127,10.6168608942894,0.000584779909272738,"Sex, PC1-PC10, GRM (mixed model)"
"rs1835326",2,114997575,"Glutamine",78.969160066575,22.4609878603271,0.000587656295775424,"Sex, PC1-PC10, GRM (mixed model)"
"rs659117",13,32540151,"X1.oleoyl.GPC..18.1.",128.938179546638,36.6765720652355,0.000588247703492661,"Sex, PC1-PC10, GRM (mixed model)"
"rs469983",22,27884183,"Valine",401.836113294088,114.305546207226,0.000588431396843714,"Sex, PC1-PC10, GRM (mixed model)"
"rs1041168",10,122208645,"Caffeine",127.062140535964,36.1441475651147,0.000588488826270204,"Sex, PC1-PC10, GRM (mixed model)"
"rs4485354",16,57358776,"Oleate..18.1.",648.004919099985,184.334280732914,0.000588587617728367,"Sex, PC1-PC10, GRM (mixed model)"
"rs2857928",11,6946297,"X1.oleoyl.GPC..18.1.",102.077729320526,29.040469251038,0.000589327731238874,"Sex, PC1-PC10, GRM (mixed model)"
"rs10935257",3,138819439,"Erythritol",399.234080542584,113.602217800225,0.000590759490827353,"Sex, PC1-PC10, GRM (mixed model)"
"rs11987150",8,41537320,"Leucine",490.767368400271,139.649774538876,0.000590848203561124,"Sex, PC1-PC10, GRM (mixed model)"
"rs10817441",9,114924881,"Glutamate",355.260698595479,101.099039572156,0.000591432994086173,"Sex, PC1-PC10, GRM (mixed model)"
"rs17099524",11,102134908,"Threonate",331.944513207114,94.4694005012774,0.000591860680008563,"Sex, PC1-PC10, GRM (mixed model)"
"rs10423790",19,23450692,"N.acetylglycine",264.150020834899,75.1794887851316,0.000592243064240696,"Sex, PC1-PC10, GRM (mixed model)"
"rs2100682",1,232367891,"Hippurate",288.305793339287,82.0547729366984,0.000592272260338722,"Sex, PC1-PC10, GRM (mixed model)"
"rs1805962",5,9268068,"Isoleucine",81.728527424097,23.2624870153788,0.000592803252403748,"Sex, PC1-PC10, GRM (mixed model)"
"rs7003856",8,14555138,"Threonate",-231.864454797467,66.0021320147546,0.000593489672859661,"Sex, PC1-PC10, GRM (mixed model)"
"rs1835933",5,171066664,"Xanthine",-505.683621660009,143.95080070588,0.000593679318568788,"Sex, PC1-PC10, GRM (mixed model)"
"rs736259",6,44616383,"Hypoxanthine",469.285737411217,133.59818618084,0.000594145146846663,"Sex, PC1-PC10, GRM (mixed model)"
"rs4072819",23,116046987,"X1.palmitoyl.GPC..16.0.",69.6669730318543,19.8344374895003,0.000594640107018362,"Sex, PC1-PC10, GRM (mixed model)"
"rs6952791",7,106070388,"Threonate",320.414642046142,91.2273387250622,0.000594968244680671,"Sex, PC1-PC10, GRM (mixed model)"
"rs4234280",3,128260929,"Isovalerylcarnitine..C5.",309.860826256163,88.2296219400784,0.000595552997283545,"Sex, PC1-PC10, GRM (mixed model)"
"rs6674714",1,112240977,"X1.linoleoyl.GPC..18.2.",51.2666404172373,14.5983627523144,0.00059591232579033,"Sex, PC1-PC10, GRM (mixed model)"
"rs12518783",5,73162674,"Xanthine",633.524915747322,180.408728477415,0.000596321971146338,"Sex, PC1-PC10, GRM (mixed model)"
"rs4702667",5,10128772,"Isovalerylcarnitine..C5.",326.750323928252,93.0489314137026,0.000596347295720149,"Sex, PC1-PC10, GRM (mixed model)"
"rs2526296",16,4113728,"Threonate",345.70527099411,98.4477812657322,0.000596423543210051,"Sex, PC1-PC10, GRM (mixed model)"
"rs607930",5,115971093,"Theobromine",361.606818652173,102.981901117715,0.000596830304524215,"Sex, PC1-PC10, GRM (mixed model)"
"rs41340552",5,120426097,"Xanthine",774.871606127934,220.693866540874,0.000597435530021881,"Sex, PC1-PC10, GRM (mixed model)"
"rs17827851",4,60257457,"Isovalerylcarnitine..C5.",429.494057709023,122.325741316087,0.000597438547021615,"Sex, PC1-PC10, GRM (mixed model)"
"rs11627509",14,56298647,"Xanthine",990.447865185685,282.118689966399,0.000598099829452208,"Sex, PC1-PC10, GRM (mixed model)"
"rs4972622",2,174516462,"Pyridoxate",329.117997016958,93.7515731936834,0.000598546619181795,"Sex, PC1-PC10, GRM (mixed model)"
"rs2882606",7,9634512,"Palmitoylcarnitine..C16.",676.020761535459,192.580383688749,0.000598966661040808,"Sex, PC1-PC10, GRM (mixed model)"
"rs782905",15,59160873,"Glutamate",448.026193433796,127.633424785101,0.000599117512838673,"Sex, PC1-PC10, GRM (mixed model)"
"rs5916033",23,5195649,"Glutamine",84.9883314300389,24.2181357227927,0.000601137677611671,"Sex, PC1-PC10, GRM (mixed model)"
"rs4603275",11,97825623,"Oleate..18.1.",376.628971135761,107.365267259951,0.000603978020735677,"Sex, PC1-PC10, GRM (mixed model)"
"rs7085996",10,68245644,"X1.palmitoyl.GPC..16.0.",-70.0722131927761,19.9771030542876,0.000604595659492735,"Sex, PC1-PC10, GRM (mixed model)"
"rs160052",10,91185060,"Taurocholate",84.3854078568264,24.0589057930283,0.00060496462213798,"Sex, PC1-PC10, GRM (mixed model)"
"rs10994725",10,62760435,"X1.oleoyl.GPC..18.1.",206.031637356557,58.7507886706324,0.000606169843158283,"Sex, PC1-PC10, GRM (mixed model)"
"rs17125",3,124994673,"X1.linoleoyl.GPC..18.2.",50.236369855931,14.3267776253379,0.000607024811329103,"Sex, PC1-PC10, GRM (mixed model)"
"rs11096076",23,142570097,"Hypoxanthine",505.596530517578,144.206454880516,0.000607878451575201,"Sex, PC1-PC10, GRM (mixed model)"
"rs7656647",4,5860028,"Oleate..18.1.",335.295258822805,95.6373708629909,0.000608211080148239,"Sex, PC1-PC10, GRM (mixed model)"
"rs4761478",12,93386987,"Pyridoxate",-345.949106444652,98.68230529284,0.000608667102195002,"Sex, PC1-PC10, GRM (mixed model)"
"rs16855429",2,169079727,"Leucine",753.672049678368,215.061566105299,0.000611276058943643,"Sex, PC1-PC10, GRM (mixed model)"
"rs7805631",7,7315781,"Theobromine",-405.249317645823,115.660596466855,0.000612687980055656,"Sex, PC1-PC10, GRM (mixed model)"
"rs6978192",7,22532464,"Isovalerylcarnitine..C5.",459.411425119659,131.119951168217,0.000612753779354075,"Sex, PC1-PC10, GRM (mixed model)"
"rs10868142",9,86111435,"X1.oleoyl.GPC..18.1.",114.027916182879,32.5511763910916,0.000614267438959956,"Sex, PC1-PC10, GRM (mixed model)"
"rs723118",20,9764249,"Palmitoylcarnitine..C16.",-527.974101588919,150.737312781724,0.000615169293132388,"Sex, PC1-PC10, GRM (mixed model)"
"rs1012049",6,128572000,"Caffeine",-126.243951203092,36.0445412530062,0.00061552547580169,"Sex, PC1-PC10, GRM (mixed model)"
"rs17151967",7,127715199,"X1.oleoyl.GPC..18.1.",145.629198288293,41.5827078417854,0.000616132543072926,"Sex, PC1-PC10, GRM (mixed model)"
"rs964453",16,83325736,"X1.linoleoyl.GPC..18.2.",36.3646052441703,10.3840938121172,0.00061656892725773,"Sex, PC1-PC10, GRM (mixed model)"
"rs10516587",4,113269725,"Taurocholate",171.396488671048,48.9435435909055,0.000616633569234778,"Sex, PC1-PC10, GRM (mixed model)"
"rs4750975",10,130217479,"Threonate",246.816739004636,70.4922538674701,0.000617893593758716,"Sex, PC1-PC10, GRM (mixed model)"
"rs17268300",23,129421865,"Threonate",280.857782785387,80.2248650140674,0.000618853369079734,"Sex, PC1-PC10, GRM (mixed model)"
"rs4677062",3,72063128,"Caffeine",183.477686488863,52.4092837804588,0.000618895362024355,"Sex, PC1-PC10, GRM (mixed model)"
"rs177987",17,3679813,"Oleate..18.1.",410.419674543023,117.242938790112,0.000619473729481599,"Sex, PC1-PC10, GRM (mixed model)"
"rs16915186",9,29691566,"Leucine",821.436179121016,234.668786498313,0.000619870029845152,"Sex, PC1-PC10, GRM (mixed model)"
"rs9547629",13,36119370,"X1.oleoyl.GPC..18.1.",95.92740472415,27.4061047457128,0.00062026898459263,"Sex, PC1-PC10, GRM (mixed model)"
"rs6088323",20,31919527,"Caffeine",-160.515207200085,45.8603115868911,0.000620548673398263,"Sex, PC1-PC10, GRM (mixed model)"
"rs7978604",12,8892984,"Palmitoylcarnitine..C16.",937.215436341623,267.817964223454,0.000621922070125592,"Sex, PC1-PC10, GRM (mixed model)"
"rs28924694",8,107828733,"Erythritol",550.583229436375,157.351098506344,0.000622727550069137,"Sex, PC1-PC10, GRM (mixed model)"
"rs11132435",4,188404658,"Pyridoxate",706.659060898133,201.98831128169,0.000623932462252811,"Sex, PC1-PC10, GRM (mixed model)"
"rs7240599",18,36787696,"Hypoxanthine",536.669016738483,153.403892497464,0.000624167591888479,"Sex, PC1-PC10, GRM (mixed model)"
"rs536715",11,220368,"Erythritol",511.208943117935,146.127871510175,0.000624250192624597,"Sex, PC1-PC10, GRM (mixed model)"
"rs12459603",19,10950846,"Erythritol",467.043500368989,133.507665779967,0.000624497656810597,"Sex, PC1-PC10, GRM (mixed model)"
"rs1551681",10,127848545,"Hypoxanthine",776.36656896999,221.935569187903,0.00062469241230543,"Sex, PC1-PC10, GRM (mixed model)"
"rs13262643",8,11649688,"Pyridoxate",508.028723684934,145.23334729089,0.000625004993821869,"Sex, PC1-PC10, GRM (mixed model)"
"rs9548386",13,38009365,"Hippurate",305.154440671755,87.2450330715592,0.000625751438762032,"Sex, PC1-PC10, GRM (mixed model)"
"rs11920786",3,5004354,"Leucine",435.052172449704,124.387469824173,0.00062599976563236,"Sex, PC1-PC10, GRM (mixed model)"
"rs7160443",14,77828549,"X1.oleoyl.GPC..18.1.",100.675519990268,28.7865967277015,0.000626541948455361,"Sex, PC1-PC10, GRM (mixed model)"
"rs3790328",20,17457014,"Glutamine",111.024411008127,31.7459169448431,0.000626593409990644,"Sex, PC1-PC10, GRM (mixed model)"
"rs7661720",4,154142243,"Glutamine",67.7904208165227,19.3852620752579,0.000627184809673665,"Sex, PC1-PC10, GRM (mixed model)"
"rs6882257",5,170862039,"X1.palmitoyl.GPC..16.0.",75.6736580661125,21.64161231356,0.000627909054831805,"Sex, PC1-PC10, GRM (mixed model)"
"rs2453412",1,43448054,"Pyridoxate",-450.38510286457,128.80817659939,0.000628162579168866,"Sex, PC1-PC10, GRM (mixed model)"
"rs556327",10,131637695,"Oleate..18.1.",423.737612330595,121.195343737243,0.000628677627546976,"Sex, PC1-PC10, GRM (mixed model)"
"rs4671784",2,67241736,"Hippurate",277.548552927389,79.3855300792777,0.000628912749165412,"Sex, PC1-PC10, GRM (mixed model)"
"rs17484145",7,112353143,"Palmitoylcarnitine..C16.",935.867619129908,267.710880461536,0.000629773041963974,"Sex, PC1-PC10, GRM (mixed model)"
"rs17423498",7,32098695,"X1.linoleoyl.GPC..18.2.",42.4753420035247,12.1520300405397,0.000630829229994512,"Sex, PC1-PC10, GRM (mixed model)"
"rs10033230",4,189376185,"Valine",408.746870304372,116.95873277065,0.000631990688101271,"Sex, PC1-PC10, GRM (mixed model)"
"rs17427572",1,22160453,"Palmitoylcarnitine..C16.",998.419484518691,285.757211701128,0.000633851356616507,"Sex, PC1-PC10, GRM (mixed model)"
"rs2027214",13,103366378,"Hypoxanthine",739.522988204753,211.686531164139,0.000634861404149801,"Sex, PC1-PC10, GRM (mixed model)"
"rs1915412",8,19121706,"Pyridoxate",551.865898992186,157.979687500115,0.000635321937915061,"Sex, PC1-PC10, GRM (mixed model)"
"rs6633179",23,18946696,"Glutamine",119.95440183578,34.3397649507466,0.000635558750821388,"Sex, PC1-PC10, GRM (mixed model)"
"rs2107425",11,1977651,"Taurocholate",-74.5738420923798,21.3487658160379,0.000635649105050838,"Sex, PC1-PC10, GRM (mixed model)"
"rs11861377",16,77498248,"Erythritol",538.519007128154,154.181854916407,0.000636460029870831,"Sex, PC1-PC10, GRM (mixed model)"
"rs3771105",2,65177593,"Taurocholate",147.742250346123,42.3022149181174,0.000636921980240877,"Sex, PC1-PC10, GRM (mixed model)"
"rs1689699",5,133246355,"Isoleucine",84.4244376204349,24.1768488339641,0.00063821433792143,"Sex, PC1-PC10, GRM (mixed model)"
"rs16848600",1,173785168,"X1.oleoyl.GPC..18.1.",219.173808335977,62.771483358491,0.000638961547259527,"Sex, PC1-PC10, GRM (mixed model)"
"rs9325133",5,148529541,"Valine",682.112642130368,195.363312846927,0.000639194873023902,"Sex, PC1-PC10, GRM (mixed model)"
"rs12152338",3,78363820,"X1.oleoyl.GPC..18.1.",133.906402419915,38.3554483030213,0.000639882598775342,"Sex, PC1-PC10, GRM (mixed model)"
"rs7846857",9,117083310,"Hippurate",203.625356464636,58.3359131085849,0.000641274243715172,"Sex, PC1-PC10, GRM (mixed model)"
"rs17610851",1,76378332,"Theobromine",705.443075500577,202.139470442748,0.000642785665948288,"Sex, PC1-PC10, GRM (mixed model)"
"rs9348260",6,170358048,"Threonate",164.623495005865,47.1727372926424,0.000642965650593237,"Sex, PC1-PC10, GRM (mixed model)"
"rs310177",1,61033031,"Threonate",322.797521578161,92.5111343991046,0.000644115755780388,"Sex, PC1-PC10, GRM (mixed model)"
"rs17745082",12,11543289,"X1.palmitoyl.GPC..16.0.",78.5905189739797,22.5247650886333,0.000644584800963889,"Sex, PC1-PC10, GRM (mixed model)"
"rs8105903",19,51979990,"X1.palmitoyl.GPC..16.0.",55.1724619813645,15.8130336214686,0.000644633266885786,"Sex, PC1-PC10, GRM (mixed model)"
"rs10824541",10,78856265,"Palmitoylcarnitine..C16.",752.125640781332,215.569070626805,0.000644690802369341,"Sex, PC1-PC10, GRM (mixed model)"
"rs1017329",8,40400554,"Pyridoxate",736.060210019134,210.983683681041,0.000645395485694446,"Sex, PC1-PC10, GRM (mixed model)"
"rs9680445",21,19998366,"X1.linoleoyl.GPC..18.2.",76.1895954308066,21.8391185029909,0.000645465285790735,"Sex, PC1-PC10, GRM (mixed model)"
"rs2647517",1,77663242,"Leucine",734.61944407529,210.588886854187,0.000646065538975389,"Sex, PC1-PC10, GRM (mixed model)"
"rs2490689",10,7009822,"X1.palmitoyl.GPC..16.0.",55.2662262701449,15.8430598463321,0.000646176773462589,"Sex, PC1-PC10, GRM (mixed model)"
"rs10504378",8,65556040,"Leucine",656.370874841031,188.177344667413,0.00064687045834285,"Sex, PC1-PC10, GRM (mixed model)"
"rs1749943",14,36375842,"X1.oleoyl.GPC..18.1.",98.047985592289,28.1099964157767,0.000646943484223601,"Sex, PC1-PC10, GRM (mixed model)"
"rs10134679",14,93396156,"Taurocholate",83.8150244884028,24.0331682670283,0.000648144159322154,"Sex, PC1-PC10, GRM (mixed model)"
"rs1430498",14,81583304,"X1.linoleoyl.GPC..18.2.",47.6695826597747,13.6697120843871,0.000648661775116746,"Sex, PC1-PC10, GRM (mixed model)"
"rs12216932",23,22172767,"Palmitoylcarnitine..C16.",456.410968983533,130.884400965211,0.000648909326889123,"Sex, PC1-PC10, GRM (mixed model)"
"rs7175287",15,36500135,"Valine",580.214430551931,166.40130769114,0.000649562609287879,"Sex, PC1-PC10, GRM (mixed model)"
"rs5771040",22,49249256,"N.acetylglycine",-162.875226004792,46.7133884384866,0.000649888277822106,"Sex, PC1-PC10, GRM (mixed model)"
"rs10225225",7,16361910,"Erythritol",358.805457993603,102.914067077846,0.000650415979013271,"Sex, PC1-PC10, GRM (mixed model)"
"rs1044165",23,65158451,"Leucine",552.622101558627,158.523380078556,0.000651304170125944,"Sex, PC1-PC10, GRM (mixed model)"
"rs7794569",7,114991578,"Palmitoylcarnitine..C16.",492.764894170247,141.368673286086,0.000652174935677878,"Sex, PC1-PC10, GRM (mixed model)"
"rs2884078",6,119427883,"Taurocholate",-66.3757880117154,19.0460808192692,0.000653663270867133,"Sex, PC1-PC10, GRM (mixed model)"
"rs11148034",13,46561500,"X1.linoleoyl.GPC..18.2.",41.4163127083755,11.8854665435539,0.000654546164513978,"Sex, PC1-PC10, GRM (mixed model)"
"rs988671",4,70541417,"Threonate",173.460605238584,49.7795076013326,0.000654635399834513,"Sex, PC1-PC10, GRM (mixed model)"
"rs2482100",10,18521086,"Leucine",541.384831061527,155.376026831457,0.00065514520046259,"Sex, PC1-PC10, GRM (mixed model)"
"rs17683237",2,177637930,"Valine",536.539893631678,153.98566965516,0.000655151688561811,"Sex, PC1-PC10, GRM (mixed model)"
"rs17511079",14,26403057,"Leucine",622.649391361758,178.730860826452,0.000656558499744368,"Sex, PC1-PC10, GRM (mixed model)"
"rs1013724",10,130479597,"Taurocholate",102.558569858982,29.4400799739062,0.000656758800382031,"Sex, PC1-PC10, GRM (mixed model)"
"rs16849574",2,165119448,"Hypoxanthine",559.391803218285,160.581728495811,0.000656994525167829,"Sex, PC1-PC10, GRM (mixed model)"
"rs8019441",14,51180079,"X1.palmitoyl.GPC..16.0.",68.3914355641728,19.6332431488716,0.000657181248489924,"Sex, PC1-PC10, GRM (mixed model)"
"rs10505381",8,121996336,"Palmitoylcarnitine..C16.",995.57221828022,285.802211745261,0.000657226434655788,"Sex, PC1-PC10, GRM (mixed model)"
"rs6013926",20,52261565,"Glutamine",139.944360429422,40.1794059480819,0.000658230110918189,"Sex, PC1-PC10, GRM (mixed model)"
"rs10873889",1,76734548,"Isoleucine",-95.6428399844931,27.4619989312225,0.000658803802151411,"Sex, PC1-PC10, GRM (mixed model)"
"rs9313083",5,4528360,"Pyridoxate",661.258828530861,189.88168893251,0.00065938424008054,"Sex, PC1-PC10, GRM (mixed model)"
"rs4065395",3,1303461,"Isoleucine",90.0736825396171,25.8650582091432,0.000659455895842562,"Sex, PC1-PC10, GRM (mixed model)"
"rs9613287",22,25607262,"Erythritol",343.904769581392,98.7597173085835,0.000659930826558376,"Sex, PC1-PC10, GRM (mixed model)"
"rs9381514",6,47232015,"Leucine",351.015183194451,100.814640698511,0.000660952106358114,"Sex, PC1-PC10, GRM (mixed model)"
"rs10165678",2,30300072,"Hippurate",155.263333561513,44.602102342178,0.000662570971914943,"Sex, PC1-PC10, GRM (mixed model)"
"rs2998901",1,215723760,"Theobromine",377.452365010146,108.436236177382,0.000663043487677854,"Sex, PC1-PC10, GRM (mixed model)"
"rs3181334",11,104371594,"Taurocholate",130.206764284776,37.4135037095235,0.000664553762355752,"Sex, PC1-PC10, GRM (mixed model)"
"rs1503513",5,63019387,"Erythritol",580.999668281669,166.958742155546,0.000665258128589829,"Sex, PC1-PC10, GRM (mixed model)"
"rs12599393",16,67386522,"X1.oleoyl.GPC..18.1.",93.7284918147083,26.9361790290516,0.000665828045141714,"Sex, PC1-PC10, GRM (mixed model)"
"rs9505240",6,7558341,"X1.oleoyl.GPC..18.1.",150.651472797266,43.2977412829422,0.000666332609769978,"Sex, PC1-PC10, GRM (mixed model)"
"rs1843755",2,172723356,"Leucine",-344.044446775491,98.8818490378851,0.000666519252454838,"Sex, PC1-PC10, GRM (mixed model)"
"rs9892725",17,7928241,"Valine",297.091472042532,85.4063398551383,0.000668318669706788,"Sex, PC1-PC10, GRM (mixed model)"
"rs4367331",5,99350191,"N.acetylglycine",294.647039463476,84.7064151370836,0.000668581783617588,"Sex, PC1-PC10, GRM (mixed model)"
"rs4927168",1,55098933,"Threonate",311.73220175239,89.6196125899964,0.000668713865837798,"Sex, PC1-PC10, GRM (mixed model)"
"rs14281",1,6204254,"Palmitoylcarnitine..C16.",645.330804298933,185.537692422904,0.00066923616585931,"Sex, PC1-PC10, GRM (mixed model)"
"rs17079553",8,3023076,"Glutamine",102.1391111438,29.3702700415273,0.00067045509905151,"Sex, PC1-PC10, GRM (mixed model)"
"rs2150129",20,59728259,"Valine",547.570260074153,157.457653241001,0.000670603771286285,"Sex, PC1-PC10, GRM (mixed model)"
"rs12059674",1,57402866,"Hippurate",262.421896111203,75.4653667958294,0.000671041220081525,"Sex, PC1-PC10, GRM (mixed model)"
"rs7142719",14,67087708,"X1.oleoyl.GPC..18.1.",146.738397411822,42.198666854773,0.000671176791825348,"Sex, PC1-PC10, GRM (mixed model)"
"rs41493449",4,42590472,"Oleate..18.1.",625.367890646473,179.846132722507,0.000671371951655503,"Sex, PC1-PC10, GRM (mixed model)"
"rs17116375",14,81669165,"X1.palmitoyl.GPC..16.0.",106.182829627472,30.5424019169983,0.000672913587190275,"Sex, PC1-PC10, GRM (mixed model)"
"rs7659487",4,27533657,"Palmitoylcarnitine..C16.",723.871227954599,208.239716274211,0.000673901809077653,"Sex, PC1-PC10, GRM (mixed model)"
"rs11231971",11,79580205,"Pyridoxate",458.961858763872,132.03436811174,0.0006740528154202,"Sex, PC1-PC10, GRM (mixed model)"
"rs1563037",10,130607925,"Erythritol",445.854004049131,128.278768411123,0.000675012024644726,"Sex, PC1-PC10, GRM (mixed model)"
"rs2064265",23,33179680,"X1.oleoyl.GPC..18.1.",100.395258918202,28.8860327629023,0.000675245627689426,"Sex, PC1-PC10, GRM (mixed model)"
"rs17067728",18,56880303,"X1.palmitoyl.GPC..16.0.",96.3929816200778,27.7346168914276,0.00067528390466789,"Sex, PC1-PC10, GRM (mixed model)"
"rs10094842",8,68744075,"Glutamine",132.575348148723,38.1532936816666,0.000677003143296483,"Sex, PC1-PC10, GRM (mixed model)"
"rs12034108",1,62577906,"X1.palmitoyl.GPC..16.0.",71.5145094019774,20.5826600703978,0.00067771195877137,"Sex, PC1-PC10, GRM (mixed model)"
"rs4750829",10,132437251,"Hippurate",265.464545445433,76.4046612054721,0.000677823517827776,"Sex, PC1-PC10, GRM (mixed model)"
"rs17202303",16,61689461,"Taurocholate",113.354801440977,32.6288813888069,0.000678735510923151,"Sex, PC1-PC10, GRM (mixed model)"
"rs11956546",5,96511787,"Palmitoylcarnitine..C16.",705.698069615937,203.148167715309,0.000679327126490134,"Sex, PC1-PC10, GRM (mixed model)"
"rs3024347",6,6248210,"Theobromine",351.878900908293,101.314817380478,0.000680929072069333,"Sex, PC1-PC10, GRM (mixed model)"
"rs4876812",8,119439898,"Threonate",200.654125644528,57.7736606849397,0.000680967471355393,"Sex, PC1-PC10, GRM (mixed model)"
"rs4463179",5,13558432,"Erythritol",634.878412558787,182.827345712626,0.000682255049416725,"Sex, PC1-PC10, GRM (mixed model)"
"rs2189555",7,11295526,"Palmitoylcarnitine..C16.",791.689025297991,228.005204541412,0.000682995996386731,"Sex, PC1-PC10, GRM (mixed model)"
"rs3732977",3,9052450,"N.acetylglycine",293.966140582038,84.6771198589628,0.000684471457070168,"Sex, PC1-PC10, GRM (mixed model)"
"rs509566",11,120306670,"Hippurate",239.64293967845,69.0300802278621,0.000684564855021608,"Sex, PC1-PC10, GRM (mixed model)"
"rs13074118",3,141565477,"N.acetylglycine",-200.09466111079,57.6403228947992,0.000684887330171644,"Sex, PC1-PC10, GRM (mixed model)"
"rs11140924",9,87107796,"X1.oleoyl.GPC..18.1.",185.207037821465,53.357528744345,0.000685776980595576,"Sex, PC1-PC10, GRM (mixed model)"
"rs2501321",1,158125903,"Hypoxanthine",568.984864080228,163.928951109381,0.000686091680935753,"Sex, PC1-PC10, GRM (mixed model)"
"rs17121392",14,85178188,"Hypoxanthine",772.956848846393,222.694910836954,0.00068609349282825,"Sex, PC1-PC10, GRM (mixed model)"
"rs2300425",14,53951378,"X1.linoleoyl.GPC..18.2.",72.2747966880181,20.8256342900149,0.000687154047044865,"Sex, PC1-PC10, GRM (mixed model)"
"rs17351902",5,121388402,"Taurocholate",148.870888211808,42.9000275152257,0.000687840889127604,"Sex, PC1-PC10, GRM (mixed model)"
"rs1379329",8,119235213,"Threonate",187.569156195414,54.0610830372726,0.000689266622025572,"Sex, PC1-PC10, GRM (mixed model)"
"rs7406082",17,37149588,"Threonate",226.214095238268,65.2006542406225,0.00068943620166011,"Sex, PC1-PC10, GRM (mixed model)"
"rs9967551",18,8503406,"Erythritol",408.394891913433,117.723501678025,0.000690392607990816,"Sex, PC1-PC10, GRM (mixed model)"
"rs6646917",23,116446301,"Pyridoxate",592.902692799676,170.944132008824,0.000692057514380238,"Sex, PC1-PC10, GRM (mixed model)"
"rs17198394",8,25282178,"X1.oleoyl.GPC..18.1.",141.359626837043,40.7721977501089,0.000695248170877945,"Sex, PC1-PC10, GRM (mixed model)"
"rs400839",18,8650149,"Erythritol",350.102049549985,100.983622354145,0.000695582480497323,"Sex, PC1-PC10, GRM (mixed model)"
"rs2858638",22,48034940,"Taurocholate",127.633657289456,36.8151719654166,0.000695683935014082,"Sex, PC1-PC10, GRM (mixed model)"
"rs17017737",2,3636599,"Palmitoylcarnitine..C16.",827.663920846517,238.743115208592,0.000695973706843342,"Sex, PC1-PC10, GRM (mixed model)"
"rs1293927",6,154679085,"Pyridoxate",440.978649147605,127.202455036937,0.000695994630378461,"Sex, PC1-PC10, GRM (mixed model)"
"rs1023405",21,27423116,"N.acetylglycine",343.366221796769,99.0574274307032,0.000696977233308102,"Sex, PC1-PC10, GRM (mixed model)"
"rs13128284",4,122235041,"Threonate",150.234503926893,43.3460146714502,0.000697931738638418,"Sex, PC1-PC10, GRM (mixed model)"
"rs1623624",7,109621103,"Palmitoylcarnitine..C16.",924.67633999559,266.810262710821,0.000698567893193956,"Sex, PC1-PC10, GRM (mixed model)"
"rs17051320",4,122338731,"Hypoxanthine",412.049031952006,118.91527651548,0.00070002105204226,"Sex, PC1-PC10, GRM (mixed model)"
"rs16983385",19,57202822,"X1.palmitoyl.GPC..16.0.",112.440095519544,32.4498702567951,0.000700078624315499,"Sex, PC1-PC10, GRM (mixed model)"
"rs6691970",1,85223508,"Pyridoxate",-324.822707734951,93.7508213600255,0.000700786230676952,"Sex, PC1-PC10, GRM (mixed model)"
"rs2051408",18,72989671,"Theobromine",334.624062284667,96.5837009439647,0.000701130804993035,"Sex, PC1-PC10, GRM (mixed model)"
"rs12498408",4,189559538,"Erythritol",-351.761139725209,101.538506948121,0.000701825840555639,"Sex, PC1-PC10, GRM (mixed model)"
"rs879931",18,33272274,"X1.palmitoyl.GPC..16.0.",68.9281580991265,19.8970978376919,0.000702020596876883,"Sex, PC1-PC10, GRM (mixed model)"
"rs2485570",1,235352230,"Hippurate",-219.963410242385,63.5094692062971,0.000703845473103572,"Sex, PC1-PC10, GRM (mixed model)"
"rs1543760",21,24822122,"Hippurate",180.583683291544,52.1457843076302,0.000704858989520353,"Sex, PC1-PC10, GRM (mixed model)"
"rs1543035",7,47487375,"Taurocholate",93.7507283047562,27.0797468738055,0.00070735202657292,"Sex, PC1-PC10, GRM (mixed model)"
"rs17791867",12,8025936,"Taurocholate",142.479600887653,41.1553975588427,0.000707432411651724,"Sex, PC1-PC10, GRM (mixed model)"
"rs528938",9,3948518,"Valine",271.215940575776,78.3447862987027,0.000707833909421081,"Sex, PC1-PC10, GRM (mixed model)"
"rs3886214",5,54053989,"Palmitoylcarnitine..C16.",698.821966624906,201.866867718118,0.000707903636994173,"Sex, PC1-PC10, GRM (mixed model)"
"rs17104890",14,76342378,"X1.linoleoyl.GPC..18.2.",83.5034070748291,24.1220105618341,0.000708112644758938,"Sex, PC1-PC10, GRM (mixed model)"
"rs11753467",6,74103723,"Theobromine",494.514490534024,142.85594811758,0.000708305983497985,"Sex, PC1-PC10, GRM (mixed model)"
"rs6101100",20,58853508,"Theobromine",-513.202450018925,148.280419220174,0.000709772786005917,"Sex, PC1-PC10, GRM (mixed model)"
"rs10882768",10,98043302,"Pyridoxate",581.816689471886,168.121228712664,0.000710573230044007,"Sex, PC1-PC10, GRM (mixed model)"
"rs12446847",16,76238251,"Theobromine",399.215108311758,115.378483849981,0.000712154783285497,"Sex, PC1-PC10, GRM (mixed model)"
"rs2035911",4,83334209,"Caffeine",115.433175993655,33.364878189332,0.000712952533951626,"Sex, PC1-PC10, GRM (mixed model)"
"rs17018225",2,36162346,"Hippurate",304.788162827473,88.0979418333809,0.000713123059963956,"Sex, PC1-PC10, GRM (mixed model)"
"rs2789834",9,135771312,"X1.palmitoyl.GPC..16.0.",116.2690317117,33.6109101934148,0.000714068004044929,"Sex, PC1-PC10, GRM (mixed model)"
"rs17812574",20,13935668,"N.acetylglycine",373.749437840547,108.043752049153,0.000714124318045393,"Sex, PC1-PC10, GRM (mixed model)"
"rs13184188",5,137817418,"Palmitoylcarnitine..C16.",-503.147256662186,145.45207165193,0.00071423518991409,"Sex, PC1-PC10, GRM (mixed model)"
"rs17512228",5,32107024,"N.acetylglycine",339.976450266155,98.2873860586193,0.000714705668833468,"Sex, PC1-PC10, GRM (mixed model)"
"rs9397885",6,156372272,"Theobromine",489.964945965111,141.65059416505,0.000714792210523923,"Sex, PC1-PC10, GRM (mixed model)"
"rs17287195",12,94632889,"N.acetylglycine",175.100039887936,50.6236022800446,0.000715053619043775,"Sex, PC1-PC10, GRM (mixed model)"
"rs4774376",15,58975973,"Hypoxanthine",515.104552528685,148.930838175871,0.000715491336879095,"Sex, PC1-PC10, GRM (mixed model)"
"rs4709726",6,163930311,"Theobromine",407.45233717699,117.818919972307,0.000716447301276889,"Sex, PC1-PC10, GRM (mixed model)"
"rs17636399",2,105224251,"Threonate",-178.014727939052,51.4817878664898,0.000717609345370696,"Sex, PC1-PC10, GRM (mixed model)"
"rs10485229",6,139473250,"Hippurate",292.266230907622,84.524862518276,0.000717768710349624,"Sex, PC1-PC10, GRM (mixed model)"
"rs692008",15,47764979,"Valine",294.983505312289,85.3305054967548,0.000719741728579831,"Sex, PC1-PC10, GRM (mixed model)"
"rs942594",13,33892045,"X1.linoleoyl.GPC..18.2.",50.4029144108227,14.5802910500672,0.000719819332481764,"Sex, PC1-PC10, GRM (mixed model)"
"rs7527889",1,7136206,"Valine",316.094026097769,91.4485458027485,0.000720799723106148,"Sex, PC1-PC10, GRM (mixed model)"
"rs3218373",7,152005096,"X1.oleoyl.GPC..18.1.",124.460892990159,36.0112375182281,0.000721676044711355,"Sex, PC1-PC10, GRM (mixed model)"
"rs1868231",3,128725928,"Hypoxanthine",523.130574563029,151.415127189787,0.000724708273648613,"Sex, PC1-PC10, GRM (mixed model)"
"rs5752252",22,24726647,"Pyridoxate",385.851661222505,111.687640861045,0.000725212911387014,"Sex, PC1-PC10, GRM (mixed model)"
"rs779733",3,7502372,"Hypoxanthine",410.901385310751,118.967606905077,0.00072731465333043,"Sex, PC1-PC10, GRM (mixed model)"
"rs9386076",6,145039781,"Theobromine",574.550653432942,166.355453299015,0.000727662865820854,"Sex, PC1-PC10, GRM (mixed model)"
"rs826915",12,129132951,"X1.palmitoyl.GPC..16.0.",-54.5340939046938,15.7906063111247,0.000728098062733501,"Sex, PC1-PC10, GRM (mixed model)"
"rs11265404",1,158686947,"Palmitoylcarnitine..C16.",1046.31359404188,302.978833311426,0.000728488546646336,"Sex, PC1-PC10, GRM (mixed model)"
"rs10519152",15,60582927,"Erythritol",675.294008403112,195.55990228166,0.00072921177110635,"Sex, PC1-PC10, GRM (mixed model)"
"rs8022497",14,86603364,"Pyridoxate",704.271827920923,203.956807484376,0.000729429369214849,"Sex, PC1-PC10, GRM (mixed model)"
"rs10813356",9,30725561,"X1.palmitoyl.GPC..16.0.",70.3788859633432,20.3841278153859,0.00073045835841333,"Sex, PC1-PC10, GRM (mixed model)"
"rs7554166",1,83037596,"Hippurate",204.678174056834,59.2842574438344,0.000730817903144113,"Sex, PC1-PC10, GRM (mixed model)"
"rs11022171",11,12073334,"X1.oleoyl.GPC..18.1.",95.2299696946902,27.5865896934298,0.000731941286615249,"Sex, PC1-PC10, GRM (mixed model)"
"rs7247364",19,1735211,"X1.oleoyl.GPC..18.1.",193.479047726404,56.0546699863148,0.000733005817223447,"Sex, PC1-PC10, GRM (mixed model)"
"rs9654806",7,62977242,"Hippurate",273.222429574157,79.1676336484899,0.000734071004087104,"Sex, PC1-PC10, GRM (mixed model)"
"rs4789999",17,74808227,"N.acetylglycine",176.989475376595,51.2841829553856,0.000734164400139548,"Sex, PC1-PC10, GRM (mixed model)"
"rs16879646",6,88403088,"Hippurate",278.165875420914,80.6059677639796,0.000734709890329125,"Sex, PC1-PC10, GRM (mixed model)"
"rs6898208",5,157507199,"Taurocholate",106.687622118661,30.9205212697416,0.000736096293485628,"Sex, PC1-PC10, GRM (mixed model)"
"rs6025190",20,54850309,"Hypoxanthine",-450.956652501211,130.724466088091,0.000737883013325278,"Sex, PC1-PC10, GRM (mixed model)"
"rs31675",7,86907694,"Hypoxanthine",703.537917797384,204.028717797145,0.00074152985562955,"Sex, PC1-PC10, GRM (mixed model)"
"rs157462",3,6339784,"Taurocholate",152.826567589056,44.3224247532564,0.000741949504260723,"Sex, PC1-PC10, GRM (mixed model)"
"rs12196135",6,16809313,"Hippurate",300.444799466859,87.1343406648077,0.000741949626358241,"Sex, PC1-PC10, GRM (mixed model)"
"rs10861081",12,102642509,"N.acetylglycine",219.57285622146,63.6818016515026,0.000742191763393288,"Sex, PC1-PC10, GRM (mixed model)"
"rs9993627",4,96575782,"Threonate",178.585527727645,51.7956546806277,0.000742400601320642,"Sex, PC1-PC10, GRM (mixed model)"
"rs6824813",4,85301262,"Palmitoylcarnitine..C16.",-516.505514849727,149.807210792357,0.000742615833311759,"Sex, PC1-PC10, GRM (mixed model)"
"rs13355630",5,168377215,"X1.palmitoyl.GPC..16.0.",113.417368733855,32.8986126194281,0.000743426931732174,"Sex, PC1-PC10, GRM (mixed model)"
"rs6603107",19,7330120,"Theobromine",687.307406571222,199.376777903164,0.000743941716107632,"Sex, PC1-PC10, GRM (mixed model)"
"rs739096",22,35071686,"Taurocholate",-72.9388092461487,21.1588257238471,0.000744130166322683,"Sex, PC1-PC10, GRM (mixed model)"
"rs811053",16,70808789,"Palmitoylcarnitine..C16.",538.581994375423,156.23953454289,0.000744255518664254,"Sex, PC1-PC10, GRM (mixed model)"
"rs13390800",2,225955201,"Erythritol",685.611689381206,198.896848662985,0.000744469040782963,"Sex, PC1-PC10, GRM (mixed model)"
"rs4240941",1,228230255,"Theobromine",867.695240655307,251.815130839693,0.000747803372441332,"Sex, PC1-PC10, GRM (mixed model)"
"rs11860781",16,75988112,"Hypoxanthine",702.820497811724,204.045806145451,0.000751226267915444,"Sex, PC1-PC10, GRM (mixed model)"
"rs3003888",1,220049548,"Hippurate",144.631161520186,41.991309351189,0.000751516896008777,"Sex, PC1-PC10, GRM (mixed model)"
"rs2303618",12,112195087,"Caffeine",194.456394284039,56.4684458807661,0.000753269392286993,"Sex, PC1-PC10, GRM (mixed model)"
"rs11021936",11,11546477,"Caffeine",-135.19249944134,39.2613420941803,0.000753859415011245,"Sex, PC1-PC10, GRM (mixed model)"
"rs41356748",18,22765060,"Erythritol",948.726637308588,275.531397793712,0.000754215552542087,"Sex, PC1-PC10, GRM (mixed model)"
"rs7808758",7,70008405,"Threonate",-159.474050014568,46.323606130256,0.000755897191503181,"Sex, PC1-PC10, GRM (mixed model)"
"rs4571900",23,57868075,"Taurocholate",64.8197495341035,18.8289819515107,0.00075604345684814,"Sex, PC1-PC10, GRM (mixed model)"
"rs7625889",3,44067613,"Hippurate",224.367310307989,65.1762575393967,0.000756255049548308,"Sex, PC1-PC10, GRM (mixed model)"
"rs4794562",17,50734810,"Valine",493.142246235467,143.270329944475,0.000757364528161389,"Sex, PC1-PC10, GRM (mixed model)"
"rs2344768",10,82471997,"Hippurate",347.662169126976,101.029870411039,0.000759585183169877,"Sex, PC1-PC10, GRM (mixed model)"
"rs9819314",3,7656695,"Erythritol",497.875120330035,144.684945935984,0.000759802023581802,"Sex, PC1-PC10, GRM (mixed model)"
"rs7113199",11,133752397,"Palmitoylcarnitine..C16.",497.911397034364,144.713724509596,0.000760926580775395,"Sex, PC1-PC10, GRM (mixed model)"
"rs4094351",5,81861780,"Caffeine",142.955449724052,41.5551282983959,0.000762289849257739,"Sex, PC1-PC10, GRM (mixed model)"
"rs11086668",20,57218452,"Threonate",277.044342987703,80.5339324376351,0.000762407390062738,"Sex, PC1-PC10, GRM (mixed model)"
"rs10002459",4,141774399,"Theobromine",366.016614369504,106.40680050897,0.000763210204270735,"Sex, PC1-PC10, GRM (mixed model)"
"rs8020589",14,27674459,"N.acetylglycine",338.09120660754,98.3049363796101,0.000764713391101584,"Sex, PC1-PC10, GRM (mixed model)"
"rs11884875",2,163111549,"Taurocholate",109.095046850083,31.72181195476,0.000764950904618971,"Sex, PC1-PC10, GRM (mixed model)"
"rs17151079",11,87351896,"Erythritol",548.202436656591,159.42060487518,0.00076599523553785,"Sex, PC1-PC10, GRM (mixed model)"
"rs2047007",1,40200562,"Theobromine",492.34443463329,143.202785024877,0.000767628913647552,"Sex, PC1-PC10, GRM (mixed model)"
"rs4242637",9,88630417,"Valine",295.231566437796,85.8785402573609,0.000768446073519174,"Sex, PC1-PC10, GRM (mixed model)"
"rs258060",5,133136328,"Palmitoylcarnitine..C16.",471.873377378482,137.304756945181,0.000771316839582863,"Sex, PC1-PC10, GRM (mixed model)"
"rs9830446",3,2719503,"Palmitoylcarnitine..C16.",924.736481561086,269.088614633987,0.000771675137483503,"Sex, PC1-PC10, GRM (mixed model)"
"rs9620019",22,40791382,"Theobromine",799.501275897894,232.653046180448,0.000771930069835316,"Sex, PC1-PC10, GRM (mixed model)"
"rs7195250",16,8231933,"Taurocholate",94.9007179593804,27.6233538870714,0.000774375283454106,"Sex, PC1-PC10, GRM (mixed model)"
"rs2856206",17,15421834,"Theobromine",419.833770190072,122.207517035132,0.000774660026639833,"Sex, PC1-PC10, GRM (mixed model)"
"rs6075279",20,17975258,"N.acetylglycine",-166.012407879138,48.3384321802404,0.000777408490803437,"Sex, PC1-PC10, GRM (mixed model)"
"rs10485607",20,46180705,"Taurocholate",143.339640669103,41.74713879943,0.000779680929632441,"Sex, PC1-PC10, GRM (mixed model)"
"rs17054589",6,156649416,"Hippurate",274.461972939792,79.9551521249808,0.000781863829259359,"Sex, PC1-PC10, GRM (mixed model)"
"rs3821719",3,156345782,"Theobromine",689.759884359145,200.952227528151,0.000782508309142948,"Sex, PC1-PC10, GRM (mixed model)"
"rs10838123",11,43508148,"Valine",-286.690401153377,83.5321882583729,0.000783473473339364,"Sex, PC1-PC10, GRM (mixed model)"
"rs12301401",12,115273230,"Erythritol",420.090404254915,122.413868271279,0.000784467922470474,"Sex, PC1-PC10, GRM (mixed model)"
"rs12028737",1,102428272,"Pyridoxate",331.989787240021,96.7439953477357,0.00078470923216106,"Sex, PC1-PC10, GRM (mixed model)"
"rs2289180",15,46861994,"Hippurate",216.964872932225,63.2282710604123,0.000785186043780759,"Sex, PC1-PC10, GRM (mixed model)"
"rs17683237",2,177637930,"Palmitoylcarnitine..C16.",927.853231719228,270.400992825092,0.000785336347756567,"Sex, PC1-PC10, GRM (mixed model)"
"rs1252168",1,235236380,"Erythritol",393.80292366059,114.775513380327,0.000786209271584042,"Sex, PC1-PC10, GRM (mixed model)"
"rs602529",12,50503362,"N.acetylglycine",212.664344473195,62.008196573301,0.000790109719473949,"Sex, PC1-PC10, GRM (mixed model)"
"rs2282995",7,92249559,"Theobromine",535.792677683236,156.24307033718,0.000791162724090452,"Sex, PC1-PC10, GRM (mixed model)"
"rs10134046",14,55914159,"Hippurate",-221.963661456814,64.7408441361113,0.000793130533988829,"Sex, PC1-PC10, GRM (mixed model)"
"rs17396153",8,102548378,"Threonate",-208.69485655923,60.9032836264113,0.000798095462061267,"Sex, PC1-PC10, GRM (mixed model)"
"rs572075",11,115509993,"X1.palmitoyl.GPC..16.0.",-53.5077605159234,15.6216074161744,0.000801957299597662,"Sex, PC1-PC10, GRM (mixed model)"
"rs4944265",11,80134378,"Taurocholate",110.622787188999,32.3017372925629,0.000803513950261732,"Sex, PC1-PC10, GRM (mixed model)"
"rs871082",18,44114273,"Valine",436.399207029093,127.44849209075,0.00080501115741435,"Sex, PC1-PC10, GRM (mixed model)"
"rs1843755",2,172723356,"Pyridoxate",313.107775789333,91.4490460565724,0.000805757315633183,"Sex, PC1-PC10, GRM (mixed model)"
"rs12551859",9,93151126,"N.acetylglycine",264.077306640109,77.1378065359347,0.000806856268520221,"Sex, PC1-PC10, GRM (mixed model)"
"rs1405248",8,5216482,"Caffeine",-238.355806993486,69.6247905590607,0.000806898661669784,"Sex, PC1-PC10, GRM (mixed model)"
"rs4799084",18,75634606,"Hippurate",163.311021042941,47.7135658012553,0.000808807241424633,"Sex, PC1-PC10, GRM (mixed model)"
"rs1696819",10,123452441,"Palmitoylcarnitine..C16.",695.214145620317,203.152552787989,0.000810482905623318,"Sex, PC1-PC10, GRM (mixed model)"
"rs10936743",3,174256037,"Taurocholate",149.77558695938,43.7696409951114,0.000811096443755892,"Sex, PC1-PC10, GRM (mixed model)"
"rs9627225",22,46811960,"Taurocholate",118.095336043507,34.521814310042,0.000813899159404237,"Sex, PC1-PC10, GRM (mixed model)"
"rs6051846",20,3351824,"Hippurate",158.101543188022,46.2203396657509,0.000814686759436545,"Sex, PC1-PC10, GRM (mixed model)"
"rs6823680",4,77322178,"Hippurate",-180.433780822019,52.7588412208737,0.000816439837096002,"Sex, PC1-PC10, GRM (mixed model)"
"rs6976624",7,16638454,"Caffeine",133.048316611454,38.9038713865209,0.00081657166219468,"Sex, PC1-PC10, GRM (mixed model)"
"rs2586083",17,53376876,"Theobromine",567.97748600802,166.082318702096,0.00081676473008755,"Sex, PC1-PC10, GRM (mixed model)"
"rs7597315",2,46340864,"Caffeine",218.070563323469,63.7972064384963,0.00082141311824613,"Sex, PC1-PC10, GRM (mixed model)"
"rs9903086",17,37203042,"Theobromine",563.681412916888,164.916192529793,0.000821961188577749,"Sex, PC1-PC10, GRM (mixed model)"
"rs2302352",3,42659137,"X1.palmitoyl.GPC..16.0.",74.8064002480839,21.8862194850491,0.000822014072763963,"Sex, PC1-PC10, GRM (mixed model)"
"rs10833240",11,20062960,"Taurocholate",88.4350175946379,25.9031811288447,0.000832985548818149,"Sex, PC1-PC10, GRM (mixed model)"
"rs3864176",4,154686389,"X1.palmitoyl.GPC..16.0.",55.6297099194876,16.2954399772771,0.000833662209023946,"Sex, PC1-PC10, GRM (mixed model)"
"rs16983713",23,5429183,"Caffeine",-118.087109928825,34.5965460806146,0.000835240259980247,"Sex, PC1-PC10, GRM (mixed model)"
"rs41534448",3,7113976,"Caffeine",-183.506981886231,53.7641016177464,0.000835452873567315,"Sex, PC1-PC10, GRM (mixed model)"
"rs451115",22,21588369,"Taurocholate",158.190832822711,46.3469576139255,0.00083545548881882,"Sex, PC1-PC10, GRM (mixed model)"
"rs7777022",7,36514138,"Theobromine",831.416373778682,243.591541598717,0.000835538144216203,"Sex, PC1-PC10, GRM (mixed model)"
"rs10500859",11,19697307,"X1.palmitoyl.GPC..16.0.",-105.745320307173,30.9826352319808,0.000835840243287027,"Sex, PC1-PC10, GRM (mixed model)"
"rs163166",11,2781804,"Taurocholate",96.3480760763342,28.2301491689873,0.000836128243305271,"Sex, PC1-PC10, GRM (mixed model)"
"rs11647676",16,77484117,"Hippurate",152.349564297691,44.6404063668121,0.00083650252064611,"Sex, PC1-PC10, GRM (mixed model)"
"rs6584410",10,102773668,"Threonate",-161.902087868524,47.4491882903552,0.00083849733290898,"Sex, PC1-PC10, GRM (mixed model)"
"rs6721036",2,107959900,"Taurocholate",154.428406093737,45.2732519120715,0.000841587655663299,"Sex, PC1-PC10, GRM (mixed model)"
"rs16888486",8,117604380,"Caffeine",184.336999958163,54.0601978328431,0.000844967498802968,"Sex, PC1-PC10, GRM (mixed model)"
"rs2883881",6,109004079,"X1.palmitoyl.GPC..16.0.",68.5545110380695,20.1090705339564,0.000847011660599353,"Sex, PC1-PC10, GRM (mixed model)"
"rs7995586",13,72675349,"X1.palmitoyl.GPC..16.0.",52.7878816973784,15.4844760768641,0.000847154047724212,"Sex, PC1-PC10, GRM (mixed model)"
"rs1464435",4,141268056,"Threonate",213.424935251895,62.6142687488105,0.000848639172235377,"Sex, PC1-PC10, GRM (mixed model)"
"rs17054628",6,102182636,"X1.palmitoyl.GPC..16.0.",104.20715195343,30.5785094595888,0.00085068605973066,"Sex, PC1-PC10, GRM (mixed model)"
"rs17673821",18,32303583,"Threonate",329.382423415813,96.6625388194712,0.000851567970188251,"Sex, PC1-PC10, GRM (mixed model)"
"rs37848",7,78249076,"Palmitoylcarnitine..C16.",885.971720902401,260.025248076741,0.000852425536916408,"Sex, PC1-PC10, GRM (mixed model)"
"rs730260",16,21055500,"X1.palmitoyl.GPC..16.0.",68.243018485861,20.0318526447359,0.000853949260139682,"Sex, PC1-PC10, GRM (mixed model)"
"rs842225",3,196965419,"N.acetylglycine",196.707046738785,57.7617054001354,0.000857521173211715,"Sex, PC1-PC10, GRM (mixed model)"
"rs12060538",1,97058969,"Hippurate",180.385751717881,52.9785187741419,0.000859286622758041,"Sex, PC1-PC10, GRM (mixed model)"
"rs7246955",19,20020751,"Threonate",239.955504910504,70.4747622698473,0.000859407954768407,"Sex, PC1-PC10, GRM (mixed model)"
"rs848998",3,190209965,"Caffeine",268.750538231388,78.9325986530561,0.000859502748574966,"Sex, PC1-PC10, GRM (mixed model)"
"rs661329",11,105215234,"Caffeine",119.700418850049,35.1580380842079,0.000860002434539891,"Sex, PC1-PC10, GRM (mixed model)"
"rs2975373",8,3675325,"Theobromine",624.298966766805,183.370893019046,0.000860203751096219,"Sex, PC1-PC10, GRM (mixed model)"
"rs1550177",16,82312921,"X1.palmitoyl.GPC..16.0.",62.4231451939222,18.3404741803191,0.000863109375784057,"Sex, PC1-PC10, GRM (mixed model)"
"rs11750049",5,33812882,"Theobromine",604.596217731414,177.640536786022,0.000863378072442642,"Sex, PC1-PC10, GRM (mixed model)"
"rs10451280",17,62051541,"N.acetylglycine",280.37430233592,82.389961265214,0.000864739878023352,"Sex, PC1-PC10, GRM (mixed model)"
"rs1276367",20,55028093,"Palmitoylcarnitine..C16.",491.016237295938,144.32008505863,0.000866916188462202,"Sex, PC1-PC10, GRM (mixed model)"
"rs2019901",22,48086718,"Threonate",-151.660264025146,44.5791790658651,0.000867590399210266,"Sex, PC1-PC10, GRM (mixed model)"
"rs35506237",7,28658969,"Taurocholate",108.265297742425,31.8305812768589,0.000869777566141443,"Sex, PC1-PC10, GRM (mixed model)"
"rs9955123",18,59963069,"Caffeine",153.691930201513,45.2006189511123,0.000872962355842668,"Sex, PC1-PC10, GRM (mixed model)"
"rs10124834",9,77974918,"Theobromine",379.141848922137,111.544512864891,0.000876508291137732,"Sex, PC1-PC10, GRM (mixed model)"
"rs17021644",3,28695157,"Caffeine",208.461718302904,61.3398642835079,0.000878133109465002,"Sex, PC1-PC10, GRM (mixed model)"
"rs689178",18,10669887,"X1.palmitoyl.GPC..16.0.",65.1153039511743,19.1625368315245,0.000879374923366195,"Sex, PC1-PC10, GRM (mixed model)"
"rs17681891",5,157226305,"Palmitoylcarnitine..C16.",866.609539518383,255.049258770963,0.000880088383539737,"Sex, PC1-PC10, GRM (mixed model)"
"rs11241892",5,125801230,"Palmitoylcarnitine..C16.",461.866734121967,135.972622092962,0.000883215747936295,"Sex, PC1-PC10, GRM (mixed model)"
"rs17239044",16,81035713,"Palmitoylcarnitine..C16.",1120.54536578882,330.110910033851,0.000890139287389542,"Sex, PC1-PC10, GRM (mixed model)"
"rs553214",9,134994721,"X1.palmitoyl.GPC..16.0.",58.5314101014117,17.2461237282517,0.000891834179682152,"Sex, PC1-PC10, GRM (mixed model)"
"rs4910821",11,5563215,"N.acetylglycine",159.013784087344,46.854455886266,0.000892154660642047,"Sex, PC1-PC10, GRM (mixed model)"
"rs6935023",6,6932260,"Palmitoylcarnitine..C16.",942.44360258806,277.707424486485,0.000892531245118139,"Sex, PC1-PC10, GRM (mixed model)"
"rs2555643",4,175695873,"Theobromine",476.78897930049,140.50280668211,0.000893159539198925,"Sex, PC1-PC10, GRM (mixed model)"
"rs10927460",1,14743155,"Theobromine",474.662575723751,139.879364557705,0.000893392087535804,"Sex, PC1-PC10, GRM (mixed model)"
"rs6535489",4,84758200,"Caffeine",120.491423556427,35.5241452292518,0.000898089071576359,"Sex, PC1-PC10, GRM (mixed model)"
"rs7800411",7,50386119,"Theobromine",-354.173337545867,104.448364219411,0.000900892912431501,"Sex, PC1-PC10, GRM (mixed model)"
"rs1122849",8,25487827,"Palmitoylcarnitine..C16.",551.943794626106,162.840343777375,0.000905207003870788,"Sex, PC1-PC10, GRM (mixed model)"
"rs720052",12,57588487,"Hippurate",331.995942171756,97.9534279599935,0.000905676818290735,"Sex, PC1-PC10, GRM (mixed model)"
"rs4964583",12,106365023,"Palmitoylcarnitine..C16.",503.271084252605,148.526104806015,0.000908397296410475,"Sex, PC1-PC10, GRM (mixed model)"
"rs1035061",17,63077525,"Palmitoylcarnitine..C16.",585.306627833027,172.757875061382,0.000909679325889496,"Sex, PC1-PC10, GRM (mixed model)"
"rs17087338",4,67133923,"Theobromine",431.019835479492,127.23491035213,0.000910987362939026,"Sex, PC1-PC10, GRM (mixed model)"
"rs16995010",20,48036030,"N.acetylglycine",197.244995752554,58.2451334154238,0.000914458428765083,"Sex, PC1-PC10, GRM (mixed model)"
"rs2388399",10,2782892,"Theobromine",731.387095799246,215.998595984168,0.00091566071801974,"Sex, PC1-PC10, GRM (mixed model)"
"rs17081097",13,19843588,"X1.palmitoyl.GPC..16.0.",123.303909430217,36.4331235223448,0.000920869916099634,"Sex, PC1-PC10, GRM (mixed model)"
"rs1158793",4,96223364,"Threonate",-180.782746094535,53.4554280090193,0.000928521020175861,"Sex, PC1-PC10, GRM (mixed model)"
"rs11858635",15,99827905,"X1.palmitoyl.GPC..16.0.",-91.3508353084211,27.019869787715,0.000931835590570722,"Sex, PC1-PC10, GRM (mixed model)"
"rs1408826",1,197470525,"N.acetylglycine",175.535605792216,51.9321161520548,0.000934282709520659,"Sex, PC1-PC10, GRM (mixed model)"
"rs10502890",18,43716165,"Theobromine",-342.58663272362,101.355874596955,0.000934471596177972,"Sex, PC1-PC10, GRM (mixed model)"
"rs10829514",10,130576065,"Hippurate",204.130453846047,60.4005134925681,0.0009358024093335,"Sex, PC1-PC10, GRM (mixed model)"
"rs17147029",9,132352431,"Threonate",257.914464887548,76.3255035584272,0.000937302517363108,"Sex, PC1-PC10, GRM (mixed model)"
"rs9608277",22,23086865,"Hippurate",176.553555504629,52.2554490344032,0.000938804389430516,"Sex, PC1-PC10, GRM (mixed model)"
"rs4782023",16,17167545,"X1.palmitoyl.GPC..16.0.",87.5073089285094,25.9060968297518,0.000941327913193807,"Sex, PC1-PC10, GRM (mixed model)"
"rs17156078",7,27955214,"Hippurate",-335.160949237776,99.2328638665139,0.000942423803992486,"Sex, PC1-PC10, GRM (mixed model)"
"rs2241079",2,201235583,"Threonate",277.881888243717,82.3275503287953,0.000949421226117868,"Sex, PC1-PC10, GRM (mixed model)"
"rs3043",9,38387355,"Theobromine",403.418355465595,119.552189188727,0.000952326837867016,"Sex, PC1-PC10, GRM (mixed model)"
"rs6506344",18,5863036,"X1.palmitoyl.GPC..16.0.",59.6959163587088,17.7000832855446,0.000958034504787037,"Sex, PC1-PC10, GRM (mixed model)"
"rs12141358",1,55076370,"X1.palmitoyl.GPC..16.0.",-62.8929291100381,18.6486530182473,0.000958408696886236,"Sex, PC1-PC10, GRM (mixed model)"
"rs13033608",2,79827051,"N.acetylglycine",166.533412743649,49.3810790675532,0.000958747646820436,"Sex, PC1-PC10, GRM (mixed model)"
"rs17328218",23,12752699,"Caffeine",149.238791669751,44.2561410134147,0.000959564341313897,"Sex, PC1-PC10, GRM (mixed model)"
"rs4333550",8,129455617,"Threonate",309.911862418537,91.9144263494365,0.000960908981781384,"Sex, PC1-PC10, GRM (mixed model)"
"rs7924157",10,3179115,"N.acetylglycine",-249.463728063567,74.0021191032048,0.000963199536405963,"Sex, PC1-PC10, GRM (mixed model)"
"rs421578",17,71826368,"X1.palmitoyl.GPC..16.0.",-68.4626903438599,20.3095757124944,0.000963454341723639,"Sex, PC1-PC10, GRM (mixed model)"
"rs6456234",6,170251891,"N.acetylglycine",-245.510258710201,72.8781807706568,0.000970537102082562,"Sex, PC1-PC10, GRM (mixed model)"
"rs11650549",17,46502685,"Threonate",182.862136797474,54.2825970402571,0.000970763374258943,"Sex, PC1-PC10, GRM (mixed model)"
"rs3782353",12,47645147,"Palmitoylcarnitine..C16.",-516.248703673474,153.278818298611,0.0009729490333268,"Sex, PC1-PC10, GRM (mixed model)"
"rs11112681",12,104620036,"Palmitoylcarnitine..C16.",519.145624271743,154.251795320351,0.000981031273478103,"Sex, PC1-PC10, GRM (mixed model)"
"rs11778346",8,16770478,"N.acetylglycine",288.223773473412,85.6590805514246,0.000983651663728011,"Sex, PC1-PC10, GRM (mixed model)"
"rs7115193",11,11183751,"Threonate",391.71989584831,116.419598687587,0.000983827083728195,"Sex, PC1-PC10, GRM (mixed model)"
"rs12551572",9,123904206,"Theobromine",433.941697188657,128.973136133747,0.000984272468480978,"Sex, PC1-PC10, GRM (mixed model)"
"rs5996834",22,23813921,"Theobromine",504.428578413039,149.926527463987,0.000984551956509478,"Sex, PC1-PC10, GRM (mixed model)"
"rs17233387",16,11296549,"N.acetylglycine",189.745770078771,56.3987226162438,0.000985022105549315,"Sex, PC1-PC10, GRM (mixed model)"
"rs731399",2,46311161,"Theobromine",521.242318210502,154.977013349737,0.000988367089244515,"Sex, PC1-PC10, GRM (mixed model)"
"rs722248",12,22258340,"Threonate",229.707936682476,68.3037804444027,0.000989423465400858,"Sex, PC1-PC10, GRM (mixed model)"
"rs415133",6,14901440,"Threonate",305.514681893292,90.854459886711,0.00099059150728929,"Sex, PC1-PC10, GRM (mixed model)"
"rs11771438",7,1314443,"Caffeine",207.416979034212,61.6900006717529,0.000992040947637348,"Sex, PC1-PC10, GRM (mixed model)"
"rs9620019",22,40791382,"Caffeine",254.370703061602,75.6561230931324,0.000992208954836518,"Sex, PC1-PC10, GRM (mixed model)"
"rs10103715",8,108613382,"Caffeine",104.495781878654,31.0834645563879,0.000993592354232644,"Sex, PC1-PC10, GRM (mixed model)"
"rs11071740",15,61382704,"Caffeine",250.183573849055,74.4498337494538,0.000998096142363658,"Sex, PC1-PC10, GRM (mixed model)"
"rs11261247",1,146274739,"Threonate",269.620093438698,80.2372049364716,0.000998577735862039,"Sex, PC1-PC10, GRM (mixed model)"
"rs17145897",7,8236381,"N.acetylglycine",222.820843520472,66.3135437743077,0.000999170691865083,"Sex, PC1-PC10, GRM (mixed model)"
"rs6947609",7,106187342,"Caffeine",190.948159704475,56.8330396123026,0.00100018140042319,"Sex, PC1-PC10, GRM (mixed model)"
"rs4473628",4,47447311,"N.acetylglycine",177.82914268523,52.9504702922422,0.00100489791249699,"Sex, PC1-PC10, GRM (mixed model)"
"rs9445078",6,93911853,"X1.palmitoyl.GPC..16.0.",62.7425705343575,18.6825809704783,0.00100509788735862,"Sex, PC1-PC10, GRM (mixed model)"
"rs1821274",19,35572679,"X1.palmitoyl.GPC..16.0.",112.486909802361,33.5092640696246,0.00101001336125728,"Sex, PC1-PC10, GRM (mixed model)"
"rs4756026",11,45790536,"Palmitoylcarnitine..C16.",573.383186836819,170.864225039045,0.00101376655280065,"Sex, PC1-PC10, GRM (mixed model)"
"rs10884539",10,109530040,"Palmitoylcarnitine..C16.",457.090082093378,136.215357613816,0.0010142412373843,"Sex, PC1-PC10, GRM (mixed model)"
"rs2064343",20,24278099,"N.acetylglycine",200.176839553141,59.6579657308487,0.00101503767448534,"Sex, PC1-PC10, GRM (mixed model)"
"rs10889262",1,62116695,"Palmitoylcarnitine..C16.",449.064816789322,133.845871165825,0.00101612378658119,"Sex, PC1-PC10, GRM (mixed model)"
"rs877932",9,7918994,"X1.palmitoyl.GPC..16.0.",-68.3974441985967,20.3931678141983,0.00102004353280911,"Sex, PC1-PC10, GRM (mixed model)"
"rs7585775",2,77431845,"N.acetylglycine",268.679790481775,80.1193126288164,0.00102155813283912,"Sex, PC1-PC10, GRM (mixed model)"
"rs12675713",8,3822178,"Theobromine",520.861950465722,155.372736066379,0.00102552464251386,"Sex, PC1-PC10, GRM (mixed model)"
"rs6763613",3,63127947,"Palmitoylcarnitine..C16.",706.118814065121,210.739251028141,0.00103124641885176,"Sex, PC1-PC10, GRM (mixed model)"
"rs7127013",11,72676869,"X1.palmitoyl.GPC..16.0.",72.4449979753232,21.6212887685191,0.00103139344827951,"Sex, PC1-PC10, GRM (mixed model)"
"rs9969333",7,142135045,"Theobromine",519.536794656083,155.097511082433,0.00103446790567761,"Sex, PC1-PC10, GRM (mixed model)"
"rs13165588",5,170112848,"N.acetylglycine",280.985685201537,83.8920811054387,0.00103575640206939,"Sex, PC1-PC10, GRM (mixed model)"
"rs3798974",6,69732559,"Palmitoylcarnitine..C16.",497.286277268407,148.58293662644,0.00104448851563611,"Sex, PC1-PC10, GRM (mixed model)"
"rs7863152",9,115953817,"Threonate",228.748932099848,68.3516653645625,0.00104523034702407,"Sex, PC1-PC10, GRM (mixed model)"
"rs17054628",6,102182636,"Theobromine",677.473357952157,202.491570480731,0.0010485922188039,"Sex, PC1-PC10, GRM (mixed model)"
"rs4382808",10,2906558,"Theobromine",428.142880645488,127.969351888227,0.00104866014100107,"Sex, PC1-PC10, GRM (mixed model)"
"rs2810034",1,240673011,"Caffeine",-116.201062949645,34.7386557646631,0.00105097500738559,"Sex, PC1-PC10, GRM (mixed model)"
"rs10507728",13,65268997,"Palmitoylcarnitine..C16.",555.727269301431,166.137362051685,0.00105104787878911,"Sex, PC1-PC10, GRM (mixed model)"
"rs2267206",22,32162148,"Palmitoylcarnitine..C16.",727.776738556746,217.618942553634,0.00105356390803268,"Sex, PC1-PC10, GRM (mixed model)"
"rs9808529",2,229676462,"Threonate",-157.4803848698,47.0988520060417,0.0010558788046982,"Sex, PC1-PC10, GRM (mixed model)"
"rs672949",13,109677555,"N.acetylglycine",176.950727876374,52.9444890923385,0.00106090030074039,"Sex, PC1-PC10, GRM (mixed model)"
"rs7247364",19,1735211,"N.acetylglycine",356.018357889044,106.527437918347,0.00106146425908161,"Sex, PC1-PC10, GRM (mixed model)"
"rs5952804",23,45611715,"Threonate",291.513628876072,87.2348614854207,0.00106261371079567,"Sex, PC1-PC10, GRM (mixed model)"
"rs759359",2,40182609,"Caffeine",168.256526185672,50.352223423972,0.00106303755065267,"Sex, PC1-PC10, GRM (mixed model)"
"rs119716",20,47355241,"N.acetylglycine",180.126107287613,53.9564207335343,0.00107455277570782,"Sex, PC1-PC10, GRM (mixed model)"
"rs11775398",8,131508949,"N.acetylglycine",256.646770114196,76.891534023543,0.0010766560244134,"Sex, PC1-PC10, GRM (mixed model)"
"rs1597956",5,8120519,"Caffeine",176.251290619563,52.8175356590178,0.00107950546242443,"Sex, PC1-PC10, GRM (mixed model)"
"rs17206713",18,64081006,"N.acetylglycine",229.345485761485,68.7435579830383,0.00108216373518436,"Sex, PC1-PC10, GRM (mixed model)"
"rs2018572",17,11540523,"Caffeine",131.481741597956,39.4120940931956,0.0010827808307492,"Sex, PC1-PC10, GRM (mixed model)"
"rs579992",1,7850568,"Palmitoylcarnitine..C16.",658.719240588732,197.472329256349,0.00108394182095764,"Sex, PC1-PC10, GRM (mixed model)"
"rs962791",3,59392226,"N.acetylglycine",-155.357876178438,46.5788018146834,0.00108530673543771,"Sex, PC1-PC10, GRM (mixed model)"
"rs282237",16,55145971,"Caffeine",108.319536762058,32.4767068453872,0.00108558897127422,"Sex, PC1-PC10, GRM (mixed model)"
"rs10274783",7,88779880,"N.acetylglycine",202.375569360577,60.6834420845884,0.00108689427837382,"Sex, PC1-PC10, GRM (mixed model)"
"rs10502350",18,6919097,"N.acetylglycine",-173.066571234605,51.9008417792666,0.00108826098708048,"Sex, PC1-PC10, GRM (mixed model)"
"rs13229259",7,93440637,"N.acetylglycine",272.820882810389,81.8830358478496,0.00109819119283072,"Sex, PC1-PC10, GRM (mixed model)"
"rs1567620",15,55482146,"N.acetylglycine",172.650948425234,51.8487770654424,0.00110531881360508,"Sex, PC1-PC10, GRM (mixed model)"
"rs9477612",6,10145207,"Caffeine",168.065177459351,50.4971812844416,0.00111153868687396,"Sex, PC1-PC10, GRM (mixed model)"
"rs220150",21,42414411,"N.acetylglycine",-173.095147067063,52.0465743642985,0.00112058363370721,"Sex, PC1-PC10, GRM (mixed model)"
"rs7084453",10,132084162,"Caffeine",120.211398605888,36.1550706353168,0.00112390870540305,"Sex, PC1-PC10, GRM (mixed model)"
"rs16829853",3,120648340,"N.acetylglycine",309.845430474072,93.2539028860416,0.00113247650413591,"Sex, PC1-PC10, GRM (mixed model)"
"rs17088938",4,58490840,"N.acetylglycine",246.899826035178,74.3367347782986,0.00113711623226669,"Sex, PC1-PC10, GRM (mixed model)"
"rs2416688",9,120569155,"N.acetylglycine",176.761859474938,53.2691410950641,0.00114885855784913,"Sex, PC1-PC10, GRM (mixed model)"
"rs6831071",4,113671486,"Caffeine",153.137756098446,46.1573959979901,0.00115095640432829,"Sex, PC1-PC10, GRM (mixed model)"
"rs7649045",3,198004275,"N.acetylglycine",159.539536989662,48.0965965441196,0.00115349950358209,"Sex, PC1-PC10, GRM (mixed model)"
"rs552989",9,100177716,"N.acetylglycine",210.350321016331,63.4216743747807,0.00115491948525808,"Sex, PC1-PC10, GRM (mixed model)"
"rs11894580",2,59790353,"Caffeine",269.015524989389,81.1238578341129,0.00115716861594765,"Sex, PC1-PC10, GRM (mixed model)"
"rs16976945",17,67353681,"Caffeine",-243.042656898508,73.395744273325,0.00117539329320918,"Sex, PC1-PC10, GRM (mixed model)"
"rs1523211",9,14927012,"N.acetylglycine",167.648383357083,50.6999023744729,0.00119392717177154,"Sex, PC1-PC10, GRM (mixed model)"
"rs11253209",10,5536697,"N.acetylglycine",-162.796610308094,49.2430328282923,0.00119669139716533,"Sex, PC1-PC10, GRM (mixed model)"
"rs228219",20,46235227,"Caffeine",207.361471164507,62.7636671585443,0.00120519145716025,"Sex, PC1-PC10, GRM (mixed model)"
"rs3853779",12,105139218,"Caffeine",162.174048164095,49.1365260798329,0.00121869957894863,"Sex, PC1-PC10, GRM (mixed model)"
"rs7317685",13,47613754,"N.acetylglycine",227.691805167343,68.9875927669977,0.00121871488872076,"Sex, PC1-PC10, GRM (mixed model)"
"rs10742839",11,5890620,"N.acetylglycine",248.874961320799,75.4588836786277,0.00122811020346983,"Sex, PC1-PC10, GRM (mixed model)"
"rs1896319",12,113781606,"Caffeine",110.241820822046,33.4455448501242,0.00123623663781851,"Sex, PC1-PC10, GRM (mixed model)"
"rs1890788",1,18029451,"Caffeine",196.593798292833,59.6529241827105,0.00123841025361808,"Sex, PC1-PC10, GRM (mixed model)"
"rs874511",10,71018441,"N.acetylglycine",289.395712719269,87.8365006696983,0.00124217392706029,"Sex, PC1-PC10, GRM (mixed model)"
"rs3094817",21,14214699,"Caffeine",-118.325873084235,35.9438049626365,0.00125347168038438,"Sex, PC1-PC10, GRM (mixed model)"
"rs991956",10,10211648,"Caffeine",-139.127943306112,42.3138401049548,0.00126999782669593,"Sex, PC1-PC10, GRM (mixed model)"
"rs4745559",9,78346812,"N.acetylglycine",-195.95536886963,59.6020334793391,0.00127113521043024,"Sex, PC1-PC10, GRM (mixed model)"
"rs7678252",4,126766647,"N.acetylglycine",199.030959996019,60.5497258139847,0.00127392027275222,"Sex, PC1-PC10, GRM (mixed model)"
"rs2166856",3,13243998,"N.acetylglycine",204.079885499409,62.1146895248082,0.00128037790323887,"Sex, PC1-PC10, GRM (mixed model)"
"rs17009245",4,85881414,"Caffeine",-197.032161304683,59.9817616806021,0.0012831910433178,"Sex, PC1-PC10, GRM (mixed model)"
"rs1131820",1,153011476,"N.acetylglycine",185.534410161465,56.4843793497739,0.0012838888251098,"Sex, PC1-PC10, GRM (mixed model)"
"rs3013450",1,212619047,"Caffeine",163.27343454824,49.7109657575868,0.00128493874002731,"Sex, PC1-PC10, GRM (mixed model)"
"rs13438707",7,77491157,"Caffeine",-261.597310307229,79.6685456589676,0.00128869033883598,"Sex, PC1-PC10, GRM (mixed model)"
"rs648262",12,119794445,"N.acetylglycine",324.170636150912,98.7363331239294,0.00129028772781894,"Sex, PC1-PC10, GRM (mixed model)"
"rs11852557",15,27469448,"N.acetylglycine",367.362766744206,112.067165874377,0.00131230598720581,"Sex, PC1-PC10, GRM (mixed model)"
"rs3099844",6,31556955,"Caffeine",225.627832849554,68.8824029489301,0.00132318330051968,"Sex, PC1-PC10, GRM (mixed model)"
"rs10882744",10,97961048,"N.acetylglycine",205.805864083858,62.8719748232953,0.00133252905311932,"Sex, PC1-PC10, GRM (mixed model)"
"rs1472607",5,123314085,"N.acetylglycine",251.391429266379,76.8407541587007,0.00134053689855102,"Sex, PC1-PC10, GRM (mixed model)"
"rs883326",11,110765412,"N.acetylglycine",168.650429388483,51.6226806445352,0.00136098432188805,"Sex, PC1-PC10, GRM (mixed model)"
"rs3775977",4,175666383,"Caffeine",114.829522354863,35.1505367403363,0.00136183532628161,"Sex, PC1-PC10, GRM (mixed model)"
"rs10790431",11,120660280,"Caffeine",205.809340423884,63.0142757818505,0.0013650503333595,"Sex, PC1-PC10, GRM (mixed model)"
"rs907946",17,6261243,"Caffeine",112.97770966669,34.6249490207007,0.00137935569375711,"Sex, PC1-PC10, GRM (mixed model)"
"rs12637343",3,15364820,"Caffeine",180.211806931186,55.2521404035282,0.00138512951420658,"Sex, PC1-PC10, GRM (mixed model)"
"rs6741857",2,105566366,"N.acetylglycine",272.966564933306,83.7576136473332,0.00139708154165712,"Sex, PC1-PC10, GRM (mixed model)"
"rs1347638",15,32729249,"N.acetylglycine",170.619664706984,52.3552899265988,0.0013976537335405,"Sex, PC1-PC10, GRM (mixed model)"
"rs1324038",13,36777168,"N.acetylglycine",-166.88354366631,51.212329024704,0.00139866937826213,"Sex, PC1-PC10, GRM (mixed model)"
"rs4785771",16,87814584,"Caffeine",121.902230400932,37.4207788990638,0.00140349847620331,"Sex, PC1-PC10, GRM (mixed model)"
"rs934383",2,122766309,"Caffeine",211.017382890289,64.8600762773719,0.00142286487133555,"Sex, PC1-PC10, GRM (mixed model)"
"rs10998882",10,71056477,"N.acetylglycine",213.700811371504,65.7173637556729,0.00143037651644156,"Sex, PC1-PC10, GRM (mixed model)"
"rs1472095",4,23427175,"N.acetylglycine",187.267749027583,57.6010545939039,0.00143365690573937,"Sex, PC1-PC10, GRM (mixed model)"
"rs4510175",2,29956086,"Caffeine",185.183549146942,56.9969029993938,0.00144356995276966,"Sex, PC1-PC10, GRM (mixed model)"
"rs1467242",9,110953275,"Caffeine",180.811388221069,55.665282700016,0.00144745274496919,"Sex, PC1-PC10, GRM (mixed model)"
"rs9842824",3,156610,"Caffeine",130.284912358161,40.11770753426,0.00145040628431732,"Sex, PC1-PC10, GRM (mixed model)"
"rs16843897",2,159898001,"Caffeine",-231.179654560283,71.1981135264444,0.00145313568897338,"Sex, PC1-PC10, GRM (mixed model)"
"rs3862358",11,87575838,"Caffeine",-120.200993132214,37.0480971748606,0.00146521923673676,"Sex, PC1-PC10, GRM (mixed model)"
"rs728634",11,27738783,"Caffeine",216.757614498609,66.8592601819135,0.00147704020996889,"Sex, PC1-PC10, GRM (mixed model)"
"rs11063679",12,5422387,"Caffeine",252.393235974735,77.8669690145078,0.00148022492068634,"Sex, PC1-PC10, GRM (mixed model)"
"rs2326366",6,3923256,"Caffeine",-107.504277681812,33.2653081326063,0.00152738993849784,"Sex, PC1-PC10, GRM (mixed model)"
